-- Seed podaci za bazu: ekonomija_eksperimenti
-- Tema: Ekonomija - eksperimentalne igre i simulacije tržišta
-- Pokreni ovaj fajl nakon fajla za kreiranje baze.
-- Fajl namerno koristi eksplicitne ID-jeve da bi veze bile stabilne.
-- Generisano: 2026-05-13

SET NAMES utf8mb4;
USE ekonomija_eksperimenti;

SET FOREIGN_KEY_CHECKS = 0;
DELETE FROM Sesija_Alat;
DELETE FROM Sesija_Resurs;
DELETE FROM Sesija;
DELETE FROM Izvodjenje_Izvodjac;
DELETE FROM Izvodjenje;
DELETE FROM Eksperiment_Alat;
DELETE FROM Resurs_Eksperiment;
DELETE FROM Dizajner_Eksperiment;
DELETE FROM Alat;
DELETE FROM Tip_Alata;
DELETE FROM Resurs_Laboratorija;
DELETE FROM Resurs;
DELETE FROM Jedinica_Mere;
DELETE FROM Istrazivac_Laboratorija;
DELETE FROM Laboratorija;
DELETE FROM Izvodjac;
DELETE FROM Dizajner;
DELETE FROM Strucna_Oblast;
DELETE FROM Istrazivac;
DELETE FROM Teorija;
DELETE FROM Oblast_Teorije;
DELETE FROM Eksperiment;
DELETE FROM Valuta;

ALTER TABLE Valuta AUTO_INCREMENT = 1;
ALTER TABLE Eksperiment AUTO_INCREMENT = 1;
ALTER TABLE Oblast_Teorije AUTO_INCREMENT = 1;
ALTER TABLE Teorija AUTO_INCREMENT = 1;
ALTER TABLE Istrazivac AUTO_INCREMENT = 1;
ALTER TABLE Strucna_Oblast AUTO_INCREMENT = 1;
ALTER TABLE Laboratorija AUTO_INCREMENT = 1;
ALTER TABLE Jedinica_Mere AUTO_INCREMENT = 1;
ALTER TABLE Resurs AUTO_INCREMENT = 1;
ALTER TABLE Tip_Alata AUTO_INCREMENT = 1;
ALTER TABLE Alat AUTO_INCREMENT = 1;
ALTER TABLE Izvodjenje AUTO_INCREMENT = 1;
ALTER TABLE Sesija AUTO_INCREMENT = 1;
SET FOREIGN_KEY_CHECKS = 1;

-- Broj redova po tabelama:
-- Valuta: 10
-- Oblast_Teorije: 10
-- Teorija: 120
-- Istrazivac: 180
-- Strucna_Oblast: 10
-- Dizajner: 120
-- Izvodjac: 130
-- Dizajner_Eksperiment: 330
-- Laboratorija: 100
-- Istrazivac_Laboratorija: 260
-- Jedinica_Mere: 10
-- Resurs: 220
-- Resurs_Laboratorija: 400
-- Resurs_Eksperiment: 400
-- Tip_Alata: 10
-- Alat: 260
-- Eksperiment: 150
-- Eksperiment_Alat: 360
-- Izvodjenje: 180
-- Izvodjenje_Izvodjac: 400
-- Sesija: 430
-- Sesija_Resurs: 500
-- Sesija_Alat: 500
-- Ukupno redova: 5090


INSERT INTO Valuta (valuta_id, oznaka, naziv) VALUES
(1, 'RSD', 'Srpski dinar'),
(2, 'EUR', 'Evro'),
(3, 'USD', 'Američki dolar'),
(4, 'GBP', 'Britanska funta'),
(5, 'CHF', 'Švajcarski franak'),
(6, 'JPY', 'Japanski jen'),
(7, 'NOK', 'Norveška kruna'),
(8, 'SEK', 'Švedska kruna'),
(9, 'PLN', 'Poljski zlot'),
(10, 'CZK', 'Češka kruna');

INSERT INTO Oblast_Teorije (oblast_teorije_id, naziv, opis) VALUES
(1, 'Teorija igara', 'Strateško odlučivanje učesnika u igrama sa više aktera.'),
(2, 'Bihejvioralna ekonomija', 'Uticaj pristrasnosti, normi i emocija na ekonomske odluke.'),
(3, 'Mikroekonomija', 'Analiza ponašanja potrošača, firmi i formiranja cena.'),
(4, 'Teorija aukcija', 'Mehanizmi licitiranja, rezervne cene i raspodela dobara.'),
(5, 'Teorija tržišne ravnoteže', 'Ponuda, tražnja i stabilnost cena u simuliranim tržištima.'),
(6, 'Odlučivanje pod rizikom', 'Izbori učesnika kada su ishodi neizvesni ili verovatnosni.'),
(7, 'Eksperimentalna ekonomija', 'Laboratorijsko testiranje ekonomskih modela i ponašanja.'),
(8, 'Industrijska organizacija', 'Konkurencija firmi, tržišna moć i strategije ulaska.'),
(9, 'Ekonomija informacija', 'Asimetrične informacije, signaliziranje i reputacija.'),
(10, 'Finansijska ekonomija', 'Tržišta kapitala, portfoliji, likvidnost i špekulativno ponašanje.');

INSERT INTO Teorija (teorija_id, oblast_teorije_id, naziv, identifikacioni_podaci, opis) VALUES
(1, 1, 'Nashova ravnoteža', 'OT-01-001', 'Teorijski okvir za eksperimentalno testiranje teme: nashova ravnoteža.'),
(2, 1, 'Igra javnog dobra', 'OT-01-002', 'Teorijski okvir za eksperimentalno testiranje teme: igra javnog dobra.'),
(3, 1, 'Zatvorenikova dilema', 'OT-01-003', 'Teorijski okvir za eksperimentalno testiranje teme: zatvorenikova dilema.'),
(4, 1, 'Sekvencijalna igra poverenja', 'OT-01-004', 'Teorijski okvir za eksperimentalno testiranje teme: sekvencijalna igra poverenja.'),
(5, 1, 'Kooperativna igra raspodele', 'OT-01-005', 'Teorijski okvir za eksperimentalno testiranje teme: kooperativna igra raspodele.'),
(6, 1, 'Igra koordinacije', 'OT-01-006', 'Teorijski okvir za eksperimentalno testiranje teme: igra koordinacije.'),
(7, 1, 'Stackelbergovo vođstvo', 'OT-01-007', 'Teorijski okvir za eksperimentalno testiranje teme: stackelbergovo vođstvo.'),
(8, 1, 'Bertrandova konkurencija', 'OT-01-008', 'Teorijski okvir za eksperimentalno testiranje teme: bertrandova konkurencija.'),
(9, 1, 'Cournotova konkurencija', 'OT-01-009', 'Teorijski okvir za eksperimentalno testiranje teme: cournotova konkurencija.'),
(10, 1, 'Mešovite strategije', 'OT-01-010', 'Teorijski okvir za eksperimentalno testiranje teme: mešovite strategije.'),
(11, 1, 'Repeated game reputacija', 'OT-01-011', 'Teorijski okvir za eksperimentalno testiranje teme: repeated game reputacija.'),
(12, 1, 'Ultimatum igra', 'OT-01-012', 'Teorijski okvir za eksperimentalno testiranje teme: ultimatum igra.'),
(13, 2, 'Averzija prema gubitku', 'OT-02-001', 'Teorijski okvir za eksperimentalno testiranje teme: averzija prema gubitku.'),
(14, 2, 'Efekat sidrenja', 'OT-02-002', 'Teorijski okvir za eksperimentalno testiranje teme: efekat sidrenja.'),
(15, 2, 'Društvene norme u razmeni', 'OT-02-003', 'Teorijski okvir za eksperimentalno testiranje teme: društvene norme u razmeni.'),
(16, 2, 'Mentalno računovodstvo', 'OT-02-004', 'Teorijski okvir za eksperimentalno testiranje teme: mentalno računovodstvo.'),
(17, 2, 'Reciprocitet u pregovaranju', 'OT-02-005', 'Teorijski okvir za eksperimentalno testiranje teme: reciprocitet u pregovaranju.'),
(18, 2, 'Preferencije za pravičnost', 'OT-02-006', 'Teorijski okvir za eksperimentalno testiranje teme: preferencije za pravičnost.'),
(19, 2, 'Status quo pristrasnost', 'OT-02-007', 'Teorijski okvir za eksperimentalno testiranje teme: status quo pristrasnost.'),
(20, 2, 'Efekat okvira odluke', 'OT-02-008', 'Teorijski okvir za eksperimentalno testiranje teme: efekat okvira odluke.'),
(21, 2, 'Preterano samopouzdanje', 'OT-02-009', 'Teorijski okvir za eksperimentalno testiranje teme: preterano samopouzdanje.'),
(22, 2, 'Diskontovanje budućih dobitaka', 'OT-02-010', 'Teorijski okvir za eksperimentalno testiranje teme: diskontovanje budućih dobitaka.'),
(23, 2, 'Heuristika dostupnosti', 'OT-02-011', 'Teorijski okvir za eksperimentalno testiranje teme: heuristika dostupnosti.'),
(24, 2, 'Ograničena racionalnost', 'OT-02-012', 'Teorijski okvir za eksperimentalno testiranje teme: ograničena racionalnost.'),
(25, 3, 'Elastičnost tražnje', 'OT-03-001', 'Teorijski okvir za eksperimentalno testiranje teme: elastičnost tražnje.'),
(26, 3, 'Formiranje granične cene', 'OT-03-002', 'Teorijski okvir za eksperimentalno testiranje teme: formiranje granične cene.'),
(27, 3, 'Potrošački višak', 'OT-03-003', 'Teorijski okvir za eksperimentalno testiranje teme: potrošački višak.'),
(28, 3, 'Proizvođački višak', 'OT-03-004', 'Teorijski okvir za eksperimentalno testiranje teme: proizvođački višak.'),
(29, 3, 'Racionisanje ograničene ponude', 'OT-03-005', 'Teorijski okvir za eksperimentalno testiranje teme: racionisanje ograničene ponude.'),
(30, 3, 'Monopolsko određivanje cena', 'OT-03-006', 'Teorijski okvir za eksperimentalno testiranje teme: monopolsko određivanje cena.'),
(31, 3, 'Diferencijacija proizvoda', 'OT-03-007', 'Teorijski okvir za eksperimentalno testiranje teme: diferencijacija proizvoda.'),
(32, 3, 'Dvostruka marginalizacija', 'OT-03-008', 'Teorijski okvir za eksperimentalno testiranje teme: dvostruka marginalizacija.'),
(33, 3, 'Substitucija robe', 'OT-03-009', 'Teorijski okvir za eksperimentalno testiranje teme: substitucija robe.'),
(34, 3, 'Tretman cenovnih plafona', 'OT-03-010', 'Teorijski okvir za eksperimentalno testiranje teme: tretman cenovnih plafona.'),
(35, 3, 'Uloga transakcionih troškova', 'OT-03-011', 'Teorijski okvir za eksperimentalno testiranje teme: uloga transakcionih troškova.'),
(36, 3, 'Ponašanje malih firmi', 'OT-03-012', 'Teorijski okvir za eksperimentalno testiranje teme: ponašanje malih firmi.'),
(37, 4, 'Vickrey aukcija', 'OT-04-001', 'Teorijski okvir za eksperimentalno testiranje teme: vickrey aukcija.'),
(38, 4, 'Engleska aukcija', 'OT-04-002', 'Teorijski okvir za eksperimentalno testiranje teme: engleska aukcija.'),
(39, 4, 'Holandska aukcija', 'OT-04-003', 'Teorijski okvir za eksperimentalno testiranje teme: holandska aukcija.'),
(40, 4, 'Aukcija prve cene', 'OT-04-004', 'Teorijski okvir za eksperimentalno testiranje teme: aukcija prve cene.'),
(41, 4, 'Aukcija druge cene', 'OT-04-005', 'Teorijski okvir za eksperimentalno testiranje teme: aukcija druge cene.'),
(42, 4, 'Aukcija zajedničke vrednosti', 'OT-04-006', 'Teorijski okvir za eksperimentalno testiranje teme: aukcija zajedničke vrednosti.'),
(43, 4, 'Pobednikovo prokletstvo', 'OT-04-007', 'Teorijski okvir za eksperimentalno testiranje teme: pobednikovo prokletstvo.'),
(44, 4, 'Rezervna cena', 'OT-04-008', 'Teorijski okvir za eksperimentalno testiranje teme: rezervna cena.'),
(45, 4, 'Diskriminatorna aukcija', 'OT-04-009', 'Teorijski okvir za eksperimentalno testiranje teme: diskriminatorna aukcija.'),
(46, 4, 'Uniformna aukcija', 'OT-04-010', 'Teorijski okvir za eksperimentalno testiranje teme: uniformna aukcija.'),
(47, 4, 'Aukcija paketa', 'OT-04-011', 'Teorijski okvir za eksperimentalno testiranje teme: aukcija paketa.'),
(48, 4, 'Dinamičko licitiranje', 'OT-04-012', 'Teorijski okvir za eksperimentalno testiranje teme: dinamičko licitiranje.'),
(49, 5, 'Walrasova ravnoteža', 'OT-05-001', 'Teorijski okvir za eksperimentalno testiranje teme: walrasova ravnoteža.'),
(50, 5, 'Tatonnement proces', 'OT-05-002', 'Teorijski okvir za eksperimentalno testiranje teme: tatonnement proces.'),
(51, 5, 'Ravnoteža ponude i tražnje', 'OT-05-003', 'Teorijski okvir za eksperimentalno testiranje teme: ravnoteža ponude i tražnje.'),
(52, 5, 'Stabilnost cena', 'OT-05-004', 'Teorijski okvir za eksperimentalno testiranje teme: stabilnost cena.'),
(53, 5, 'Višak tražnje', 'OT-05-005', 'Teorijski okvir za eksperimentalno testiranje teme: višak tražnje.'),
(54, 5, 'Višak ponude', 'OT-05-006', 'Teorijski okvir za eksperimentalno testiranje teme: višak ponude.'),
(55, 5, 'Dinamičko prilagođavanje cena', 'OT-05-007', 'Teorijski okvir za eksperimentalno testiranje teme: dinamičko prilagođavanje cena.'),
(56, 5, 'Ravnoteža sa šokom ponude', 'OT-05-008', 'Teorijski okvir za eksperimentalno testiranje teme: ravnoteža sa šokom ponude.'),
(57, 5, 'Ravnoteža sa ograničenjem kapaciteta', 'OT-05-009', 'Teorijski okvir za eksperimentalno testiranje teme: ravnoteža sa ograničenjem kapaciteta.'),
(58, 5, 'Ravnoteža sa asimetričnim informacijama', 'OT-05-010', 'Teorijski okvir za eksperimentalno testiranje teme: ravnoteža sa asimetričnim informacijama.'),
(59, 5, 'Ravnoteža nakon poreza', 'OT-05-011', 'Teorijski okvir za eksperimentalno testiranje teme: ravnoteža nakon poreza.'),
(60, 5, 'Ravnoteža dvostranog tržišta', 'OT-05-012', 'Teorijski okvir za eksperimentalno testiranje teme: ravnoteža dvostranog tržišta.'),
(61, 6, 'Prospect theory', 'OT-06-001', 'Teorijski okvir za eksperimentalno testiranje teme: prospect theory.'),
(62, 6, 'Očekivana korisnost', 'OT-06-002', 'Teorijski okvir za eksperimentalno testiranje teme: očekivana korisnost.'),
(63, 6, 'Averzija prema riziku', 'OT-06-003', 'Teorijski okvir za eksperimentalno testiranje teme: averzija prema riziku.'),
(64, 6, 'Izbor pod neizvesnošću', 'OT-06-004', 'Teorijski okvir za eksperimentalno testiranje teme: izbor pod neizvesnošću.'),
(65, 6, 'Lutrijski izbori', 'OT-06-005', 'Teorijski okvir za eksperimentalno testiranje teme: lutrijski izbori.'),
(66, 6, 'Sigurni ekvivalent', 'OT-06-006', 'Teorijski okvir za eksperimentalno testiranje teme: sigurni ekvivalent.'),
(67, 6, 'Rizik u investicionim odlukama', 'OT-06-007', 'Teorijski okvir za eksperimentalno testiranje teme: rizik u investicionim odlukama.'),
(68, 6, 'Preferencije prema volatilnosti', 'OT-06-008', 'Teorijski okvir za eksperimentalno testiranje teme: preferencije prema volatilnosti.'),
(69, 6, 'Ambiguitetna averzija', 'OT-06-009', 'Teorijski okvir za eksperimentalno testiranje teme: ambiguitetna averzija.'),
(70, 6, 'Portfolio izbor', 'OT-06-010', 'Teorijski okvir za eksperimentalno testiranje teme: portfolio izbor.'),
(71, 6, 'Osiguranje od gubitka', 'OT-06-011', 'Teorijski okvir za eksperimentalno testiranje teme: osiguranje od gubitka.'),
(72, 6, 'Rizično nadmetanje', 'OT-06-012', 'Teorijski okvir za eksperimentalno testiranje teme: rizično nadmetanje.'),
(73, 7, 'Kontrolisani laboratorijski tretman', 'OT-07-001', 'Teorijski okvir za eksperimentalno testiranje teme: kontrolisani laboratorijski tretman.'),
(74, 7, 'Between-subjects dizajn', 'OT-07-002', 'Teorijski okvir za eksperimentalno testiranje teme: between-subjects dizajn.'),
(75, 7, 'Within-subjects dizajn', 'OT-07-003', 'Teorijski okvir za eksperimentalno testiranje teme: within-subjects dizajn.'),
(76, 7, 'Incentivized decision task', 'OT-07-004', 'Teorijski okvir za eksperimentalno testiranje teme: incentivized decision task.'),
(77, 7, 'Pilot sesija tržišne igre', 'OT-07-005', 'Teorijski okvir za eksperimentalno testiranje teme: pilot sesija tržišne igre.'),
(78, 7, 'Instrukcije neutralnim jezikom', 'OT-07-006', 'Teorijski okvir za eksperimentalno testiranje teme: instrukcije neutralnim jezikom.'),
(79, 7, 'Kontrola redosleda rundi', 'OT-07-007', 'Teorijski okvir za eksperimentalno testiranje teme: kontrola redosleda rundi.'),
(80, 7, 'Regrutacija učesnika', 'OT-07-008', 'Teorijski okvir za eksperimentalno testiranje teme: regrutacija učesnika.'),
(81, 7, 'Randomizovani tretman', 'OT-07-009', 'Teorijski okvir za eksperimentalno testiranje teme: randomizovani tretman.'),
(82, 7, 'Validacija eksperimentalnog protokola', 'OT-07-010', 'Teorijski okvir za eksperimentalno testiranje teme: validacija eksperimentalnog protokola.'),
(83, 7, 'Merenje vremena odluke', 'OT-07-011', 'Teorijski okvir za eksperimentalno testiranje teme: merenje vremena odluke.'),
(84, 7, 'Kalibracija bonusa', 'OT-07-012', 'Teorijski okvir za eksperimentalno testiranje teme: kalibracija bonusa.'),
(85, 8, 'Barijere ulaska', 'OT-08-001', 'Teorijski okvir za eksperimentalno testiranje teme: barijere ulaska.'),
(86, 8, 'Oligopolska strategija', 'OT-08-002', 'Teorijski okvir za eksperimentalno testiranje teme: oligopolska strategija.'),
(87, 8, 'Kartelska koordinacija', 'OT-08-003', 'Teorijski okvir za eksperimentalno testiranje teme: kartelska koordinacija.'),
(88, 8, 'Cenovni rat', 'OT-08-004', 'Teorijski okvir za eksperimentalno testiranje teme: cenovni rat.'),
(89, 8, 'Diferencijacija firmi', 'OT-08-005', 'Teorijski okvir za eksperimentalno testiranje teme: diferencijacija firmi.'),
(90, 8, 'Tržišna moć platformi', 'OT-08-006', 'Teorijski okvir za eksperimentalno testiranje teme: tržišna moć platformi.'),
(91, 8, 'Vertikalna integracija', 'OT-08-007', 'Teorijski okvir za eksperimentalno testiranje teme: vertikalna integracija.'),
(92, 8, 'Strategija predatora', 'OT-08-008', 'Teorijski okvir za eksperimentalno testiranje teme: strategija predatora.'),
(93, 8, 'Simulacija duopola', 'OT-08-009', 'Teorijski okvir za eksperimentalno testiranje teme: simulacija duopola.'),
(94, 8, 'Konkurencija kapacitetima', 'OT-08-010', 'Teorijski okvir za eksperimentalno testiranje teme: konkurencija kapacitetima.'),
(95, 8, 'Lojalnost kupaca', 'OT-08-011', 'Teorijski okvir za eksperimentalno testiranje teme: lojalnost kupaca.'),
(96, 8, 'Strategijsko oglašavanje', 'OT-08-012', 'Teorijski okvir za eksperimentalno testiranje teme: strategijsko oglašavanje.'),
(97, 9, 'Signaliziranje kvaliteta', 'OT-09-001', 'Teorijski okvir za eksperimentalno testiranje teme: signaliziranje kvaliteta.'),
(98, 9, 'Skrivena akcija', 'OT-09-002', 'Teorijski okvir za eksperimentalno testiranje teme: skrivena akcija.'),
(99, 9, 'Skrivena informacija', 'OT-09-003', 'Teorijski okvir za eksperimentalno testiranje teme: skrivena informacija.'),
(100, 9, 'Reputacioni skor', 'OT-09-004', 'Teorijski okvir za eksperimentalno testiranje teme: reputacioni skor.'),
(101, 9, 'Moralni hazard', 'OT-09-005', 'Teorijski okvir za eksperimentalno testiranje teme: moralni hazard.'),
(102, 9, 'Adverse selection', 'OT-09-006', 'Teorijski okvir za eksperimentalno testiranje teme: adverse selection.'),
(103, 9, 'Informaciona kaskada', 'OT-09-007', 'Teorijski okvir za eksperimentalno testiranje teme: informaciona kaskada.'),
(104, 9, 'Certifikacija prodavca', 'OT-09-008', 'Teorijski okvir za eksperimentalno testiranje teme: certifikacija prodavca.'),
(105, 9, 'Poverenje u nepoznatog partnera', 'OT-09-009', 'Teorijski okvir za eksperimentalno testiranje teme: poverenje u nepoznatog partnera.'),
(106, 9, 'Verodostojnost poruke', 'OT-09-010', 'Teorijski okvir za eksperimentalno testiranje teme: verodostojnost poruke.'),
(107, 9, 'Trošak signala', 'OT-09-011', 'Teorijski okvir za eksperimentalno testiranje teme: trošak signala.'),
(108, 9, 'Tržište polovnih dobara', 'OT-09-012', 'Teorijski okvir za eksperimentalno testiranje teme: tržište polovnih dobara.'),
(109, 10, 'Market making', 'OT-10-001', 'Teorijski okvir za eksperimentalno testiranje teme: market making.'),
(110, 10, 'Likvidnost portfolija', 'OT-10-002', 'Teorijski okvir za eksperimentalno testiranje teme: likvidnost portfolija.'),
(111, 10, 'Eksperimentalna berza', 'OT-10-003', 'Teorijski okvir za eksperimentalno testiranje teme: eksperimentalna berza.'),
(112, 10, 'Balon cena imovine', 'OT-10-004', 'Teorijski okvir za eksperimentalno testiranje teme: balon cena imovine.'),
(113, 10, 'Fundamentalna vrednost', 'OT-10-005', 'Teorijski okvir za eksperimentalno testiranje teme: fundamentalna vrednost.'),
(114, 10, 'Informisani trgovci', 'OT-10-006', 'Teorijski okvir za eksperimentalno testiranje teme: informisani trgovci.'),
(115, 10, 'Kratka prodaja', 'OT-10-007', 'Teorijski okvir za eksperimentalno testiranje teme: kratka prodaja.'),
(116, 10, 'Stop-loss ponašanje', 'OT-10-008', 'Teorijski okvir za eksperimentalno testiranje teme: stop-loss ponašanje.'),
(117, 10, 'Volatilnost pod pritiskom', 'OT-10-009', 'Teorijski okvir za eksperimentalno testiranje teme: volatilnost pod pritiskom.'),
(118, 10, 'Diversifikacija portfolija', 'OT-10-010', 'Teorijski okvir za eksperimentalno testiranje teme: diversifikacija portfolija.'),
(119, 10, 'Order book dinamika', 'OT-10-011', 'Teorijski okvir za eksperimentalno testiranje teme: order book dinamika.'),
(120, 10, 'Špekulativna kupovina', 'OT-10-012', 'Teorijski okvir za eksperimentalno testiranje teme: špekulativna kupovina.');

INSERT INTO Istrazivac (istrazivac_id, ime, prezime, kvalifikacije, sposobnosti) VALUES
(1, 'Jovan', 'Popović', 'master statistike, ekonometrija i analiza podataka', 'tržišne simulacije, kontrola rundi, procena likvidnosti'),
(2, 'Ognjen', 'Radovanović', 'master finansija, eksperimentalna tržišta kapitala', 'aukcijski mehanizmi, randomizacija grupa, monitoring sesija'),
(3, 'Ivan', 'Vučković', 'master menadžmenta, laboratorijska koordinacija', 'tržišne simulacije, kontrola rundi, procena likvidnosti'),
(4, 'Strahinja', 'Stojanović', 'doktorand ekonomije, bihejvioralni eksperimenti', 'aukcijski mehanizmi, randomizacija grupa, monitoring sesija'),
(5, 'Teodora', 'Vasić', 'doktor organizacionih nauka, simulacije tržišta', 'tržišne simulacije, kontrola rundi, procena likvidnosti'),
(6, 'Sofija', 'Stanković', 'doktorand računarstva, agentne simulacije', 'aukcijski mehanizmi, randomizacija grupa, monitoring sesija'),
(7, 'Iva', 'Milutinović', 'master ekonomije, tržišni dizajn i aukcije', 'tržišne simulacije, kontrola rundi, procena likvidnosti'),
(8, 'Mia', 'Savić', 'diplomirani ekonomista, mikroekonomsko modelovanje', 'aukcijski mehanizmi, randomizacija grupa, monitoring sesija'),
(9, 'Stefan', 'Radovanović', 'master psihologije, donošenje odluka pod rizikom', 'tržišne simulacije, kontrola rundi, procena likvidnosti'),
(10, 'Petar', 'Blagojević', 'doktor ekonomskih nauka, eksperimentalna ekonomija', 'aukcijski mehanizmi, randomizacija grupa, monitoring sesija'),
(11, 'Boris', 'Đorđević', 'master statistike, ekonometrija i analiza podataka', 'tržišne simulacije, kontrola rundi, procena likvidnosti'),
(12, 'Relja', 'Vasić', 'master finansija, eksperimentalna tržišta kapitala', 'aukcijski mehanizmi, randomizacija grupa, monitoring sesija'),
(13, 'Milica', 'Gajić', 'master menadžmenta, laboratorijska koordinacija', 'tržišne simulacije, kontrola rundi, procena likvidnosti'),
(14, 'Isidora', 'Maksimović', 'doktorand ekonomije, bihejvioralni eksperimenti', 'aukcijski mehanizmi, randomizacija grupa, monitoring sesija'),
(15, 'Nevena', 'Savić', 'doktor organizacionih nauka, simulacije tržišta', 'tržišne simulacije, kontrola rundi, procena likvidnosti'),
(16, 'Tijana', 'Milić', 'doktorand računarstva, agentne simulacije', 'aukcijski mehanizmi, randomizacija grupa, monitoring sesija'),
(17, 'Neda', 'Janković', 'master ekonomije, tržišni dizajn i aukcije', 'tržišne simulacije, kontrola rundi, procena likvidnosti'),
(18, 'Vladimir', 'Đorđević', 'diplomirani ekonomista, mikroekonomsko modelovanje', 'aukcijski mehanizmi, randomizacija grupa, monitoring sesija'),
(19, 'Vuk', 'Todorović', 'master psihologije, donošenje odluka pod rizikom', 'tržišne simulacije, kontrola rundi, procena likvidnosti'),
(20, 'Miloš', 'Matić', 'doktor ekonomskih nauka, eksperimentalna ekonomija', 'aukcijski mehanizmi, randomizacija grupa, monitoring sesija'),
(21, 'David', 'Maksimović', 'master statistike, ekonometrija i analiza podataka', 'tržišne simulacije, kontrola rundi, procena likvidnosti'),
(22, 'Sara', 'Lukić', 'master finansija, eksperimentalna tržišta kapitala', 'aukcijski mehanizmi, randomizacija grupa, monitoring sesija'),
(23, 'Dunja', 'Đukić', 'master menadžmenta, laboratorijska koordinacija', 'tržišne simulacije, kontrola rundi, procena likvidnosti'),
(24, 'Jovana', 'Janković', 'doktorand ekonomije, bihejvioralni eksperimenti', 'aukcijski mehanizmi, randomizacija grupa, monitoring sesija'),
(25, 'Valentina', 'Marković', 'doktor organizacionih nauka, simulacije tržišta', 'tržišne simulacije, kontrola rundi, procena likvidnosti'),
(26, 'Marko', 'Ristić', 'doktorand računarstva, agentne simulacije', 'aukcijski mehanizmi, randomizacija grupa, monitoring sesija'),
(27, 'Andrej', 'Matić', 'master ekonomije, tržišni dizajn i aukcije', 'tržišne simulacije, kontrola rundi, procena likvidnosti'),
(28, 'Dimitrije', 'Bogdanović', 'diplomirani ekonomista, mikroekonomsko modelovanje', 'aukcijski mehanizmi, randomizacija grupa, monitoring sesija'),
(29, 'Vasilije', 'Milošević', 'master psihologije, donošenje odluka pod rizikom', 'tržišne simulacije, kontrola rundi, procena likvidnosti'),
(30, 'Ana', 'Đukić', 'doktor ekonomskih nauka, eksperimentalna ekonomija', 'aukcijski mehanizmi, randomizacija grupa, monitoring sesija'),
(31, 'Tamara', 'Cvetković', 'master statistike, ekonometrija i analiza podataka', 'tržišne simulacije, kontrola rundi, procena likvidnosti'),
(32, 'Anđela', 'Nikolić', 'master finansija, eksperimentalna tržišta kapitala', 'aukcijski mehanizmi, randomizacija grupa, monitoring sesija'),
(33, 'Kristina', 'Ristić', 'master menadžmenta, laboratorijska koordinacija', 'tržišne simulacije, kontrola rundi, procena likvidnosti'),
(34, 'Hana', 'Obradović', 'doktorand ekonomije, bihejvioralni eksperimenti', 'aukcijski mehanizmi, randomizacija grupa, monitoring sesija'),
(35, 'Luka', 'Marinković', 'doktor organizacionih nauka, simulacije tržišta', 'tržišne simulacije, kontrola rundi, procena likvidnosti'),
(36, 'Uroš', 'Milošević', 'doktorand računarstva, agentne simulacije', 'aukcijski mehanizmi, randomizacija grupa, monitoring sesija'),
(37, 'Pavle', 'Kovačević', 'master ekonomije, tržišni dizajn i aukcije', 'tržišne simulacije, kontrola rundi, procena likvidnosti'),
(38, 'Viktor', 'Simić', 'diplomirani ekonomista, mikroekonomsko modelovanje', 'aukcijski mehanizmi, randomizacija grupa, monitoring sesija'),
(39, 'Marija', 'Nikolić', 'master psihologije, donošenje odluka pod rizikom', 'tržišne simulacije, kontrola rundi, procena likvidnosti'),
(40, 'Ivana', 'Mladenović', 'doktor ekonomskih nauka, eksperimentalna ekonomija', 'aukcijski mehanizmi, randomizacija grupa, monitoring sesija'),
(41, 'Nina', 'Krstić', 'master statistike, ekonometrija i analiza podataka', 'tržišne simulacije, kontrola rundi, procena likvidnosti'),
(42, 'Una', 'Marinković', 'master finansija, eksperimentalna tržišta kapitala', 'aukcijski mehanizmi, randomizacija grupa, monitoring sesija'),
(43, 'Nikola', 'Pavlović', 'master menadžmenta, laboratorijska koordinacija', 'tržišne simulacije, kontrola rundi, procena likvidnosti'),
(44, 'Filip', 'Živković', 'doktorand ekonomije, bihejvioralni eksperimenti', 'aukcijski mehanizmi, randomizacija grupa, monitoring sesija'),
(45, 'Matija', 'Simić', 'doktor organizacionih nauka, simulacije tržišta', 'tržišne simulacije, kontrola rundi, procena likvidnosti'),
(46, 'Đorđe', 'Petrović', 'doktorand računarstva, agentne simulacije', 'aukcijski mehanizmi, randomizacija grupa, monitoring sesija'),
(47, 'Veljko', 'Kostić', 'master ekonomije, tržišni dizajn i aukcije', 'tržišne simulacije, kontrola rundi, procena likvidnosti'),
(48, 'Katarina', 'Krstić', 'diplomirani ekonomista, mikroekonomsko modelovanje', 'aukcijski mehanizmi, randomizacija grupa, monitoring sesija'),
(49, 'Mina', 'Radulović', 'master psihologije, donošenje odluka pod rizikom', 'tržišne simulacije, kontrola rundi, procena likvidnosti'),
(50, 'Maša', 'Ilić', 'doktor ekonomskih nauka, eksperimentalna ekonomija', 'aukcijski mehanizmi, randomizacija grupa, monitoring sesija'),
(51, 'Petra', 'Živković', 'master statistike, ekonometrija i analiza podataka', 'tržišne simulacije, kontrola rundi, procena likvidnosti'),
(52, 'Aleksa', 'Babić', 'master finansija, eksperimentalna tržišta kapitala', 'aukcijski mehanizmi, randomizacija grupa, monitoring sesija'),
(53, 'Nemanja', 'Jovanović', 'master menadžmenta, laboratorijska koordinacija', 'tržišne simulacije, kontrola rundi, procena likvidnosti'),
(54, 'Dušan', 'Kostić', 'doktorand ekonomije, bihejvioralni eksperimenti', 'aukcijski mehanizmi, randomizacija grupa, monitoring sesija'),
(55, 'Bogdan', 'Mitrović', 'doktor organizacionih nauka, simulacije tržišta', 'tržišne simulacije, kontrola rundi, procena likvidnosti'),
(56, 'Jelena', 'Vučković', 'doktorand računarstva, agentne simulacije', 'aukcijski mehanizmi, randomizacija grupa, monitoring sesija'),
(57, 'Natalija', 'Ilić', 'master ekonomije, tržišni dizajn i aukcije', 'tržišne simulacije, kontrola rundi, procena likvidnosti'),
(58, 'Lena', 'Stevanović', 'diplomirani ekonomista, mikroekonomsko modelovanje', 'aukcijski mehanizmi, randomizacija grupa, monitoring sesija'),
(59, 'Lara', 'Stanković', 'master psihologije, donošenje odluka pod rizikom', 'tržišne simulacije, kontrola rundi, procena likvidnosti'),
(60, 'Milan', 'Jovanović', 'doktor ekonomskih nauka, eksperimentalna ekonomija', 'aukcijski mehanizmi, randomizacija grupa, monitoring sesija'),
(61, 'Jovan', 'Popović', 'master statistike, ekonometrija i analiza podataka', 'tržišne simulacije, kontrola rundi, procena likvidnosti'),
(62, 'Ognjen', 'Radovanović', 'master finansija, eksperimentalna tržišta kapitala', 'aukcijski mehanizmi, randomizacija grupa, monitoring sesija'),
(63, 'Ivan', 'Vučković', 'master menadžmenta, laboratorijska koordinacija', 'tržišne simulacije, kontrola rundi, procena likvidnosti'),
(64, 'Strahinja', 'Stojanović', 'doktorand ekonomije, bihejvioralni eksperimenti', 'aukcijski mehanizmi, randomizacija grupa, monitoring sesija'),
(65, 'Teodora', 'Vasić', 'doktor organizacionih nauka, simulacije tržišta', 'tržišne simulacije, kontrola rundi, procena likvidnosti'),
(66, 'Sofija', 'Stanković', 'doktorand računarstva, agentne simulacije', 'aukcijski mehanizmi, randomizacija grupa, monitoring sesija'),
(67, 'Iva', 'Milutinović', 'master ekonomije, tržišni dizajn i aukcije', 'tržišne simulacije, kontrola rundi, procena likvidnosti'),
(68, 'Mia', 'Savić', 'diplomirani ekonomista, mikroekonomsko modelovanje', 'aukcijski mehanizmi, randomizacija grupa, monitoring sesija'),
(69, 'Stefan', 'Radovanović', 'master psihologije, donošenje odluka pod rizikom', 'tržišne simulacije, kontrola rundi, procena likvidnosti'),
(70, 'Petar', 'Blagojević', 'doktor ekonomskih nauka, eksperimentalna ekonomija', 'aukcijski mehanizmi, randomizacija grupa, monitoring sesija'),
(71, 'Boris', 'Đorđević', 'master statistike, ekonometrija i analiza podataka', 'tržišne simulacije, kontrola rundi, procena likvidnosti'),
(72, 'Relja', 'Vasić', 'master finansija, eksperimentalna tržišta kapitala', 'aukcijski mehanizmi, randomizacija grupa, monitoring sesija'),
(73, 'Milica', 'Gajić', 'master menadžmenta, laboratorijska koordinacija', 'tržišne simulacije, kontrola rundi, procena likvidnosti'),
(74, 'Isidora', 'Maksimović', 'doktorand ekonomije, bihejvioralni eksperimenti', 'aukcijski mehanizmi, randomizacija grupa, monitoring sesija'),
(75, 'Nevena', 'Savić', 'doktor organizacionih nauka, simulacije tržišta', 'tržišne simulacije, kontrola rundi, procena likvidnosti'),
(76, 'Tijana', 'Milić', 'doktorand računarstva, agentne simulacije', 'aukcijski mehanizmi, randomizacija grupa, monitoring sesija'),
(77, 'Neda', 'Janković', 'master ekonomije, tržišni dizajn i aukcije', 'tržišne simulacije, kontrola rundi, procena likvidnosti'),
(78, 'Vladimir', 'Đorđević', 'diplomirani ekonomista, mikroekonomsko modelovanje', 'aukcijski mehanizmi, randomizacija grupa, monitoring sesija'),
(79, 'Vuk', 'Todorović', 'master psihologije, donošenje odluka pod rizikom', 'tržišne simulacije, kontrola rundi, procena likvidnosti'),
(80, 'Miloš', 'Matić', 'doktor ekonomskih nauka, eksperimentalna ekonomija', 'aukcijski mehanizmi, randomizacija grupa, monitoring sesija'),
(81, 'David', 'Maksimović', 'master statistike, ekonometrija i analiza podataka', 'tržišne simulacije, kontrola rundi, procena likvidnosti'),
(82, 'Sara', 'Lukić', 'master finansija, eksperimentalna tržišta kapitala', 'aukcijski mehanizmi, randomizacija grupa, monitoring sesija'),
(83, 'Dunja', 'Đukić', 'master menadžmenta, laboratorijska koordinacija', 'tržišne simulacije, kontrola rundi, procena likvidnosti'),
(84, 'Jovana', 'Janković', 'doktorand ekonomije, bihejvioralni eksperimenti', 'aukcijski mehanizmi, randomizacija grupa, monitoring sesija'),
(85, 'Valentina', 'Marković', 'doktor organizacionih nauka, simulacije tržišta', 'tržišne simulacije, kontrola rundi, procena likvidnosti'),
(86, 'Marko', 'Ristić', 'doktorand računarstva, agentne simulacije', 'aukcijski mehanizmi, randomizacija grupa, monitoring sesija'),
(87, 'Andrej', 'Matić', 'master ekonomije, tržišni dizajn i aukcije', 'tržišne simulacije, kontrola rundi, procena likvidnosti'),
(88, 'Dimitrije', 'Bogdanović', 'diplomirani ekonomista, mikroekonomsko modelovanje', 'aukcijski mehanizmi, randomizacija grupa, monitoring sesija'),
(89, 'Vasilije', 'Milošević', 'master psihologije, donošenje odluka pod rizikom', 'tržišne simulacije, kontrola rundi, procena likvidnosti'),
(90, 'Ana', 'Đukić', 'doktor ekonomskih nauka, eksperimentalna ekonomija', 'aukcijski mehanizmi, randomizacija grupa, monitoring sesija'),
(91, 'Tamara', 'Cvetković', 'master statistike, ekonometrija i analiza podataka', 'tržišne simulacije, kontrola rundi, procena likvidnosti'),
(92, 'Anđela', 'Nikolić', 'master finansija, eksperimentalna tržišta kapitala', 'aukcijski mehanizmi, randomizacija grupa, monitoring sesija'),
(93, 'Kristina', 'Ristić', 'master menadžmenta, laboratorijska koordinacija', 'tržišne simulacije, kontrola rundi, procena likvidnosti'),
(94, 'Hana', 'Obradović', 'doktorand ekonomije, bihejvioralni eksperimenti', 'aukcijski mehanizmi, randomizacija grupa, monitoring sesija'),
(95, 'Luka', 'Marinković', 'doktor organizacionih nauka, simulacije tržišta', 'tržišne simulacije, kontrola rundi, procena likvidnosti'),
(96, 'Uroš', 'Milošević', 'doktorand računarstva, agentne simulacije', 'aukcijski mehanizmi, randomizacija grupa, monitoring sesija'),
(97, 'Pavle', 'Kovačević', 'master ekonomije, tržišni dizajn i aukcije', 'tržišne simulacije, kontrola rundi, procena likvidnosti'),
(98, 'Viktor', 'Simić', 'diplomirani ekonomista, mikroekonomsko modelovanje', 'aukcijski mehanizmi, randomizacija grupa, monitoring sesija'),
(99, 'Marija', 'Nikolić', 'master psihologije, donošenje odluka pod rizikom', 'tržišne simulacije, kontrola rundi, procena likvidnosti'),
(100, 'Ivana', 'Mladenović', 'doktor ekonomskih nauka, eksperimentalna ekonomija', 'aukcijski mehanizmi, randomizacija grupa, monitoring sesija'),
(101, 'Nina', 'Krstić', 'master statistike, ekonometrija i analiza podataka', 'tržišne simulacije, kontrola rundi, procena likvidnosti'),
(102, 'Una', 'Marinković', 'master finansija, eksperimentalna tržišta kapitala', 'aukcijski mehanizmi, randomizacija grupa, monitoring sesija'),
(103, 'Nikola', 'Pavlović', 'master menadžmenta, laboratorijska koordinacija', 'tržišne simulacije, kontrola rundi, procena likvidnosti'),
(104, 'Filip', 'Živković', 'doktorand ekonomije, bihejvioralni eksperimenti', 'aukcijski mehanizmi, randomizacija grupa, monitoring sesija'),
(105, 'Matija', 'Simić', 'doktor organizacionih nauka, simulacije tržišta', 'tržišne simulacije, kontrola rundi, procena likvidnosti'),
(106, 'Đorđe', 'Petrović', 'doktorand računarstva, agentne simulacije', 'aukcijski mehanizmi, randomizacija grupa, monitoring sesija'),
(107, 'Veljko', 'Kostić', 'master ekonomije, tržišni dizajn i aukcije', 'tržišne simulacije, kontrola rundi, procena likvidnosti'),
(108, 'Katarina', 'Krstić', 'diplomirani ekonomista, mikroekonomsko modelovanje', 'aukcijski mehanizmi, randomizacija grupa, monitoring sesija'),
(109, 'Mina', 'Radulović', 'master psihologije, donošenje odluka pod rizikom', 'tržišne simulacije, kontrola rundi, procena likvidnosti'),
(110, 'Maša', 'Ilić', 'doktor ekonomskih nauka, eksperimentalna ekonomija', 'aukcijski mehanizmi, randomizacija grupa, monitoring sesija'),
(111, 'Petra', 'Živković', 'master statistike, ekonometrija i analiza podataka', 'tržišne simulacije, kontrola rundi, procena likvidnosti'),
(112, 'Aleksa', 'Babić', 'master finansija, eksperimentalna tržišta kapitala', 'aukcijski mehanizmi, randomizacija grupa, monitoring sesija'),
(113, 'Nemanja', 'Jovanović', 'master menadžmenta, laboratorijska koordinacija', 'tržišne simulacije, kontrola rundi, procena likvidnosti'),
(114, 'Dušan', 'Kostić', 'doktorand ekonomije, bihejvioralni eksperimenti', 'aukcijski mehanizmi, randomizacija grupa, monitoring sesija'),
(115, 'Bogdan', 'Mitrović', 'doktor organizacionih nauka, simulacije tržišta', 'tržišne simulacije, kontrola rundi, procena likvidnosti'),
(116, 'Jelena', 'Vučković', 'doktorand računarstva, agentne simulacije', 'aukcijski mehanizmi, randomizacija grupa, monitoring sesija'),
(117, 'Natalija', 'Ilić', 'master ekonomije, tržišni dizajn i aukcije', 'tržišne simulacije, kontrola rundi, procena likvidnosti'),
(118, 'Lena', 'Stevanović', 'diplomirani ekonomista, mikroekonomsko modelovanje', 'aukcijski mehanizmi, randomizacija grupa, monitoring sesija'),
(119, 'Lara', 'Stanković', 'master psihologije, donošenje odluka pod rizikom', 'tržišne simulacije, kontrola rundi, procena likvidnosti'),
(120, 'Milan', 'Jovanović', 'doktor ekonomskih nauka, eksperimentalna ekonomija', 'aukcijski mehanizmi, randomizacija grupa, monitoring sesija'),
(121, 'Jovan', 'Popović', 'master statistike, ekonometrija i analiza podataka', 'tržišne simulacije, kontrola rundi, procena likvidnosti'),
(122, 'Ognjen', 'Radovanović', 'master finansija, eksperimentalna tržišta kapitala', 'aukcijski mehanizmi, randomizacija grupa, monitoring sesija'),
(123, 'Ivan', 'Vučković', 'master menadžmenta, laboratorijska koordinacija', 'tržišne simulacije, kontrola rundi, procena likvidnosti'),
(124, 'Strahinja', 'Stojanović', 'doktorand ekonomije, bihejvioralni eksperimenti', 'aukcijski mehanizmi, randomizacija grupa, monitoring sesija'),
(125, 'Teodora', 'Vasić', 'doktor organizacionih nauka, simulacije tržišta', 'tržišne simulacije, kontrola rundi, procena likvidnosti'),
(126, 'Sofija', 'Stanković', 'doktorand računarstva, agentne simulacije', 'aukcijski mehanizmi, randomizacija grupa, monitoring sesija'),
(127, 'Iva', 'Milutinović', 'master ekonomije, tržišni dizajn i aukcije', 'tržišne simulacije, kontrola rundi, procena likvidnosti'),
(128, 'Mia', 'Savić', 'diplomirani ekonomista, mikroekonomsko modelovanje', 'aukcijski mehanizmi, randomizacija grupa, monitoring sesija'),
(129, 'Stefan', 'Radovanović', 'master psihologije, donošenje odluka pod rizikom', 'tržišne simulacije, kontrola rundi, procena likvidnosti'),
(130, 'Petar', 'Blagojević', 'doktor ekonomskih nauka, eksperimentalna ekonomija', 'aukcijski mehanizmi, randomizacija grupa, monitoring sesija'),
(131, 'Boris', 'Đorđević', 'master statistike, ekonometrija i analiza podataka', 'tržišne simulacije, kontrola rundi, procena likvidnosti'),
(132, 'Relja', 'Vasić', 'master finansija, eksperimentalna tržišta kapitala', 'aukcijski mehanizmi, randomizacija grupa, monitoring sesija'),
(133, 'Milica', 'Gajić', 'master menadžmenta, laboratorijska koordinacija', 'tržišne simulacije, kontrola rundi, procena likvidnosti'),
(134, 'Isidora', 'Maksimović', 'doktorand ekonomije, bihejvioralni eksperimenti', 'aukcijski mehanizmi, randomizacija grupa, monitoring sesija'),
(135, 'Nevena', 'Savić', 'doktor organizacionih nauka, simulacije tržišta', 'tržišne simulacije, kontrola rundi, procena likvidnosti'),
(136, 'Tijana', 'Milić', 'doktorand računarstva, agentne simulacije', 'aukcijski mehanizmi, randomizacija grupa, monitoring sesija'),
(137, 'Neda', 'Janković', 'master ekonomije, tržišni dizajn i aukcije', 'tržišne simulacije, kontrola rundi, procena likvidnosti'),
(138, 'Vladimir', 'Đorđević', 'diplomirani ekonomista, mikroekonomsko modelovanje', 'aukcijski mehanizmi, randomizacija grupa, monitoring sesija'),
(139, 'Vuk', 'Todorović', 'master psihologije, donošenje odluka pod rizikom', 'tržišne simulacije, kontrola rundi, procena likvidnosti'),
(140, 'Miloš', 'Matić', 'doktor ekonomskih nauka, eksperimentalna ekonomija', 'aukcijski mehanizmi, randomizacija grupa, monitoring sesija'),
(141, 'David', 'Maksimović', 'master statistike, ekonometrija i analiza podataka', 'tržišne simulacije, kontrola rundi, procena likvidnosti'),
(142, 'Sara', 'Lukić', 'master finansija, eksperimentalna tržišta kapitala', 'aukcijski mehanizmi, randomizacija grupa, monitoring sesija'),
(143, 'Dunja', 'Đukić', 'master menadžmenta, laboratorijska koordinacija', 'tržišne simulacije, kontrola rundi, procena likvidnosti'),
(144, 'Jovana', 'Janković', 'doktorand ekonomije, bihejvioralni eksperimenti', 'aukcijski mehanizmi, randomizacija grupa, monitoring sesija'),
(145, 'Valentina', 'Marković', 'doktor organizacionih nauka, simulacije tržišta', 'tržišne simulacije, kontrola rundi, procena likvidnosti'),
(146, 'Marko', 'Ristić', 'doktorand računarstva, agentne simulacije', 'aukcijski mehanizmi, randomizacija grupa, monitoring sesija'),
(147, 'Andrej', 'Matić', 'master ekonomije, tržišni dizajn i aukcije', 'tržišne simulacije, kontrola rundi, procena likvidnosti'),
(148, 'Dimitrije', 'Bogdanović', 'diplomirani ekonomista, mikroekonomsko modelovanje', 'aukcijski mehanizmi, randomizacija grupa, monitoring sesija'),
(149, 'Vasilije', 'Milošević', 'master psihologije, donošenje odluka pod rizikom', 'tržišne simulacije, kontrola rundi, procena likvidnosti'),
(150, 'Ana', 'Đukić', 'doktor ekonomskih nauka, eksperimentalna ekonomija', 'aukcijski mehanizmi, randomizacija grupa, monitoring sesija'),
(151, 'Tamara', 'Cvetković', 'master statistike, ekonometrija i analiza podataka', 'tržišne simulacije, kontrola rundi, procena likvidnosti'),
(152, 'Anđela', 'Nikolić', 'master finansija, eksperimentalna tržišta kapitala', 'aukcijski mehanizmi, randomizacija grupa, monitoring sesija'),
(153, 'Kristina', 'Ristić', 'master menadžmenta, laboratorijska koordinacija', 'tržišne simulacije, kontrola rundi, procena likvidnosti'),
(154, 'Hana', 'Obradović', 'doktorand ekonomije, bihejvioralni eksperimenti', 'aukcijski mehanizmi, randomizacija grupa, monitoring sesija'),
(155, 'Luka', 'Marinković', 'doktor organizacionih nauka, simulacije tržišta', 'tržišne simulacije, kontrola rundi, procena likvidnosti'),
(156, 'Uroš', 'Milošević', 'doktorand računarstva, agentne simulacije', 'aukcijski mehanizmi, randomizacija grupa, monitoring sesija'),
(157, 'Pavle', 'Kovačević', 'master ekonomije, tržišni dizajn i aukcije', 'tržišne simulacije, kontrola rundi, procena likvidnosti'),
(158, 'Viktor', 'Simić', 'diplomirani ekonomista, mikroekonomsko modelovanje', 'aukcijski mehanizmi, randomizacija grupa, monitoring sesija'),
(159, 'Marija', 'Nikolić', 'master psihologije, donošenje odluka pod rizikom', 'tržišne simulacije, kontrola rundi, procena likvidnosti'),
(160, 'Ivana', 'Mladenović', 'doktor ekonomskih nauka, eksperimentalna ekonomija', 'aukcijski mehanizmi, randomizacija grupa, monitoring sesija'),
(161, 'Nina', 'Krstić', 'master statistike, ekonometrija i analiza podataka', 'tržišne simulacije, kontrola rundi, procena likvidnosti'),
(162, 'Una', 'Marinković', 'master finansija, eksperimentalna tržišta kapitala', 'aukcijski mehanizmi, randomizacija grupa, monitoring sesija'),
(163, 'Nikola', 'Pavlović', 'master menadžmenta, laboratorijska koordinacija', 'tržišne simulacije, kontrola rundi, procena likvidnosti'),
(164, 'Filip', 'Živković', 'doktorand ekonomije, bihejvioralni eksperimenti', 'aukcijski mehanizmi, randomizacija grupa, monitoring sesija'),
(165, 'Matija', 'Simić', 'doktor organizacionih nauka, simulacije tržišta', 'tržišne simulacije, kontrola rundi, procena likvidnosti'),
(166, 'Đorđe', 'Petrović', 'doktorand računarstva, agentne simulacije', 'aukcijski mehanizmi, randomizacija grupa, monitoring sesija'),
(167, 'Veljko', 'Kostić', 'master ekonomije, tržišni dizajn i aukcije', 'tržišne simulacije, kontrola rundi, procena likvidnosti'),
(168, 'Katarina', 'Krstić', 'diplomirani ekonomista, mikroekonomsko modelovanje', 'aukcijski mehanizmi, randomizacija grupa, monitoring sesija'),
(169, 'Mina', 'Radulović', 'master psihologije, donošenje odluka pod rizikom', 'tržišne simulacije, kontrola rundi, procena likvidnosti'),
(170, 'Maša', 'Ilić', 'doktor ekonomskih nauka, eksperimentalna ekonomija', 'aukcijski mehanizmi, randomizacija grupa, monitoring sesija'),
(171, 'Petra', 'Živković', 'master statistike, ekonometrija i analiza podataka', 'tržišne simulacije, kontrola rundi, procena likvidnosti'),
(172, 'Aleksa', 'Babić', 'master finansija, eksperimentalna tržišta kapitala', 'aukcijski mehanizmi, randomizacija grupa, monitoring sesija'),
(173, 'Nemanja', 'Jovanović', 'master menadžmenta, laboratorijska koordinacija', 'tržišne simulacije, kontrola rundi, procena likvidnosti'),
(174, 'Dušan', 'Kostić', 'doktorand ekonomije, bihejvioralni eksperimenti', 'aukcijski mehanizmi, randomizacija grupa, monitoring sesija'),
(175, 'Bogdan', 'Mitrović', 'doktor organizacionih nauka, simulacije tržišta', 'tržišne simulacije, kontrola rundi, procena likvidnosti'),
(176, 'Jelena', 'Vučković', 'doktorand računarstva, agentne simulacije', 'aukcijski mehanizmi, randomizacija grupa, monitoring sesija'),
(177, 'Natalija', 'Ilić', 'master ekonomije, tržišni dizajn i aukcije', 'tržišne simulacije, kontrola rundi, procena likvidnosti'),
(178, 'Lena', 'Stevanović', 'diplomirani ekonomista, mikroekonomsko modelovanje', 'aukcijski mehanizmi, randomizacija grupa, monitoring sesija'),
(179, 'Lara', 'Stanković', 'master psihologije, donošenje odluka pod rizikom', 'tržišne simulacije, kontrola rundi, procena likvidnosti'),
(180, 'Milan', 'Jovanović', 'doktor ekonomskih nauka, eksperimentalna ekonomija', 'aukcijski mehanizmi, randomizacija grupa, monitoring sesija');

INSERT INTO Strucna_Oblast (strucna_oblast_id, naziv, opis) VALUES
(1, 'Dizajn aukcijskih mehanizama', 'Projektovanje pravila za engleske, holandske i zatvorene aukcije.'),
(2, 'Analiza ponašanja učesnika', 'Praćenje odluka, rizika, poverenja i kooperacije u eksperimentima.'),
(3, 'Dizajn tržišta', 'Podešavanje pravila za uparivanje ponude i tražnje.'),
(4, 'Ekonometrijska analiza', 'Modelovanje rezultata, regresije i testiranje hipoteza.'),
(5, 'Simulaciono modelovanje', 'Izrada scenarija za dinamička tržišta i agentne simulacije.'),
(6, 'Laboratorijska koordinacija', 'Organizacija termina, instrukcija i rada sa učesnicima.'),
(7, 'Statistička obrada podataka', 'Čišćenje podataka, agregacije i vizualizacija ishoda.'),
(8, 'Upravljanje eksperimentalnim podacima', 'Verzionisanje skupova podataka i čuvanje transakcija.'),
(9, 'Finansijski eksperimenti', 'Eksperimenti sa portfolijima, likvidnošću i tržišnim rizikom.'),
(10, 'Korisničko iskustvo platformi', 'Prilagođavanje interfejsa za jasna pravila i manje grešaka učesnika.');

INSERT INTO Dizajner (istrazivac_id, strucna_oblast_id) VALUES
(1, 4),
(2, 7),
(3, 10),
(4, 3),
(5, 6),
(6, 9),
(7, 2),
(8, 5),
(9, 8),
(10, 1),
(11, 4),
(12, 7),
(13, 10),
(14, 3),
(15, 6),
(16, 9),
(17, 2),
(18, 5),
(19, 8),
(20, 1),
(21, 4),
(22, 7),
(23, 10),
(24, 3),
(25, 6),
(26, 9),
(27, 2),
(28, 5),
(29, 8),
(30, 1),
(31, 4),
(32, 7),
(33, 10),
(34, 3),
(35, 6),
(36, 9),
(37, 2),
(38, 5),
(39, 8),
(40, 1),
(41, 4),
(42, 7),
(43, 10),
(44, 3),
(45, 6),
(46, 9),
(47, 2),
(48, 5),
(49, 8),
(50, 1),
(51, 4),
(52, 7),
(53, 10),
(54, 3),
(55, 6),
(56, 9),
(57, 2),
(58, 5),
(59, 8),
(60, 1),
(61, 4),
(62, 7),
(63, 10),
(64, 3),
(65, 6),
(66, 9),
(67, 2),
(68, 5),
(69, 8),
(70, 1),
(71, 4),
(72, 7),
(73, 10),
(74, 3),
(75, 6),
(76, 9),
(77, 2),
(78, 5),
(79, 8),
(80, 1),
(81, 4),
(82, 7),
(83, 10),
(84, 3),
(85, 6),
(86, 9),
(87, 2),
(88, 5),
(89, 8),
(90, 1),
(91, 4),
(92, 7),
(93, 10),
(94, 3),
(95, 6),
(96, 9),
(97, 2),
(98, 5),
(99, 8),
(100, 1),
(101, 4),
(102, 7),
(103, 10),
(104, 3),
(105, 6),
(106, 9),
(107, 2),
(108, 5),
(109, 8),
(110, 1),
(111, 4),
(112, 7),
(113, 10),
(114, 3),
(115, 6),
(116, 9),
(117, 2),
(118, 5),
(119, 8),
(120, 1);

INSERT INTO Izvodjac (istrazivac_id, strucna_oblast_id) VALUES
(51, 8),
(52, 5),
(53, 2),
(54, 9),
(55, 6),
(56, 3),
(57, 10),
(58, 7),
(59, 4),
(60, 1),
(61, 8),
(62, 5),
(63, 2),
(64, 9),
(65, 6),
(66, 3),
(67, 10),
(68, 7),
(69, 4),
(70, 1),
(71, 8),
(72, 5),
(73, 2),
(74, 9),
(75, 6),
(76, 3),
(77, 10),
(78, 7),
(79, 4),
(80, 1),
(81, 8),
(82, 5),
(83, 2),
(84, 9),
(85, 6),
(86, 3),
(87, 10),
(88, 7),
(89, 4),
(90, 1),
(91, 8),
(92, 5),
(93, 2),
(94, 9),
(95, 6),
(96, 3),
(97, 10),
(98, 7),
(99, 4),
(100, 1),
(101, 8),
(102, 5),
(103, 2),
(104, 9),
(105, 6),
(106, 3),
(107, 10),
(108, 7),
(109, 4),
(110, 1),
(111, 8),
(112, 5),
(113, 2),
(114, 9),
(115, 6),
(116, 3),
(117, 10),
(118, 7),
(119, 4),
(120, 1),
(121, 8),
(122, 5),
(123, 2),
(124, 9),
(125, 6),
(126, 3),
(127, 10),
(128, 7),
(129, 4),
(130, 1),
(131, 8),
(132, 5),
(133, 2),
(134, 9),
(135, 6),
(136, 3),
(137, 10),
(138, 7),
(139, 4),
(140, 1),
(141, 8),
(142, 5),
(143, 2),
(144, 9),
(145, 6),
(146, 3),
(147, 10),
(148, 7),
(149, 4),
(150, 1),
(151, 8),
(152, 5),
(153, 2),
(154, 9),
(155, 6),
(156, 3),
(157, 10),
(158, 7),
(159, 4),
(160, 1),
(161, 8),
(162, 5),
(163, 2),
(164, 9),
(165, 6),
(166, 3),
(167, 10),
(168, 7),
(169, 4),
(170, 1),
(171, 8),
(172, 5),
(173, 2),
(174, 9),
(175, 6),
(176, 3),
(177, 10),
(178, 7),
(179, 4),
(180, 1);

INSERT INTO Laboratorija (lab_id, naziv, opis_lokacije, tip_laboratorije, kapacitet, tehnicki_uslovi) VALUES
(1, 'DataMarket Kragujevac - hibridni kabinet', 'Kragujevac, hibridni kabinet, zona B, sprat 2', 'online platforma', 25, 'anketni kiosci, dashboard za instruktora i lokalni backup podataka'),
(2, 'TradeRoom Zrenjanin - sala Delta', 'Zrenjanin, sala Delta, zona C, sprat 3', 'finansijska simulaciona sala', 32, 'terminali za učesnike, nadzor rundi i rezervno napajanje'),
(3, 'EconSim Valjevo - hibridni kabinet', 'Valjevo, hibridni kabinet, zona D, sprat 4', 'laboratorija za eksperimentalnu ekonomiju', 39, 'VPN pristup, web platforma i automatski eksport CSV podataka'),
(4, 'PolicyLab Kruševac - sala Delta', 'Kruševac, sala Delta, zona E, sprat 1', 'hibridna laboratorija', 46, 'izolovane radne stanice, lokalni server i kontrolisano snimanje transakcija'),
(5, 'Behavior Hub Pirot - hibridni kabinet', 'Pirot, hibridni kabinet, zona A, sprat 2', 'računarska učionica', 53, 'stabilna mreža, projektor, 24 radne stanice i server za logovanje'),
(6, 'DecisionLab Bor - sala Delta', 'Bor, sala Delta, zona B, sprat 3', 'online platforma', 60, 'anketni kiosci, dashboard za instruktora i lokalni backup podataka'),
(7, 'ExchangeLab Novi Sad - hibridni kabinet', 'Novi Sad, hibridni kabinet, zona C, sprat 4', 'finansijska simulaciona sala', 67, 'terminali za učesnike, nadzor rundi i rezervno napajanje'),
(8, 'RiskLab Subotica - sala Delta', 'Subotica, sala Delta, zona D, sprat 1', 'laboratorija za eksperimentalnu ekonomiju', 19, 'VPN pristup, web platforma i automatski eksport CSV podataka'),
(9, 'AuctionLab Kraljevo - hibridni kabinet', 'Kraljevo, hibridni kabinet, zona E, sprat 2', 'hibridna laboratorija', 26, 'izolovane radne stanice, lokalni server i kontrolisano snimanje transakcija'),
(10, 'MarketLab Priština - sala Delta', 'Priština, sala Delta, zona A, sprat 3', 'računarska učionica', 33, 'stabilna mreža, projektor, 24 radne stanice i server za logovanje'),
(11, 'DataMarket Sombor - hibridni kabinet', 'Sombor, hibridni kabinet, zona B, sprat 4', 'online platforma', 40, 'anketni kiosci, dashboard za instruktora i lokalni backup podataka'),
(12, 'TradeRoom Loznica - sala Delta', 'Loznica, sala Delta, zona C, sprat 1', 'finansijska simulaciona sala', 47, 'terminali za učesnike, nadzor rundi i rezervno napajanje'),
(13, 'EconSim Kikinda - hibridni kabinet', 'Kikinda, hibridni kabinet, zona D, sprat 2', 'laboratorija za eksperimentalnu ekonomiju', 54, 'VPN pristup, web platforma i automatski eksport CSV podataka'),
(14, 'PolicyLab Niš - sala Delta', 'Niš, sala Delta, zona E, sprat 3', 'hibridna laboratorija', 61, 'izolovane radne stanice, lokalni server i kontrolisano snimanje transakcija'),
(15, 'Behavior Hub Čačak - hibridni kabinet', 'Čačak, hibridni kabinet, zona A, sprat 4', 'računarska učionica', 68, 'stabilna mreža, projektor, 24 radne stanice i server za logovanje'),
(16, 'DecisionLab Užice - sala Delta', 'Užice, sala Delta, zona B, sprat 1', 'online platforma', 20, 'anketni kiosci, dashboard za instruktora i lokalni backup podataka'),
(17, 'ExchangeLab Leskovac - hibridni kabinet', 'Leskovac, hibridni kabinet, zona C, sprat 2', 'finansijska simulaciona sala', 27, 'terminali za učesnike, nadzor rundi i rezervno napajanje'),
(18, 'RiskLab Vršac - sala Delta', 'Vršac, sala Delta, zona D, sprat 3', 'laboratorija za eksperimentalnu ekonomiju', 34, 'VPN pristup, web platforma i automatski eksport CSV podataka'),
(19, 'AuctionLab Šabac - hibridni kabinet', 'Šabac, hibridni kabinet, zona E, sprat 4', 'hibridna laboratorija', 41, 'izolovane radne stanice, lokalni server i kontrolisano snimanje transakcija'),
(20, 'MarketLab Beograd - sala Delta', 'Beograd, sala Delta, zona A, sprat 1', 'računarska učionica', 48, 'stabilna mreža, projektor, 24 radne stanice i server za logovanje'),
(21, 'DataMarket Kragujevac - hibridni kabinet', 'Kragujevac, hibridni kabinet, zona B, sprat 2', 'online platforma', 55, 'anketni kiosci, dashboard za instruktora i lokalni backup podataka'),
(22, 'TradeRoom Zrenjanin - sala Delta', 'Zrenjanin, sala Delta, zona C, sprat 3', 'finansijska simulaciona sala', 62, 'terminali za učesnike, nadzor rundi i rezervno napajanje'),
(23, 'EconSim Valjevo - hibridni kabinet', 'Valjevo, hibridni kabinet, zona D, sprat 4', 'laboratorija za eksperimentalnu ekonomiju', 69, 'VPN pristup, web platforma i automatski eksport CSV podataka'),
(24, 'PolicyLab Kruševac - sala Delta', 'Kruševac, sala Delta, zona E, sprat 1', 'hibridna laboratorija', 21, 'izolovane radne stanice, lokalni server i kontrolisano snimanje transakcija'),
(25, 'Behavior Hub Pirot - hibridni kabinet', 'Pirot, hibridni kabinet, zona A, sprat 2', 'računarska učionica', 28, 'stabilna mreža, projektor, 24 radne stanice i server za logovanje'),
(26, 'DecisionLab Bor - sala Delta', 'Bor, sala Delta, zona B, sprat 3', 'online platforma', 35, 'anketni kiosci, dashboard za instruktora i lokalni backup podataka'),
(27, 'ExchangeLab Novi Sad - hibridni kabinet', 'Novi Sad, hibridni kabinet, zona C, sprat 4', 'finansijska simulaciona sala', 42, 'terminali za učesnike, nadzor rundi i rezervno napajanje'),
(28, 'RiskLab Subotica - sala Delta', 'Subotica, sala Delta, zona D, sprat 1', 'laboratorija za eksperimentalnu ekonomiju', 49, 'VPN pristup, web platforma i automatski eksport CSV podataka'),
(29, 'AuctionLab Kraljevo - hibridni kabinet', 'Kraljevo, hibridni kabinet, zona E, sprat 2', 'hibridna laboratorija', 56, 'izolovane radne stanice, lokalni server i kontrolisano snimanje transakcija'),
(30, 'MarketLab Priština - sala Delta', 'Priština, sala Delta, zona A, sprat 3', 'računarska učionica', 63, 'stabilna mreža, projektor, 24 radne stanice i server za logovanje'),
(31, 'DataMarket Sombor - hibridni kabinet', 'Sombor, hibridni kabinet, zona B, sprat 4', 'online platforma', 70, 'anketni kiosci, dashboard za instruktora i lokalni backup podataka'),
(32, 'TradeRoom Loznica - sala Delta', 'Loznica, sala Delta, zona C, sprat 1', 'finansijska simulaciona sala', 22, 'terminali za učesnike, nadzor rundi i rezervno napajanje'),
(33, 'EconSim Kikinda - hibridni kabinet', 'Kikinda, hibridni kabinet, zona D, sprat 2', 'laboratorija za eksperimentalnu ekonomiju', 29, 'VPN pristup, web platforma i automatski eksport CSV podataka'),
(34, 'PolicyLab Niš - sala Delta', 'Niš, sala Delta, zona E, sprat 3', 'hibridna laboratorija', 36, 'izolovane radne stanice, lokalni server i kontrolisano snimanje transakcija'),
(35, 'Behavior Hub Čačak - hibridni kabinet', 'Čačak, hibridni kabinet, zona A, sprat 4', 'računarska učionica', 43, 'stabilna mreža, projektor, 24 radne stanice i server za logovanje'),
(36, 'DecisionLab Užice - sala Delta', 'Užice, sala Delta, zona B, sprat 1', 'online platforma', 50, 'anketni kiosci, dashboard za instruktora i lokalni backup podataka'),
(37, 'ExchangeLab Leskovac - hibridni kabinet', 'Leskovac, hibridni kabinet, zona C, sprat 2', 'finansijska simulaciona sala', 57, 'terminali za učesnike, nadzor rundi i rezervno napajanje'),
(38, 'RiskLab Vršac - sala Delta', 'Vršac, sala Delta, zona D, sprat 3', 'laboratorija za eksperimentalnu ekonomiju', 64, 'VPN pristup, web platforma i automatski eksport CSV podataka'),
(39, 'AuctionLab Šabac - hibridni kabinet', 'Šabac, hibridni kabinet, zona E, sprat 4', 'hibridna laboratorija', 71, 'izolovane radne stanice, lokalni server i kontrolisano snimanje transakcija'),
(40, 'MarketLab Beograd - sala Delta', 'Beograd, sala Delta, zona A, sprat 1', 'računarska učionica', 23, 'stabilna mreža, projektor, 24 radne stanice i server za logovanje'),
(41, 'DataMarket Kragujevac - hibridni kabinet', 'Kragujevac, hibridni kabinet, zona B, sprat 2', 'online platforma', 30, 'anketni kiosci, dashboard za instruktora i lokalni backup podataka'),
(42, 'TradeRoom Zrenjanin - sala Delta', 'Zrenjanin, sala Delta, zona C, sprat 3', 'finansijska simulaciona sala', 37, 'terminali za učesnike, nadzor rundi i rezervno napajanje'),
(43, 'EconSim Valjevo - hibridni kabinet', 'Valjevo, hibridni kabinet, zona D, sprat 4', 'laboratorija za eksperimentalnu ekonomiju', 44, 'VPN pristup, web platforma i automatski eksport CSV podataka'),
(44, 'PolicyLab Kruševac - sala Delta', 'Kruševac, sala Delta, zona E, sprat 1', 'hibridna laboratorija', 51, 'izolovane radne stanice, lokalni server i kontrolisano snimanje transakcija'),
(45, 'Behavior Hub Pirot - hibridni kabinet', 'Pirot, hibridni kabinet, zona A, sprat 2', 'računarska učionica', 58, 'stabilna mreža, projektor, 24 radne stanice i server za logovanje'),
(46, 'DecisionLab Bor - sala Delta', 'Bor, sala Delta, zona B, sprat 3', 'online platforma', 65, 'anketni kiosci, dashboard za instruktora i lokalni backup podataka'),
(47, 'ExchangeLab Novi Sad - hibridni kabinet', 'Novi Sad, hibridni kabinet, zona C, sprat 4', 'finansijska simulaciona sala', 72, 'terminali za učesnike, nadzor rundi i rezervno napajanje'),
(48, 'RiskLab Subotica - sala Delta', 'Subotica, sala Delta, zona D, sprat 1', 'laboratorija za eksperimentalnu ekonomiju', 24, 'VPN pristup, web platforma i automatski eksport CSV podataka'),
(49, 'AuctionLab Kraljevo - hibridni kabinet', 'Kraljevo, hibridni kabinet, zona E, sprat 2', 'hibridna laboratorija', 31, 'izolovane radne stanice, lokalni server i kontrolisano snimanje transakcija'),
(50, 'MarketLab Priština - sala Delta', 'Priština, sala Delta, zona A, sprat 3', 'računarska učionica', 38, 'stabilna mreža, projektor, 24 radne stanice i server za logovanje'),
(51, 'DataMarket Sombor - hibridni kabinet', 'Sombor, hibridni kabinet, zona B, sprat 4', 'online platforma', 45, 'anketni kiosci, dashboard za instruktora i lokalni backup podataka'),
(52, 'TradeRoom Loznica - sala Delta', 'Loznica, sala Delta, zona C, sprat 1', 'finansijska simulaciona sala', 52, 'terminali za učesnike, nadzor rundi i rezervno napajanje'),
(53, 'EconSim Kikinda - hibridni kabinet', 'Kikinda, hibridni kabinet, zona D, sprat 2', 'laboratorija za eksperimentalnu ekonomiju', 59, 'VPN pristup, web platforma i automatski eksport CSV podataka'),
(54, 'PolicyLab Niš - sala Delta', 'Niš, sala Delta, zona E, sprat 3', 'hibridna laboratorija', 66, 'izolovane radne stanice, lokalni server i kontrolisano snimanje transakcija'),
(55, 'Behavior Hub Čačak - hibridni kabinet', 'Čačak, hibridni kabinet, zona A, sprat 4', 'računarska učionica', 18, 'stabilna mreža, projektor, 24 radne stanice i server za logovanje'),
(56, 'DecisionLab Užice - sala Delta', 'Užice, sala Delta, zona B, sprat 1', 'online platforma', 25, 'anketni kiosci, dashboard za instruktora i lokalni backup podataka'),
(57, 'ExchangeLab Leskovac - hibridni kabinet', 'Leskovac, hibridni kabinet, zona C, sprat 2', 'finansijska simulaciona sala', 32, 'terminali za učesnike, nadzor rundi i rezervno napajanje'),
(58, 'RiskLab Vršac - sala Delta', 'Vršac, sala Delta, zona D, sprat 3', 'laboratorija za eksperimentalnu ekonomiju', 39, 'VPN pristup, web platforma i automatski eksport CSV podataka'),
(59, 'AuctionLab Šabac - hibridni kabinet', 'Šabac, hibridni kabinet, zona E, sprat 4', 'hibridna laboratorija', 46, 'izolovane radne stanice, lokalni server i kontrolisano snimanje transakcija'),
(60, 'MarketLab Beograd - sala Delta', 'Beograd, sala Delta, zona A, sprat 1', 'računarska učionica', 53, 'stabilna mreža, projektor, 24 radne stanice i server za logovanje'),
(61, 'DataMarket Kragujevac - hibridni kabinet', 'Kragujevac, hibridni kabinet, zona B, sprat 2', 'online platforma', 60, 'anketni kiosci, dashboard za instruktora i lokalni backup podataka'),
(62, 'TradeRoom Zrenjanin - sala Delta', 'Zrenjanin, sala Delta, zona C, sprat 3', 'finansijska simulaciona sala', 67, 'terminali za učesnike, nadzor rundi i rezervno napajanje'),
(63, 'EconSim Valjevo - hibridni kabinet', 'Valjevo, hibridni kabinet, zona D, sprat 4', 'laboratorija za eksperimentalnu ekonomiju', 19, 'VPN pristup, web platforma i automatski eksport CSV podataka'),
(64, 'PolicyLab Kruševac - sala Delta', 'Kruševac, sala Delta, zona E, sprat 1', 'hibridna laboratorija', 26, 'izolovane radne stanice, lokalni server i kontrolisano snimanje transakcija'),
(65, 'Behavior Hub Pirot - hibridni kabinet', 'Pirot, hibridni kabinet, zona A, sprat 2', 'računarska učionica', 33, 'stabilna mreža, projektor, 24 radne stanice i server za logovanje'),
(66, 'DecisionLab Bor - sala Delta', 'Bor, sala Delta, zona B, sprat 3', 'online platforma', 40, 'anketni kiosci, dashboard za instruktora i lokalni backup podataka'),
(67, 'ExchangeLab Novi Sad - hibridni kabinet', 'Novi Sad, hibridni kabinet, zona C, sprat 4', 'finansijska simulaciona sala', 47, 'terminali za učesnike, nadzor rundi i rezervno napajanje'),
(68, 'RiskLab Subotica - sala Delta', 'Subotica, sala Delta, zona D, sprat 1', 'laboratorija za eksperimentalnu ekonomiju', 54, 'VPN pristup, web platforma i automatski eksport CSV podataka'),
(69, 'AuctionLab Kraljevo - hibridni kabinet', 'Kraljevo, hibridni kabinet, zona E, sprat 2', 'hibridna laboratorija', 61, 'izolovane radne stanice, lokalni server i kontrolisano snimanje transakcija'),
(70, 'MarketLab Priština - sala Delta', 'Priština, sala Delta, zona A, sprat 3', 'računarska učionica', 68, 'stabilna mreža, projektor, 24 radne stanice i server za logovanje'),
(71, 'DataMarket Sombor - hibridni kabinet', 'Sombor, hibridni kabinet, zona B, sprat 4', 'online platforma', 20, 'anketni kiosci, dashboard za instruktora i lokalni backup podataka'),
(72, 'TradeRoom Loznica - sala Delta', 'Loznica, sala Delta, zona C, sprat 1', 'finansijska simulaciona sala', 27, 'terminali za učesnike, nadzor rundi i rezervno napajanje'),
(73, 'EconSim Kikinda - hibridni kabinet', 'Kikinda, hibridni kabinet, zona D, sprat 2', 'laboratorija za eksperimentalnu ekonomiju', 34, 'VPN pristup, web platforma i automatski eksport CSV podataka'),
(74, 'PolicyLab Niš - sala Delta', 'Niš, sala Delta, zona E, sprat 3', 'hibridna laboratorija', 41, 'izolovane radne stanice, lokalni server i kontrolisano snimanje transakcija'),
(75, 'Behavior Hub Čačak - hibridni kabinet', 'Čačak, hibridni kabinet, zona A, sprat 4', 'računarska učionica', 48, 'stabilna mreža, projektor, 24 radne stanice i server za logovanje'),
(76, 'DecisionLab Užice - sala Delta', 'Užice, sala Delta, zona B, sprat 1', 'online platforma', 55, 'anketni kiosci, dashboard za instruktora i lokalni backup podataka'),
(77, 'ExchangeLab Leskovac - hibridni kabinet', 'Leskovac, hibridni kabinet, zona C, sprat 2', 'finansijska simulaciona sala', 62, 'terminali za učesnike, nadzor rundi i rezervno napajanje'),
(78, 'RiskLab Vršac - sala Delta', 'Vršac, sala Delta, zona D, sprat 3', 'laboratorija za eksperimentalnu ekonomiju', 69, 'VPN pristup, web platforma i automatski eksport CSV podataka'),
(79, 'AuctionLab Šabac - hibridni kabinet', 'Šabac, hibridni kabinet, zona E, sprat 4', 'hibridna laboratorija', 21, 'izolovane radne stanice, lokalni server i kontrolisano snimanje transakcija'),
(80, 'MarketLab Beograd - sala Delta', 'Beograd, sala Delta, zona A, sprat 1', 'računarska učionica', 28, 'stabilna mreža, projektor, 24 radne stanice i server za logovanje'),
(81, 'DataMarket Kragujevac - hibridni kabinet', 'Kragujevac, hibridni kabinet, zona B, sprat 2', 'online platforma', 35, 'anketni kiosci, dashboard za instruktora i lokalni backup podataka'),
(82, 'TradeRoom Zrenjanin - sala Delta', 'Zrenjanin, sala Delta, zona C, sprat 3', 'finansijska simulaciona sala', 42, 'terminali za učesnike, nadzor rundi i rezervno napajanje'),
(83, 'EconSim Valjevo - hibridni kabinet', 'Valjevo, hibridni kabinet, zona D, sprat 4', 'laboratorija za eksperimentalnu ekonomiju', 49, 'VPN pristup, web platforma i automatski eksport CSV podataka'),
(84, 'PolicyLab Kruševac - sala Delta', 'Kruševac, sala Delta, zona E, sprat 1', 'hibridna laboratorija', 56, 'izolovane radne stanice, lokalni server i kontrolisano snimanje transakcija'),
(85, 'Behavior Hub Pirot - hibridni kabinet', 'Pirot, hibridni kabinet, zona A, sprat 2', 'računarska učionica', 63, 'stabilna mreža, projektor, 24 radne stanice i server za logovanje'),
(86, 'DecisionLab Bor - sala Delta', 'Bor, sala Delta, zona B, sprat 3', 'online platforma', 70, 'anketni kiosci, dashboard za instruktora i lokalni backup podataka'),
(87, 'ExchangeLab Novi Sad - hibridni kabinet', 'Novi Sad, hibridni kabinet, zona C, sprat 4', 'finansijska simulaciona sala', 22, 'terminali za učesnike, nadzor rundi i rezervno napajanje'),
(88, 'RiskLab Subotica - sala Delta', 'Subotica, sala Delta, zona D, sprat 1', 'laboratorija za eksperimentalnu ekonomiju', 29, 'VPN pristup, web platforma i automatski eksport CSV podataka'),
(89, 'AuctionLab Kraljevo - hibridni kabinet', 'Kraljevo, hibridni kabinet, zona E, sprat 2', 'hibridna laboratorija', 36, 'izolovane radne stanice, lokalni server i kontrolisano snimanje transakcija'),
(90, 'MarketLab Priština - sala Delta', 'Priština, sala Delta, zona A, sprat 3', 'računarska učionica', 43, 'stabilna mreža, projektor, 24 radne stanice i server za logovanje'),
(91, 'DataMarket Sombor - hibridni kabinet', 'Sombor, hibridni kabinet, zona B, sprat 4', 'online platforma', 50, 'anketni kiosci, dashboard za instruktora i lokalni backup podataka'),
(92, 'TradeRoom Loznica - sala Delta', 'Loznica, sala Delta, zona C, sprat 1', 'finansijska simulaciona sala', 57, 'terminali za učesnike, nadzor rundi i rezervno napajanje'),
(93, 'EconSim Kikinda - hibridni kabinet', 'Kikinda, hibridni kabinet, zona D, sprat 2', 'laboratorija za eksperimentalnu ekonomiju', 64, 'VPN pristup, web platforma i automatski eksport CSV podataka'),
(94, 'PolicyLab Niš - sala Delta', 'Niš, sala Delta, zona E, sprat 3', 'hibridna laboratorija', 71, 'izolovane radne stanice, lokalni server i kontrolisano snimanje transakcija'),
(95, 'Behavior Hub Čačak - hibridni kabinet', 'Čačak, hibridni kabinet, zona A, sprat 4', 'računarska učionica', 23, 'stabilna mreža, projektor, 24 radne stanice i server za logovanje'),
(96, 'DecisionLab Užice - sala Delta', 'Užice, sala Delta, zona B, sprat 1', 'online platforma', 30, 'anketni kiosci, dashboard za instruktora i lokalni backup podataka'),
(97, 'ExchangeLab Leskovac - hibridni kabinet', 'Leskovac, hibridni kabinet, zona C, sprat 2', 'finansijska simulaciona sala', 37, 'terminali za učesnike, nadzor rundi i rezervno napajanje'),
(98, 'RiskLab Vršac - sala Delta', 'Vršac, sala Delta, zona D, sprat 3', 'laboratorija za eksperimentalnu ekonomiju', 44, 'VPN pristup, web platforma i automatski eksport CSV podataka'),
(99, 'AuctionLab Šabac - hibridni kabinet', 'Šabac, hibridni kabinet, zona E, sprat 4', 'hibridna laboratorija', 51, 'izolovane radne stanice, lokalni server i kontrolisano snimanje transakcija'),
(100, 'MarketLab Beograd - sala Delta', 'Beograd, sala Delta, zona A, sprat 1', 'računarska učionica', 58, 'stabilna mreža, projektor, 24 radne stanice i server za logovanje');

INSERT INTO Istrazivac_Laboratorija (istrazivac_id, lab_id, datum_od, datum_do, uloga) VALUES
(164, 15, '2024-02-09', '2024-08-12', 'dizajner protokola'),
(36, 95, '2024-04-28', '2025-04-02', 'glavni koordinator'),
(152, 55, '2024-02-16', NULL, 'dizajner protokola'),
(60, 65, '2025-09-22', NULL, 'dizajner protokola'),
(167, 90, '2025-07-26', NULL, 'analitičar podataka'),
(151, 36, '2024-01-21', '2024-06-10', 'kontrolor kvaliteta'),
(109, 44, '2024-10-25', NULL, 'izvođač sesije'),
(27, 12, '2025-02-07', NULL, 'izvođač sesije'),
(155, 34, '2024-02-28', '2025-01-27', 'glavni koordinator'),
(97, 11, '2025-08-02', NULL, 'kontrolor kvaliteta'),
(159, 47, '2025-08-28', NULL, 'glavni koordinator'),
(12, 85, '2024-09-04', '2024-12-13', 'dizajner protokola'),
(26, 49, '2024-10-25', NULL, 'izvođač sesije'),
(42, 48, '2025-01-12', NULL, 'izvođač sesije'),
(180, 88, '2025-11-08', NULL, 'kontrolor kvaliteta'),
(44, 69, '2024-09-21', NULL, 'analitičar podataka'),
(70, 82, '2025-12-19', NULL, 'kontrolor kvaliteta'),
(84, 99, '2024-03-12', NULL, 'glavni koordinator'),
(81, 52, '2024-10-15', NULL, 'administrator platforme'),
(81, 28, '2025-11-16', NULL, 'kontrolor kvaliteta'),
(118, 19, '2024-10-12', NULL, 'kontrolor kvaliteta'),
(144, 69, '2024-10-10', '2025-07-16', 'administrator platforme'),
(103, 47, '2024-08-26', '2025-01-03', 'administrator platforme'),
(127, 12, '2024-03-03', '2024-07-19', 'kontrolor kvaliteta'),
(41, 88, '2025-03-22', NULL, 'analitičar podataka'),
(98, 77, '2025-05-08', NULL, 'administrator platforme'),
(3, 88, '2024-05-11', '2025-04-10', 'izvođač sesije'),
(165, 44, '2024-05-08', NULL, 'dizajner protokola'),
(117, 1, '2024-10-10', '2025-03-10', 'administrator platforme'),
(28, 81, '2024-11-15', '2025-09-30', 'administrator platforme'),
(51, 20, '2025-01-31', '2026-01-02', 'administrator platforme'),
(1, 77, '2024-12-11', NULL, 'glavni koordinator'),
(93, 40, '2024-09-16', NULL, 'administrator platforme'),
(21, 11, '2025-05-26', '2026-04-23', 'dizajner protokola'),
(33, 85, '2025-05-15', '2025-10-06', 'izvođač sesije'),
(136, 78, '2025-03-23', '2026-02-22', 'kontrolor kvaliteta'),
(177, 26, '2024-11-29', NULL, 'kontrolor kvaliteta'),
(167, 48, '2025-04-07', '2026-01-23', 'glavni koordinator'),
(64, 29, '2024-03-20', NULL, 'administrator platforme'),
(142, 30, '2025-09-08', NULL, 'glavni koordinator'),
(162, 8, '2024-09-05', NULL, 'glavni koordinator'),
(85, 10, '2025-06-24', NULL, 'kontrolor kvaliteta'),
(125, 28, '2025-07-20', NULL, 'administrator platforme'),
(148, 61, '2024-09-19', '2025-06-14', 'dizajner protokola'),
(25, 13, '2025-11-19', NULL, 'analitičar podataka'),
(106, 60, '2024-03-10', '2025-04-04', 'glavni koordinator'),
(16, 52, '2024-12-27', '2025-04-21', 'dizajner protokola'),
(50, 25, '2025-07-17', NULL, 'analitičar podataka'),
(47, 36, '2025-05-02', NULL, 'glavni koordinator'),
(114, 71, '2024-04-24', NULL, 'administrator platforme'),
(4, 12, '2024-09-13', NULL, 'analitičar podataka'),
(124, 28, '2025-02-28', '2025-07-22', 'analitičar podataka'),
(1, 50, '2024-10-12', '2025-07-31', 'izvođač sesije'),
(109, 90, '2025-08-06', '2026-06-11', 'dizajner protokola'),
(49, 38, '2024-08-24', '2025-08-15', 'kontrolor kvaliteta'),
(139, 8, '2024-12-01', NULL, 'administrator platforme'),
(123, 65, '2025-07-11', NULL, 'administrator platforme'),
(21, 24, '2024-03-25', NULL, 'kontrolor kvaliteta'),
(61, 52, '2024-05-16', '2025-05-02', 'dizajner protokola'),
(149, 77, '2024-02-24', NULL, 'analitičar podataka'),
(169, 75, '2025-08-15', NULL, 'izvođač sesije'),
(53, 86, '2024-12-01', NULL, 'analitičar podataka'),
(34, 86, '2025-11-05', NULL, 'izvođač sesije'),
(19, 2, '2025-04-28', NULL, 'administrator platforme'),
(26, 10, '2025-07-18', NULL, 'izvođač sesije'),
(34, 45, '2024-03-25', '2024-11-29', 'izvođač sesije'),
(41, 57, '2025-07-24', '2026-08-01', 'kontrolor kvaliteta'),
(136, 2, '2025-11-28', '2026-06-29', 'kontrolor kvaliteta'),
(27, 18, '2024-10-11', NULL, 'glavni koordinator'),
(142, 20, '2024-10-19', NULL, 'dizajner protokola'),
(88, 27, '2025-12-18', NULL, 'izvođač sesije'),
(130, 63, '2024-09-28', '2024-12-23', 'glavni koordinator'),
(163, 55, '2024-10-24', NULL, 'izvođač sesije'),
(34, 82, '2024-10-09', NULL, 'analitičar podataka'),
(142, 91, '2025-03-27', NULL, 'glavni koordinator'),
(20, 89, '2024-06-15', NULL, 'izvođač sesije'),
(150, 71, '2024-06-14', NULL, 'glavni koordinator'),
(79, 47, '2024-02-24', '2024-08-09', 'kontrolor kvaliteta'),
(64, 86, '2024-04-29', NULL, 'administrator platforme'),
(105, 80, '2024-06-21', '2024-12-19', 'dizajner protokola'),
(46, 53, '2024-02-09', NULL, 'izvođač sesije'),
(106, 86, '2024-09-25', NULL, 'kontrolor kvaliteta'),
(28, 49, '2024-02-23', '2024-08-14', 'dizajner protokola'),
(118, 45, '2024-11-22', '2025-05-17', 'dizajner protokola'),
(7, 85, '2024-07-30', NULL, 'izvođač sesije'),
(18, 99, '2024-10-26', NULL, 'administrator platforme'),
(103, 87, '2025-07-17', NULL, 'glavni koordinator'),
(30, 34, '2024-07-15', NULL, 'izvođač sesije'),
(10, 14, '2025-09-16', NULL, 'kontrolor kvaliteta'),
(81, 56, '2025-09-26', '2026-01-23', 'analitičar podataka'),
(148, 25, '2024-10-01', NULL, 'analitičar podataka'),
(1, 67, '2025-07-19', '2026-08-26', 'dizajner protokola'),
(94, 56, '2024-03-26', '2024-11-10', 'administrator platforme'),
(81, 85, '2024-05-21', '2024-12-20', 'administrator platforme'),
(80, 86, '2025-03-08', NULL, 'kontrolor kvaliteta'),
(76, 71, '2024-05-24', NULL, 'kontrolor kvaliteta'),
(98, 87, '2024-07-11', NULL, 'izvođač sesije'),
(104, 71, '2024-01-15', NULL, 'dizajner protokola'),
(111, 75, '2025-09-27', '2026-07-22', 'analitičar podataka'),
(114, 87, '2024-08-20', NULL, 'kontrolor kvaliteta'),
(44, 85, '2024-04-10', NULL, 'kontrolor kvaliteta'),
(163, 80, '2024-12-23', NULL, 'dizajner protokola'),
(173, 40, '2024-09-01', '2025-01-14', 'glavni koordinator'),
(12, 32, '2025-05-15', NULL, 'glavni koordinator'),
(117, 54, '2025-10-20', NULL, 'kontrolor kvaliteta'),
(179, 50, '2025-06-04', NULL, 'dizajner protokola'),
(168, 89, '2024-01-20', '2024-05-13', 'analitičar podataka'),
(57, 23, '2025-12-27', NULL, 'glavni koordinator'),
(143, 32, '2024-05-18', NULL, 'analitičar podataka'),
(171, 68, '2025-08-09', NULL, 'analitičar podataka'),
(157, 93, '2025-06-14', NULL, 'administrator platforme'),
(115, 21, '2025-05-15', NULL, 'dizajner protokola'),
(164, 36, '2025-07-01', NULL, 'dizajner protokola'),
(71, 57, '2024-04-03', '2024-09-30', 'izvođač sesije'),
(86, 41, '2025-07-21', NULL, 'dizajner protokola'),
(60, 50, '2025-12-25', NULL, 'dizajner protokola'),
(17, 54, '2025-03-07', NULL, 'analitičar podataka'),
(107, 8, '2024-08-13', '2025-04-29', 'administrator platforme'),
(179, 3, '2025-08-26', NULL, 'glavni koordinator'),
(91, 39, '2025-02-17', '2025-11-18', 'administrator platforme'),
(140, 78, '2024-08-27', NULL, 'izvođač sesije'),
(112, 63, '2024-02-13', NULL, 'kontrolor kvaliteta'),
(174, 52, '2024-07-02', '2024-11-04', 'administrator platforme'),
(137, 4, '2025-02-21', NULL, 'kontrolor kvaliteta'),
(7, 11, '2025-11-03', NULL, 'analitičar podataka'),
(47, 7, '2024-10-07', NULL, 'dizajner protokola'),
(117, 42, '2024-12-25', '2025-09-05', 'izvođač sesije'),
(108, 33, '2024-04-07', NULL, 'kontrolor kvaliteta'),
(139, 7, '2025-01-07', NULL, 'glavni koordinator'),
(167, 6, '2024-02-15', '2024-07-26', 'glavni koordinator'),
(160, 20, '2024-09-15', NULL, 'kontrolor kvaliteta'),
(30, 73, '2024-08-25', NULL, 'izvođač sesije'),
(95, 22, '2025-09-26', NULL, 'kontrolor kvaliteta'),
(30, 100, '2024-06-30', '2024-10-23', 'administrator platforme'),
(7, 40, '2025-08-26', '2026-05-05', 'analitičar podataka'),
(51, 10, '2025-09-12', '2026-09-28', 'dizajner protokola'),
(27, 90, '2024-11-18', '2025-11-20', 'glavni koordinator'),
(145, 6, '2025-01-04', NULL, 'kontrolor kvaliteta'),
(95, 9, '2025-06-16', NULL, 'glavni koordinator'),
(108, 63, '2024-05-02', NULL, 'izvođač sesije'),
(163, 59, '2024-06-19', NULL, 'kontrolor kvaliteta'),
(134, 84, '2024-10-17', NULL, 'administrator platforme'),
(124, 60, '2025-04-05', '2026-04-03', 'izvođač sesije'),
(83, 32, '2024-04-12', NULL, 'analitičar podataka'),
(63, 97, '2025-05-04', NULL, 'kontrolor kvaliteta'),
(98, 44, '2024-02-13', NULL, 'izvođač sesije'),
(47, 63, '2024-08-19', NULL, 'izvođač sesije'),
(88, 36, '2025-09-16', '2026-04-05', 'administrator platforme'),
(3, 67, '2024-07-28', NULL, 'kontrolor kvaliteta'),
(105, 63, '2025-08-05', '2026-09-22', 'analitičar podataka'),
(166, 92, '2025-05-31', NULL, 'glavni koordinator'),
(24, 38, '2024-08-28', NULL, 'dizajner protokola'),
(79, 85, '2025-09-01', NULL, 'administrator platforme'),
(136, 45, '2025-03-25', '2026-03-01', 'izvođač sesije'),
(91, 90, '2025-04-23', NULL, 'izvođač sesije'),
(60, 16, '2024-07-30', NULL, 'kontrolor kvaliteta'),
(138, 98, '2025-12-21', NULL, 'dizajner protokola'),
(124, 36, '2025-09-09', '2026-08-03', 'administrator platforme'),
(73, 13, '2024-07-31', NULL, 'izvođač sesije'),
(46, 39, '2024-01-29', '2024-06-01', 'izvođač sesije'),
(12, 7, '2025-08-03', NULL, 'dizajner protokola'),
(164, 97, '2025-05-31', NULL, 'glavni koordinator'),
(147, 37, '2025-05-09', NULL, 'izvođač sesije'),
(48, 7, '2024-09-29', '2025-07-30', 'glavni koordinator'),
(17, 52, '2025-06-01', NULL, 'kontrolor kvaliteta'),
(176, 7, '2024-06-18', NULL, 'administrator platforme'),
(78, 11, '2024-09-25', NULL, 'analitičar podataka'),
(156, 77, '2025-10-09', NULL, 'administrator platforme'),
(98, 58, '2025-04-12', NULL, 'administrator platforme'),
(110, 40, '2025-08-19', NULL, 'administrator platforme'),
(26, 98, '2024-08-14', NULL, 'izvođač sesije'),
(170, 11, '2024-06-23', NULL, 'administrator platforme'),
(20, 21, '2024-01-17', NULL, 'kontrolor kvaliteta'),
(153, 61, '2024-11-08', NULL, 'izvođač sesije'),
(73, 90, '2025-04-23', NULL, 'dizajner protokola'),
(68, 81, '2025-09-09', '2026-02-17', 'analitičar podataka'),
(30, 70, '2024-09-01', NULL, 'izvođač sesije'),
(37, 10, '2024-03-16', NULL, 'izvođač sesije'),
(153, 96, '2025-08-19', '2026-05-30', 'glavni koordinator'),
(120, 89, '2024-11-21', '2025-06-08', 'administrator platforme'),
(139, 64, '2025-04-07', NULL, 'glavni koordinator'),
(111, 95, '2024-12-10', NULL, 'glavni koordinator'),
(24, 30, '2025-12-05', '2026-11-24', 'administrator platforme'),
(6, 98, '2025-12-03', '2026-11-23', 'glavni koordinator'),
(45, 61, '2025-06-29', '2026-01-17', 'dizajner protokola'),
(150, 56, '2025-10-26', '2026-02-09', 'analitičar podataka'),
(90, 53, '2024-12-21', NULL, 'glavni koordinator'),
(42, 43, '2025-03-11', '2025-10-04', 'kontrolor kvaliteta'),
(103, 98, '2025-07-31', NULL, 'glavni koordinator'),
(81, 33, '2024-12-11', NULL, 'analitičar podataka'),
(132, 1, '2025-11-18', '2026-09-10', 'analitičar podataka'),
(14, 25, '2025-06-28', NULL, 'analitičar podataka'),
(161, 57, '2024-03-07', NULL, 'administrator platforme'),
(34, 37, '2025-04-07', '2026-02-09', 'glavni koordinator'),
(8, 81, '2025-09-29', '2026-02-17', 'izvođač sesije'),
(142, 2, '2025-08-02', NULL, 'dizajner protokola'),
(30, 60, '2024-05-14', NULL, 'dizajner protokola'),
(128, 92, '2024-11-08', NULL, 'izvođač sesije'),
(107, 62, '2025-05-12', NULL, 'administrator platforme'),
(38, 50, '2024-07-28', '2025-06-13', 'kontrolor kvaliteta'),
(35, 9, '2024-10-23', '2025-07-22', 'izvođač sesije'),
(130, 35, '2024-01-17', NULL, 'izvođač sesije'),
(151, 75, '2025-11-20', NULL, 'dizajner protokola'),
(115, 69, '2025-05-24', NULL, 'administrator platforme'),
(140, 49, '2025-04-25', '2025-09-28', 'kontrolor kvaliteta'),
(62, 74, '2025-02-10', NULL, 'analitičar podataka'),
(12, 41, '2025-05-13', '2026-01-23', 'analitičar podataka'),
(170, 84, '2024-06-18', NULL, 'glavni koordinator'),
(33, 65, '2025-09-10', NULL, 'glavni koordinator'),
(113, 13, '2025-07-06', '2025-09-11', 'kontrolor kvaliteta'),
(37, 53, '2025-11-15', '2026-02-21', 'analitičar podataka'),
(68, 44, '2025-10-14', '2026-11-10', 'glavni koordinator'),
(85, 87, '2025-07-14', NULL, 'izvođač sesije'),
(161, 92, '2025-05-28', '2025-08-14', 'administrator platforme'),
(18, 31, '2025-10-22', '2026-05-17', 'dizajner protokola'),
(24, 56, '2024-04-24', '2025-06-18', 'glavni koordinator'),
(114, 22, '2025-12-25', NULL, 'glavni koordinator'),
(12, 42, '2024-03-12', NULL, 'izvođač sesije'),
(111, 19, '2024-09-21', NULL, 'administrator platforme'),
(175, 24, '2024-07-07', NULL, 'administrator platforme'),
(98, 80, '2025-12-14', NULL, 'administrator platforme'),
(37, 30, '2025-05-01', NULL, 'analitičar podataka'),
(66, 86, '2024-01-24', '2024-11-17', 'izvođač sesije'),
(174, 70, '2024-06-24', NULL, 'izvođač sesije'),
(151, 39, '2025-10-30', '2026-12-17', 'izvođač sesije'),
(117, 39, '2024-08-05', '2025-06-08', 'glavni koordinator'),
(61, 49, '2025-08-22', NULL, 'izvođač sesije'),
(180, 38, '2024-02-06', '2025-03-09', 'analitičar podataka'),
(71, 2, '2025-08-16', '2025-11-09', 'administrator platforme'),
(128, 37, '2024-09-06', NULL, 'izvođač sesije'),
(57, 82, '2024-07-27', NULL, 'kontrolor kvaliteta'),
(169, 88, '2024-06-03', NULL, 'kontrolor kvaliteta'),
(166, 6, '2024-11-26', '2025-02-11', 'administrator platforme'),
(94, 94, '2024-05-28', NULL, 'izvođač sesije'),
(84, 96, '2025-03-15', NULL, 'dizajner protokola'),
(139, 47, '2025-07-11', NULL, 'izvođač sesije'),
(43, 33, '2025-05-22', '2025-12-19', 'kontrolor kvaliteta'),
(87, 15, '2025-05-08', '2025-09-17', 'dizajner protokola'),
(174, 93, '2025-12-05', '2026-11-15', 'izvođač sesije'),
(24, 51, '2024-01-29', NULL, 'glavni koordinator'),
(117, 48, '2025-12-03', '2026-06-15', 'administrator platforme'),
(98, 82, '2025-01-29', NULL, 'dizajner protokola'),
(121, 4, '2025-10-10', '2026-09-22', 'izvođač sesije'),
(157, 29, '2025-11-08', NULL, 'analitičar podataka'),
(180, 39, '2025-11-09', NULL, 'dizajner protokola'),
(12, 5, '2024-11-21', '2025-03-20', 'glavni koordinator'),
(61, 69, '2024-06-01', NULL, 'izvođač sesije'),
(172, 96, '2025-12-28', '2026-09-28', 'administrator platforme'),
(40, 54, '2025-11-15', NULL, 'analitičar podataka'),
(158, 53, '2024-10-27', NULL, 'izvođač sesije'),
(56, 57, '2025-04-14', '2025-12-15', 'glavni koordinator'),
(176, 48, '2025-07-25', '2026-08-19', 'izvođač sesije'),
(16, 51, '2024-10-23', NULL, 'glavni koordinator'),
(117, 12, '2025-11-23', NULL, 'kontrolor kvaliteta'),
(153, 3, '2024-03-06', '2024-09-06', 'dizajner protokola'),
(145, 27, '2024-03-25', '2025-03-03', 'dizajner protokola'),
(151, 28, '2024-09-09', NULL, 'dizajner protokola'),
(153, 1, '2024-10-24', '2025-03-07', 'dizajner protokola'),
(139, 33, '2024-07-11', NULL, 'glavni koordinator'),
(34, 2, '2025-01-15', '2025-07-15', 'administrator platforme');

INSERT INTO Jedinica_Mere (jedinica_mere_id, naziv, oznaka, opis) VALUES
(1, 'Osoba', 'os', 'Broj učesnika ili članova tima.'),
(2, 'Token', 'tok', 'Apstraktna jedinica za poene i eksperimentalne uloge.'),
(3, 'Virtuelni dinar', 'vRSD', 'Novčana jedinica u simulacijama sa srpskim kontekstom.'),
(4, 'Zapis tržišnih podataka', 'zapis', 'Jedan red istorijskih ili generisanih tržišnih podataka.'),
(5, 'Komad robe', 'kom', 'Jedinica simulirane robe ili kupona.'),
(6, 'Procenat', '%', 'Relativni odnos, stopa ili verovatnoća.'),
(7, 'Minut', 'min', 'Vreme trajanja aktivnosti ili runde.'),
(8, 'Sesija', 'ses', 'Jedan termin izvođenja eksperimentalne igre.'),
(9, 'Kupon', 'kup', 'Jedinica nagrade ili prava na kupovinu.'),
(10, 'Transakcija', 'txn', 'Jedna zabeležena kupoprodaja ili razmena.');

INSERT INTO Resurs (resurs_id, jedinica_mere_id, naziv, vrsta_resursa, svojstva, kolicina) VALUES
(1, 9, 'Kuponi za potrošačke izbore - paket A1', 'kuponi', 'kuponi sa ograničenim rokom i promenljivom vrednošću', 185.00),
(2, 4, 'Set profila prodavaca sa reputacijom - paket B1', 'tržišni scenariji', 'asimetrične informacije o kvalitetu', 1017.00),
(3, 4, 'Anketni odgovori o poverenju - paket C1', 'upitnički podaci', 'skale poverenja pre i posle interakcije', 6209.00),
(4, 1, 'Panel učesnika za igre javnog dobra - paket D1', 'učesnici', 'studenti ekonomije i računarstva, verifikovan dolazak', 87.00),
(5, 9, 'Kuponi za potrošačke izbore - paket E1', 'kuponi', 'kuponi sa ograničenim rokom i promenljivom vrednošću', 46.00),
(6, 4, 'Set profila prodavaca sa reputacijom - paket F1', 'tržišni scenariji', 'asimetrične informacije o kvalitetu', 4653.00),
(7, 4, 'Anketni odgovori o poverenju - paket G1', 'upitnički podaci', 'skale poverenja pre i posle interakcije', 14294.00),
(8, 1, 'Panel učesnika za igre javnog dobra - paket H1', 'učesnici', 'studenti ekonomije i računarstva, verifikovan dolazak', 154.00),
(9, 9, 'Kuponi za potrošačke izbore - paket I1', 'kuponi', 'kuponi sa ograničenim rokom i promenljivom vrednošću', 78.00),
(10, 4, 'Set profila prodavaca sa reputacijom - paket J1', 'tržišni scenariji', 'asimetrične informacije o kvalitetu', 2582.00),
(11, 4, 'Anketni odgovori o poverenju - paket A2', 'upitnički podaci', 'skale poverenja pre i posle interakcije', 16105.00),
(12, 1, 'Panel učesnika za igre javnog dobra - paket B2', 'učesnici', 'studenti ekonomije i računarstva, verifikovan dolazak', 134.00),
(13, 9, 'Kuponi za potrošačke izbore - paket C2', 'kuponi', 'kuponi sa ograničenim rokom i promenljivom vrednošću', 418.00),
(14, 4, 'Set profila prodavaca sa reputacijom - paket D2', 'tržišni scenariji', 'asimetrične informacije o kvalitetu', 12363.00),
(15, 4, 'Anketni odgovori o poverenju - paket E2', 'upitnički podaci', 'skale poverenja pre i posle interakcije', 17317.00),
(16, 1, 'Panel učesnika za igre javnog dobra - paket F2', 'učesnici', 'studenti ekonomije i računarstva, verifikovan dolazak', 47.00),
(17, 9, 'Kuponi za potrošačke izbore - paket G2', 'kuponi', 'kuponi sa ograničenim rokom i promenljivom vrednošću', 251.00),
(18, 4, 'Set profila prodavaca sa reputacijom - paket H2', 'tržišni scenariji', 'asimetrične informacije o kvalitetu', 17009.00),
(19, 4, 'Anketni odgovori o poverenju - paket I2', 'upitnički podaci', 'skale poverenja pre i posle interakcije', 7759.00),
(20, 1, 'Panel učesnika za igre javnog dobra - paket J2', 'učesnici', 'studenti ekonomije i računarstva, verifikovan dolazak', 31.00),
(21, 9, 'Kuponi za potrošačke izbore - paket A3', 'kuponi', 'kuponi sa ograničenim rokom i promenljivom vrednošću', 392.00),
(22, 4, 'Set profila prodavaca sa reputacijom - paket B3', 'tržišni scenariji', 'asimetrične informacije o kvalitetu', 17586.00),
(23, 4, 'Anketni odgovori o poverenju - paket C3', 'upitnički podaci', 'skale poverenja pre i posle interakcije', 10383.00),
(24, 1, 'Panel učesnika za igre javnog dobra - paket D3', 'učesnici', 'studenti ekonomije i računarstva, verifikovan dolazak', 137.00),
(25, 9, 'Kuponi za potrošačke izbore - paket E3', 'kuponi', 'kuponi sa ograničenim rokom i promenljivom vrednošću', 349.00),
(26, 4, 'Set profila prodavaca sa reputacijom - paket F3', 'tržišni scenariji', 'asimetrične informacije o kvalitetu', 1520.00),
(27, 4, 'Anketni odgovori o poverenju - paket G3', 'upitnički podaci', 'skale poverenja pre i posle interakcije', 2493.00),
(28, 1, 'Panel učesnika za igre javnog dobra - paket H3', 'učesnici', 'studenti ekonomije i računarstva, verifikovan dolazak', 142.00),
(29, 9, 'Kuponi za potrošačke izbore - paket I3', 'kuponi', 'kuponi sa ograničenim rokom i promenljivom vrednošću', 453.00),
(30, 4, 'Set profila prodavaca sa reputacijom - paket J3', 'tržišni scenariji', 'asimetrične informacije o kvalitetu', 13660.00),
(31, 4, 'Anketni odgovori o poverenju - paket A4', 'upitnički podaci', 'skale poverenja pre i posle interakcije', 14468.00),
(32, 1, 'Panel učesnika za igre javnog dobra - paket B4', 'učesnici', 'studenti ekonomije i računarstva, verifikovan dolazak', 47.00),
(33, 9, 'Kuponi za potrošačke izbore - paket C4', 'kuponi', 'kuponi sa ograničenim rokom i promenljivom vrednošću', 271.00),
(34, 4, 'Set profila prodavaca sa reputacijom - paket D4', 'tržišni scenariji', 'asimetrične informacije o kvalitetu', 15034.00),
(35, 4, 'Anketni odgovori o poverenju - paket E4', 'upitnički podaci', 'skale poverenja pre i posle interakcije', 2908.00),
(36, 1, 'Panel učesnika za igre javnog dobra - paket F4', 'učesnici', 'studenti ekonomije i računarstva, verifikovan dolazak', 40.00),
(37, 9, 'Kuponi za potrošačke izbore - paket G4', 'kuponi', 'kuponi sa ograničenim rokom i promenljivom vrednošću', 184.00),
(38, 4, 'Set profila prodavaca sa reputacijom - paket H4', 'tržišni scenariji', 'asimetrične informacije o kvalitetu', 5360.00),
(39, 4, 'Anketni odgovori o poverenju - paket I4', 'upitnički podaci', 'skale poverenja pre i posle interakcije', 2652.00),
(40, 1, 'Panel učesnika za igre javnog dobra - paket J4', 'učesnici', 'studenti ekonomije i računarstva, verifikovan dolazak', 52.00),
(41, 9, 'Kuponi za potrošačke izbore - paket A5', 'kuponi', 'kuponi sa ograničenim rokom i promenljivom vrednošću', 160.00),
(42, 4, 'Set profila prodavaca sa reputacijom - paket B5', 'tržišni scenariji', 'asimetrične informacije o kvalitetu', 19681.00),
(43, 4, 'Anketni odgovori o poverenju - paket C5', 'upitnički podaci', 'skale poverenja pre i posle interakcije', 18468.00),
(44, 1, 'Panel učesnika za igre javnog dobra - paket D5', 'učesnici', 'studenti ekonomije i računarstva, verifikovan dolazak', 103.00),
(45, 9, 'Kuponi za potrošačke izbore - paket E5', 'kuponi', 'kuponi sa ograničenim rokom i promenljivom vrednošću', 215.00),
(46, 4, 'Set profila prodavaca sa reputacijom - paket F5', 'tržišni scenariji', 'asimetrične informacije o kvalitetu', 17885.00),
(47, 4, 'Anketni odgovori o poverenju - paket G5', 'upitnički podaci', 'skale poverenja pre i posle interakcije', 10163.00),
(48, 1, 'Panel učesnika za igre javnog dobra - paket H5', 'učesnici', 'studenti ekonomije i računarstva, verifikovan dolazak', 136.00),
(49, 9, 'Kuponi za potrošačke izbore - paket I5', 'kuponi', 'kuponi sa ograničenim rokom i promenljivom vrednošću', 278.00),
(50, 4, 'Set profila prodavaca sa reputacijom - paket J5', 'tržišni scenariji', 'asimetrične informacije o kvalitetu', 14596.00),
(51, 4, 'Anketni odgovori o poverenju - paket A6', 'upitnički podaci', 'skale poverenja pre i posle interakcije', 3749.00),
(52, 1, 'Panel učesnika za igre javnog dobra - paket B6', 'učesnici', 'studenti ekonomije i računarstva, verifikovan dolazak', 49.00),
(53, 9, 'Kuponi za potrošačke izbore - paket C6', 'kuponi', 'kuponi sa ograničenim rokom i promenljivom vrednošću', 456.00),
(54, 4, 'Set profila prodavaca sa reputacijom - paket D6', 'tržišni scenariji', 'asimetrične informacije o kvalitetu', 18566.00),
(55, 4, 'Anketni odgovori o poverenju - paket E6', 'upitnički podaci', 'skale poverenja pre i posle interakcije', 7545.00),
(56, 1, 'Panel učesnika za igre javnog dobra - paket F6', 'učesnici', 'studenti ekonomije i računarstva, verifikovan dolazak', 130.00),
(57, 9, 'Kuponi za potrošačke izbore - paket G6', 'kuponi', 'kuponi sa ograničenim rokom i promenljivom vrednošću', 251.00),
(58, 4, 'Set profila prodavaca sa reputacijom - paket H6', 'tržišni scenariji', 'asimetrične informacije o kvalitetu', 7987.00),
(59, 4, 'Anketni odgovori o poverenju - paket I6', 'upitnički podaci', 'skale poverenja pre i posle interakcije', 14059.00),
(60, 1, 'Panel učesnika za igre javnog dobra - paket J6', 'učesnici', 'studenti ekonomije i računarstva, verifikovan dolazak', 106.00),
(61, 9, 'Kuponi za potrošačke izbore - paket A7', 'kuponi', 'kuponi sa ograničenim rokom i promenljivom vrednošću', 443.00),
(62, 4, 'Set profila prodavaca sa reputacijom - paket B7', 'tržišni scenariji', 'asimetrične informacije o kvalitetu', 15360.00),
(63, 4, 'Anketni odgovori o poverenju - paket C7', 'upitnički podaci', 'skale poverenja pre i posle interakcije', 13565.00),
(64, 1, 'Panel učesnika za igre javnog dobra - paket D7', 'učesnici', 'studenti ekonomije i računarstva, verifikovan dolazak', 126.00),
(65, 9, 'Kuponi za potrošačke izbore - paket E7', 'kuponi', 'kuponi sa ograničenim rokom i promenljivom vrednošću', 393.00),
(66, 4, 'Set profila prodavaca sa reputacijom - paket F7', 'tržišni scenariji', 'asimetrične informacije o kvalitetu', 3615.00),
(67, 4, 'Anketni odgovori o poverenju - paket G7', 'upitnički podaci', 'skale poverenja pre i posle interakcije', 10741.00),
(68, 1, 'Panel učesnika za igre javnog dobra - paket H7', 'učesnici', 'studenti ekonomije i računarstva, verifikovan dolazak', 129.00),
(69, 9, 'Kuponi za potrošačke izbore - paket I7', 'kuponi', 'kuponi sa ograničenim rokom i promenljivom vrednošću', 180.00),
(70, 4, 'Set profila prodavaca sa reputacijom - paket J7', 'tržišni scenariji', 'asimetrične informacije o kvalitetu', 8852.00),
(71, 4, 'Anketni odgovori o poverenju - paket A8', 'upitnički podaci', 'skale poverenja pre i posle interakcije', 12765.00),
(72, 1, 'Panel učesnika za igre javnog dobra - paket B8', 'učesnici', 'studenti ekonomije i računarstva, verifikovan dolazak', 59.00),
(73, 9, 'Kuponi za potrošačke izbore - paket C8', 'kuponi', 'kuponi sa ograničenim rokom i promenljivom vrednošću', 371.00),
(74, 4, 'Set profila prodavaca sa reputacijom - paket D8', 'tržišni scenariji', 'asimetrične informacije o kvalitetu', 16040.00),
(75, 4, 'Anketni odgovori o poverenju - paket E8', 'upitnički podaci', 'skale poverenja pre i posle interakcije', 2699.00),
(76, 1, 'Panel učesnika za igre javnog dobra - paket F8', 'učesnici', 'studenti ekonomije i računarstva, verifikovan dolazak', 43.00),
(77, 9, 'Kuponi za potrošačke izbore - paket G8', 'kuponi', 'kuponi sa ograničenim rokom i promenljivom vrednošću', 445.00),
(78, 4, 'Set profila prodavaca sa reputacijom - paket H8', 'tržišni scenariji', 'asimetrične informacije o kvalitetu', 3297.00),
(79, 4, 'Anketni odgovori o poverenju - paket I8', 'upitnički podaci', 'skale poverenja pre i posle interakcije', 3554.00),
(80, 1, 'Panel učesnika za igre javnog dobra - paket J8', 'učesnici', 'studenti ekonomije i računarstva, verifikovan dolazak', 130.00),
(81, 9, 'Kuponi za potrošačke izbore - paket A9', 'kuponi', 'kuponi sa ograničenim rokom i promenljivom vrednošću', 69.00),
(82, 4, 'Set profila prodavaca sa reputacijom - paket B9', 'tržišni scenariji', 'asimetrične informacije o kvalitetu', 12710.00),
(83, 4, 'Anketni odgovori o poverenju - paket C9', 'upitnički podaci', 'skale poverenja pre i posle interakcije', 4763.00),
(84, 1, 'Panel učesnika za igre javnog dobra - paket D9', 'učesnici', 'studenti ekonomije i računarstva, verifikovan dolazak', 35.00),
(85, 9, 'Kuponi za potrošačke izbore - paket E9', 'kuponi', 'kuponi sa ograničenim rokom i promenljivom vrednošću', 320.00),
(86, 4, 'Set profila prodavaca sa reputacijom - paket F9', 'tržišni scenariji', 'asimetrične informacije o kvalitetu', 18902.00),
(87, 4, 'Anketni odgovori o poverenju - paket G9', 'upitnički podaci', 'skale poverenja pre i posle interakcije', 18905.00),
(88, 1, 'Panel učesnika za igre javnog dobra - paket H9', 'učesnici', 'studenti ekonomije i računarstva, verifikovan dolazak', 104.00),
(89, 9, 'Kuponi za potrošačke izbore - paket I9', 'kuponi', 'kuponi sa ograničenim rokom i promenljivom vrednošću', 363.00),
(90, 4, 'Set profila prodavaca sa reputacijom - paket J9', 'tržišni scenariji', 'asimetrične informacije o kvalitetu', 4505.00),
(91, 4, 'Anketni odgovori o poverenju - paket A10', 'upitnički podaci', 'skale poverenja pre i posle interakcije', 13961.00),
(92, 1, 'Panel učesnika za igre javnog dobra - paket B10', 'učesnici', 'studenti ekonomije i računarstva, verifikovan dolazak', 110.00),
(93, 9, 'Kuponi za potrošačke izbore - paket C10', 'kuponi', 'kuponi sa ograničenim rokom i promenljivom vrednošću', 467.00),
(94, 4, 'Set profila prodavaca sa reputacijom - paket D10', 'tržišni scenariji', 'asimetrične informacije o kvalitetu', 14358.00),
(95, 4, 'Anketni odgovori o poverenju - paket E10', 'upitnički podaci', 'skale poverenja pre i posle interakcije', 2185.00),
(96, 1, 'Panel učesnika za igre javnog dobra - paket F10', 'učesnici', 'studenti ekonomije i računarstva, verifikovan dolazak', 93.00),
(97, 9, 'Kuponi za potrošačke izbore - paket G10', 'kuponi', 'kuponi sa ograničenim rokom i promenljivom vrednošću', 327.00),
(98, 4, 'Set profila prodavaca sa reputacijom - paket H10', 'tržišni scenariji', 'asimetrične informacije o kvalitetu', 10738.00),
(99, 4, 'Anketni odgovori o poverenju - paket I10', 'upitnički podaci', 'skale poverenja pre i posle interakcije', 12022.00),
(100, 1, 'Panel učesnika za igre javnog dobra - paket J10', 'učesnici', 'studenti ekonomije i računarstva, verifikovan dolazak', 46.00),
(101, 9, 'Kuponi za potrošačke izbore - paket A11', 'kuponi', 'kuponi sa ograničenim rokom i promenljivom vrednošću', 315.00),
(102, 4, 'Set profila prodavaca sa reputacijom - paket B11', 'tržišni scenariji', 'asimetrične informacije o kvalitetu', 17126.00),
(103, 4, 'Anketni odgovori o poverenju - paket C11', 'upitnički podaci', 'skale poverenja pre i posle interakcije', 7471.00),
(104, 1, 'Panel učesnika za igre javnog dobra - paket D11', 'učesnici', 'studenti ekonomije i računarstva, verifikovan dolazak', 59.00),
(105, 9, 'Kuponi za potrošačke izbore - paket E11', 'kuponi', 'kuponi sa ograničenim rokom i promenljivom vrednošću', 356.00),
(106, 4, 'Set profila prodavaca sa reputacijom - paket F11', 'tržišni scenariji', 'asimetrične informacije o kvalitetu', 16300.00),
(107, 4, 'Anketni odgovori o poverenju - paket G11', 'upitnički podaci', 'skale poverenja pre i posle interakcije', 7848.00),
(108, 1, 'Panel učesnika za igre javnog dobra - paket H11', 'učesnici', 'studenti ekonomije i računarstva, verifikovan dolazak', 47.00),
(109, 9, 'Kuponi za potrošačke izbore - paket I11', 'kuponi', 'kuponi sa ograničenim rokom i promenljivom vrednošću', 199.00),
(110, 4, 'Set profila prodavaca sa reputacijom - paket J11', 'tržišni scenariji', 'asimetrične informacije o kvalitetu', 18727.00),
(111, 4, 'Anketni odgovori o poverenju - paket A12', 'upitnički podaci', 'skale poverenja pre i posle interakcije', 12544.00),
(112, 1, 'Panel učesnika za igre javnog dobra - paket B12', 'učesnici', 'studenti ekonomije i računarstva, verifikovan dolazak', 49.00),
(113, 9, 'Kuponi za potrošačke izbore - paket C12', 'kuponi', 'kuponi sa ograničenim rokom i promenljivom vrednošću', 410.00),
(114, 4, 'Set profila prodavaca sa reputacijom - paket D12', 'tržišni scenariji', 'asimetrične informacije o kvalitetu', 9628.00),
(115, 4, 'Anketni odgovori o poverenju - paket E12', 'upitnički podaci', 'skale poverenja pre i posle interakcije', 19312.00),
(116, 1, 'Panel učesnika za igre javnog dobra - paket F12', 'učesnici', 'studenti ekonomije i računarstva, verifikovan dolazak', 77.00),
(117, 9, 'Kuponi za potrošačke izbore - paket G12', 'kuponi', 'kuponi sa ograničenim rokom i promenljivom vrednošću', 433.00),
(118, 4, 'Set profila prodavaca sa reputacijom - paket H12', 'tržišni scenariji', 'asimetrične informacije o kvalitetu', 14561.00),
(119, 4, 'Anketni odgovori o poverenju - paket I12', 'upitnički podaci', 'skale poverenja pre i posle interakcije', 18881.00),
(120, 1, 'Panel učesnika za igre javnog dobra - paket J12', 'učesnici', 'studenti ekonomije i računarstva, verifikovan dolazak', 26.00),
(121, 9, 'Kuponi za potrošačke izbore - paket A13', 'kuponi', 'kuponi sa ograničenim rokom i promenljivom vrednošću', 331.00),
(122, 4, 'Set profila prodavaca sa reputacijom - paket B13', 'tržišni scenariji', 'asimetrične informacije o kvalitetu', 9263.00),
(123, 4, 'Anketni odgovori o poverenju - paket C13', 'upitnički podaci', 'skale poverenja pre i posle interakcije', 1448.00),
(124, 1, 'Panel učesnika za igre javnog dobra - paket D13', 'učesnici', 'studenti ekonomije i računarstva, verifikovan dolazak', 66.00),
(125, 9, 'Kuponi za potrošačke izbore - paket E13', 'kuponi', 'kuponi sa ograničenim rokom i promenljivom vrednošću', 159.00),
(126, 4, 'Set profila prodavaca sa reputacijom - paket F13', 'tržišni scenariji', 'asimetrične informacije o kvalitetu', 10624.00),
(127, 4, 'Anketni odgovori o poverenju - paket G13', 'upitnički podaci', 'skale poverenja pre i posle interakcije', 11635.00),
(128, 1, 'Panel učesnika za igre javnog dobra - paket H13', 'učesnici', 'studenti ekonomije i računarstva, verifikovan dolazak', 109.00),
(129, 9, 'Kuponi za potrošačke izbore - paket I13', 'kuponi', 'kuponi sa ograničenim rokom i promenljivom vrednošću', 23.00),
(130, 4, 'Set profila prodavaca sa reputacijom - paket J13', 'tržišni scenariji', 'asimetrične informacije o kvalitetu', 6444.00),
(131, 4, 'Anketni odgovori o poverenju - paket A14', 'upitnički podaci', 'skale poverenja pre i posle interakcije', 5194.00),
(132, 1, 'Panel učesnika za igre javnog dobra - paket B14', 'učesnici', 'studenti ekonomije i računarstva, verifikovan dolazak', 122.00),
(133, 9, 'Kuponi za potrošačke izbore - paket C14', 'kuponi', 'kuponi sa ograničenim rokom i promenljivom vrednošću', 55.00),
(134, 4, 'Set profila prodavaca sa reputacijom - paket D14', 'tržišni scenariji', 'asimetrične informacije o kvalitetu', 5148.00),
(135, 4, 'Anketni odgovori o poverenju - paket E14', 'upitnički podaci', 'skale poverenja pre i posle interakcije', 1504.00),
(136, 1, 'Panel učesnika za igre javnog dobra - paket F14', 'učesnici', 'studenti ekonomije i računarstva, verifikovan dolazak', 43.00),
(137, 9, 'Kuponi za potrošačke izbore - paket G14', 'kuponi', 'kuponi sa ograničenim rokom i promenljivom vrednošću', 402.00),
(138, 4, 'Set profila prodavaca sa reputacijom - paket H14', 'tržišni scenariji', 'asimetrične informacije o kvalitetu', 17882.00),
(139, 4, 'Anketni odgovori o poverenju - paket I14', 'upitnički podaci', 'skale poverenja pre i posle interakcije', 7549.00),
(140, 1, 'Panel učesnika za igre javnog dobra - paket J14', 'učesnici', 'studenti ekonomije i računarstva, verifikovan dolazak', 116.00),
(141, 9, 'Kuponi za potrošačke izbore - paket A15', 'kuponi', 'kuponi sa ograničenim rokom i promenljivom vrednošću', 234.00),
(142, 4, 'Set profila prodavaca sa reputacijom - paket B15', 'tržišni scenariji', 'asimetrične informacije o kvalitetu', 15365.00),
(143, 4, 'Anketni odgovori o poverenju - paket C15', 'upitnički podaci', 'skale poverenja pre i posle interakcije', 11670.00),
(144, 1, 'Panel učesnika za igre javnog dobra - paket D15', 'učesnici', 'studenti ekonomije i računarstva, verifikovan dolazak', 60.00),
(145, 9, 'Kuponi za potrošačke izbore - paket E15', 'kuponi', 'kuponi sa ograničenim rokom i promenljivom vrednošću', 209.00),
(146, 4, 'Set profila prodavaca sa reputacijom - paket F15', 'tržišni scenariji', 'asimetrične informacije o kvalitetu', 10711.00),
(147, 4, 'Anketni odgovori o poverenju - paket G15', 'upitnički podaci', 'skale poverenja pre i posle interakcije', 11129.00),
(148, 1, 'Panel učesnika za igre javnog dobra - paket H15', 'učesnici', 'studenti ekonomije i računarstva, verifikovan dolazak', 41.00),
(149, 9, 'Kuponi za potrošačke izbore - paket I15', 'kuponi', 'kuponi sa ograničenim rokom i promenljivom vrednošću', 472.00),
(150, 4, 'Set profila prodavaca sa reputacijom - paket J15', 'tržišni scenariji', 'asimetrične informacije o kvalitetu', 2223.00),
(151, 4, 'Anketni odgovori o poverenju - paket A16', 'upitnički podaci', 'skale poverenja pre i posle interakcije', 5598.00),
(152, 1, 'Panel učesnika za igre javnog dobra - paket B16', 'učesnici', 'studenti ekonomije i računarstva, verifikovan dolazak', 60.00),
(153, 9, 'Kuponi za potrošačke izbore - paket C16', 'kuponi', 'kuponi sa ograničenim rokom i promenljivom vrednošću', 406.00),
(154, 4, 'Set profila prodavaca sa reputacijom - paket D16', 'tržišni scenariji', 'asimetrične informacije o kvalitetu', 2130.00),
(155, 4, 'Anketni odgovori o poverenju - paket E16', 'upitnički podaci', 'skale poverenja pre i posle interakcije', 3173.00),
(156, 1, 'Panel učesnika za igre javnog dobra - paket F16', 'učesnici', 'studenti ekonomije i računarstva, verifikovan dolazak', 89.00),
(157, 9, 'Kuponi za potrošačke izbore - paket G16', 'kuponi', 'kuponi sa ograničenim rokom i promenljivom vrednošću', 246.00),
(158, 4, 'Set profila prodavaca sa reputacijom - paket H16', 'tržišni scenariji', 'asimetrične informacije o kvalitetu', 14394.00),
(159, 4, 'Anketni odgovori o poverenju - paket I16', 'upitnički podaci', 'skale poverenja pre i posle interakcije', 16414.00),
(160, 1, 'Panel učesnika za igre javnog dobra - paket J16', 'učesnici', 'studenti ekonomije i računarstva, verifikovan dolazak', 133.00),
(161, 9, 'Kuponi za potrošačke izbore - paket A17', 'kuponi', 'kuponi sa ograničenim rokom i promenljivom vrednošću', 232.00),
(162, 4, 'Set profila prodavaca sa reputacijom - paket B17', 'tržišni scenariji', 'asimetrične informacije o kvalitetu', 9451.00),
(163, 4, 'Anketni odgovori o poverenju - paket C17', 'upitnički podaci', 'skale poverenja pre i posle interakcije', 7563.00),
(164, 1, 'Panel učesnika za igre javnog dobra - paket D17', 'učesnici', 'studenti ekonomije i računarstva, verifikovan dolazak', 151.00),
(165, 9, 'Kuponi za potrošačke izbore - paket E17', 'kuponi', 'kuponi sa ograničenim rokom i promenljivom vrednošću', 78.00),
(166, 4, 'Set profila prodavaca sa reputacijom - paket F17', 'tržišni scenariji', 'asimetrične informacije o kvalitetu', 11810.00),
(167, 4, 'Anketni odgovori o poverenju - paket G17', 'upitnički podaci', 'skale poverenja pre i posle interakcije', 14587.00),
(168, 1, 'Panel učesnika za igre javnog dobra - paket H17', 'učesnici', 'studenti ekonomije i računarstva, verifikovan dolazak', 48.00),
(169, 9, 'Kuponi za potrošačke izbore - paket I17', 'kuponi', 'kuponi sa ograničenim rokom i promenljivom vrednošću', 165.00),
(170, 4, 'Set profila prodavaca sa reputacijom - paket J17', 'tržišni scenariji', 'asimetrične informacije o kvalitetu', 19935.00),
(171, 4, 'Anketni odgovori o poverenju - paket A18', 'upitnički podaci', 'skale poverenja pre i posle interakcije', 16445.00),
(172, 1, 'Panel učesnika za igre javnog dobra - paket B18', 'učesnici', 'studenti ekonomije i računarstva, verifikovan dolazak', 154.00),
(173, 9, 'Kuponi za potrošačke izbore - paket C18', 'kuponi', 'kuponi sa ograničenim rokom i promenljivom vrednošću', 361.00),
(174, 4, 'Set profila prodavaca sa reputacijom - paket D18', 'tržišni scenariji', 'asimetrične informacije o kvalitetu', 10606.00),
(175, 4, 'Anketni odgovori o poverenju - paket E18', 'upitnički podaci', 'skale poverenja pre i posle interakcije', 1988.00),
(176, 1, 'Panel učesnika za igre javnog dobra - paket F18', 'učesnici', 'studenti ekonomije i računarstva, verifikovan dolazak', 76.00),
(177, 9, 'Kuponi za potrošačke izbore - paket G18', 'kuponi', 'kuponi sa ograničenim rokom i promenljivom vrednošću', 222.00),
(178, 4, 'Set profila prodavaca sa reputacijom - paket H18', 'tržišni scenariji', 'asimetrične informacije o kvalitetu', 2295.00),
(179, 4, 'Anketni odgovori o poverenju - paket I18', 'upitnički podaci', 'skale poverenja pre i posle interakcije', 751.00),
(180, 1, 'Panel učesnika za igre javnog dobra - paket J18', 'učesnici', 'studenti ekonomije i računarstva, verifikovan dolazak', 72.00),
(181, 9, 'Kuponi za potrošačke izbore - paket A19', 'kuponi', 'kuponi sa ograničenim rokom i promenljivom vrednošću', 174.00),
(182, 4, 'Set profila prodavaca sa reputacijom - paket B19', 'tržišni scenariji', 'asimetrične informacije o kvalitetu', 7421.00),
(183, 4, 'Anketni odgovori o poverenju - paket C19', 'upitnički podaci', 'skale poverenja pre i posle interakcije', 4996.00),
(184, 1, 'Panel učesnika za igre javnog dobra - paket D19', 'učesnici', 'studenti ekonomije i računarstva, verifikovan dolazak', 85.00),
(185, 9, 'Kuponi za potrošačke izbore - paket E19', 'kuponi', 'kuponi sa ograničenim rokom i promenljivom vrednošću', 168.00),
(186, 4, 'Set profila prodavaca sa reputacijom - paket F19', 'tržišni scenariji', 'asimetrične informacije o kvalitetu', 11251.00),
(187, 4, 'Anketni odgovori o poverenju - paket G19', 'upitnički podaci', 'skale poverenja pre i posle interakcije', 4431.00),
(188, 1, 'Panel učesnika za igre javnog dobra - paket H19', 'učesnici', 'studenti ekonomije i računarstva, verifikovan dolazak', 21.00),
(189, 9, 'Kuponi za potrošačke izbore - paket I19', 'kuponi', 'kuponi sa ograničenim rokom i promenljivom vrednošću', 274.00),
(190, 4, 'Set profila prodavaca sa reputacijom - paket J19', 'tržišni scenariji', 'asimetrične informacije o kvalitetu', 14611.00),
(191, 4, 'Anketni odgovori o poverenju - paket A20', 'upitnički podaci', 'skale poverenja pre i posle interakcije', 6257.00),
(192, 1, 'Panel učesnika za igre javnog dobra - paket B20', 'učesnici', 'studenti ekonomije i računarstva, verifikovan dolazak', 53.00),
(193, 9, 'Kuponi za potrošačke izbore - paket C20', 'kuponi', 'kuponi sa ograničenim rokom i promenljivom vrednošću', 214.00),
(194, 4, 'Set profila prodavaca sa reputacijom - paket D20', 'tržišni scenariji', 'asimetrične informacije o kvalitetu', 17951.00),
(195, 4, 'Anketni odgovori o poverenju - paket E20', 'upitnički podaci', 'skale poverenja pre i posle interakcije', 8040.00),
(196, 1, 'Panel učesnika za igre javnog dobra - paket F20', 'učesnici', 'studenti ekonomije i računarstva, verifikovan dolazak', 148.00),
(197, 9, 'Kuponi za potrošačke izbore - paket G20', 'kuponi', 'kuponi sa ograničenim rokom i promenljivom vrednošću', 306.00),
(198, 4, 'Set profila prodavaca sa reputacijom - paket H20', 'tržišni scenariji', 'asimetrične informacije o kvalitetu', 12105.00),
(199, 4, 'Anketni odgovori o poverenju - paket I20', 'upitnički podaci', 'skale poverenja pre i posle interakcije', 2861.00),
(200, 1, 'Panel učesnika za igre javnog dobra - paket J20', 'učesnici', 'studenti ekonomije i računarstva, verifikovan dolazak', 121.00),
(201, 9, 'Kuponi za potrošačke izbore - paket A21', 'kuponi', 'kuponi sa ograničenim rokom i promenljivom vrednošću', 461.00),
(202, 4, 'Set profila prodavaca sa reputacijom - paket B21', 'tržišni scenariji', 'asimetrične informacije o kvalitetu', 1886.00),
(203, 4, 'Anketni odgovori o poverenju - paket C21', 'upitnički podaci', 'skale poverenja pre i posle interakcije', 14794.00),
(204, 1, 'Panel učesnika za igre javnog dobra - paket D21', 'učesnici', 'studenti ekonomije i računarstva, verifikovan dolazak', 24.00),
(205, 9, 'Kuponi za potrošačke izbore - paket E21', 'kuponi', 'kuponi sa ograničenim rokom i promenljivom vrednošću', 255.00),
(206, 4, 'Set profila prodavaca sa reputacijom - paket F21', 'tržišni scenariji', 'asimetrične informacije o kvalitetu', 3051.00),
(207, 4, 'Anketni odgovori o poverenju - paket G21', 'upitnički podaci', 'skale poverenja pre i posle interakcije', 10758.00),
(208, 1, 'Panel učesnika za igre javnog dobra - paket H21', 'učesnici', 'studenti ekonomije i računarstva, verifikovan dolazak', 129.00),
(209, 9, 'Kuponi za potrošačke izbore - paket I21', 'kuponi', 'kuponi sa ograničenim rokom i promenljivom vrednošću', 313.00),
(210, 4, 'Set profila prodavaca sa reputacijom - paket J21', 'tržišni scenariji', 'asimetrične informacije o kvalitetu', 13752.00),
(211, 4, 'Anketni odgovori o poverenju - paket A22', 'upitnički podaci', 'skale poverenja pre i posle interakcije', 14186.00),
(212, 1, 'Panel učesnika za igre javnog dobra - paket B22', 'učesnici', 'studenti ekonomije i računarstva, verifikovan dolazak', 94.00),
(213, 9, 'Kuponi za potrošačke izbore - paket C22', 'kuponi', 'kuponi sa ograničenim rokom i promenljivom vrednošću', 78.00),
(214, 4, 'Set profila prodavaca sa reputacijom - paket D22', 'tržišni scenariji', 'asimetrične informacije o kvalitetu', 13772.00),
(215, 4, 'Anketni odgovori o poverenju - paket E22', 'upitnički podaci', 'skale poverenja pre i posle interakcije', 1183.00),
(216, 1, 'Panel učesnika za igre javnog dobra - paket F22', 'učesnici', 'studenti ekonomije i računarstva, verifikovan dolazak', 103.00),
(217, 9, 'Kuponi za potrošačke izbore - paket G22', 'kuponi', 'kuponi sa ograničenim rokom i promenljivom vrednošću', 107.00),
(218, 4, 'Set profila prodavaca sa reputacijom - paket H22', 'tržišni scenariji', 'asimetrične informacije o kvalitetu', 15576.00),
(219, 4, 'Anketni odgovori o poverenju - paket I22', 'upitnički podaci', 'skale poverenja pre i posle interakcije', 12357.00),
(220, 1, 'Panel učesnika za igre javnog dobra - paket J22', 'učesnici', 'studenti ekonomije i računarstva, verifikovan dolazak', 42.00);

INSERT INTO Resurs_Laboratorija (resurs_id, lab_id, dostupna_kolicina, status) VALUES
(14, 1, 6521.90, 'dostupno'),
(31, 1, 5533.83, 'potrebna dopuna'),
(48, 1, 68.05, 'dostupno'),
(65, 1, 195.25, 'u proveri'),
(27, 2, 1893.07, 'rezervisano za narednu sesiju'),
(44, 2, 46.33, 'rezervisano za narednu sesiju'),
(61, 2, 113.98, 'dostupno'),
(78, 2, 1971.45, 'rezervisano za narednu sesiju'),
(40, 3, 45.73, 'u proveri'),
(57, 3, 116.29, 'rezervisano za narednu sesiju'),
(74, 3, 6050.31, 'rezervisano za narednu sesiju'),
(91, 3, 5472.38, 'rezervisano za narednu sesiju'),
(53, 4, 297.22, 'dostupno'),
(70, 4, 2946.47, 'delimično dostupno'),
(87, 4, 10359.27, 'potrebna dopuna'),
(104, 4, 45.42, 'delimično dostupno'),
(66, 5, 2569.72, 'potrebna dopuna'),
(83, 5, 3249.53, 'potrebna dopuna'),
(100, 5, 20.35, 'u proveri'),
(117, 5, 135.62, 'dostupno'),
(79, 6, 1960.71, 'u proveri'),
(96, 6, 74.14, 'potrebna dopuna'),
(113, 6, 99.27, 'potrebna dopuna'),
(130, 6, 1647.36, 'delimično dostupno'),
(92, 7, 59.28, 'dostupno'),
(109, 7, 94.83, 'u proveri'),
(126, 7, 2736.19, 'dostupno'),
(143, 7, 7716.86, 'potrebna dopuna'),
(105, 8, 173.86, 'potrebna dopuna'),
(122, 8, 5703.57, 'dostupno'),
(139, 8, 4056.08, 'potrebna dopuna'),
(156, 8, 61.31, 'u proveri'),
(118, 9, 9519.32, 'potrebna dopuna'),
(135, 9, 470.97, 'dostupno'),
(152, 9, 32.27, 'u proveri'),
(169, 9, 154.57, 'dostupno'),
(131, 10, 3004.27, 'rezervisano za narednu sesiju'),
(148, 10, 9.40, 'delimično dostupno'),
(165, 10, 73.57, 'potrebna dopuna'),
(182, 10, 4393.68, 'rezervisano za narednu sesiju'),
(144, 11, 28.38, 'u proveri'),
(161, 11, 113.81, 'u proveri'),
(178, 11, 1627.55, 'dostupno'),
(195, 11, 6367.04, 'u proveri'),
(157, 12, 61.36, 'dostupno'),
(174, 12, 6559.52, 'delimično dostupno'),
(191, 12, 2584.83, 'potrebna dopuna'),
(208, 12, 110.29, 'u proveri'),
(170, 13, 5205.56, 'rezervisano za narednu sesiju'),
(187, 13, 3932.78, 'u proveri'),
(204, 13, 22.22, 'delimično dostupno'),
(1, 13, 54.89, 'dostupno'),
(183, 14, 2159.20, 'delimično dostupno'),
(200, 14, 82.60, 'u proveri'),
(217, 14, 86.66, 'potrebna dopuna'),
(14, 14, 3339.12, 'delimično dostupno'),
(196, 15, 86.04, 'dostupno'),
(213, 15, 36.81, 'rezervisano za narednu sesiju'),
(10, 15, 2358.34, 'u proveri'),
(27, 15, 2270.50, 'delimično dostupno'),
(209, 16, 107.67, 'rezervisano za narednu sesiju'),
(6, 16, 1471.32, 'u proveri'),
(23, 16, 8652.37, 'dostupno'),
(40, 16, 30.20, 'potrebna dopuna'),
(2, 17, 840.39, 'potrebna dopuna'),
(19, 17, 1771.46, 'u proveri'),
(36, 17, 34.29, 'potrebna dopuna'),
(53, 17, 136.02, 'delimično dostupno'),
(15, 18, 5466.80, 'rezervisano za narednu sesiju'),
(32, 18, 38.70, 'potrebna dopuna'),
(49, 18, 224.29, 'rezervisano za narednu sesiju'),
(66, 18, 2678.31, 'dostupno'),
(28, 19, 72.16, 'rezervisano za narednu sesiju'),
(45, 19, 199.35, 'potrebna dopuna'),
(62, 19, 6354.37, 'delimično dostupno'),
(79, 19, 1334.53, 'rezervisano za narednu sesiju'),
(41, 20, 69.14, 'delimično dostupno'),
(58, 20, 7012.43, 'rezervisano za narednu sesiju'),
(75, 20, 1284.40, 'potrebna dopuna'),
(92, 20, 103.22, 'delimično dostupno'),
(54, 21, 14427.25, 'delimično dostupno'),
(71, 21, 7367.70, 'delimično dostupno'),
(88, 21, 96.17, 'rezervisano za narednu sesiju'),
(105, 21, 285.14, 'rezervisano za narednu sesiju'),
(67, 22, 9180.89, 'dostupno'),
(84, 22, 23.83, 'u proveri'),
(101, 22, 194.01, 'dostupno'),
(118, 22, 10681.23, 'potrebna dopuna'),
(80, 23, 108.99, 'u proveri'),
(97, 23, 85.97, 'rezervisano za narednu sesiju'),
(114, 23, 3895.43, 'potrebna dopuna'),
(131, 23, 1612.80, 'delimično dostupno'),
(93, 24, 125.52, 'rezervisano za narednu sesiju'),
(110, 24, 15216.20, 'u proveri'),
(127, 24, 10446.53, 'delimično dostupno'),
(144, 24, 14.40, 'potrebna dopuna'),
(106, 25, 7831.68, 'delimično dostupno'),
(123, 25, 1369.65, 'u proveri'),
(140, 25, 42.73, 'u proveri'),
(157, 25, 220.94, 'u proveri'),
(119, 26, 14982.74, 'rezervisano za narednu sesiju'),
(136, 26, 9.84, 'delimično dostupno'),
(153, 26, 293.15, 'rezervisano za narednu sesiju'),
(170, 26, 15332.62, 'delimično dostupno'),
(132, 27, 65.45, 'dostupno'),
(149, 27, 415.07, 'dostupno'),
(166, 27, 4628.85, 'rezervisano za narednu sesiju'),
(183, 27, 3055.57, 'potrebna dopuna'),
(145, 28, 124.53, 'dostupno'),
(162, 28, 7391.91, 'rezervisano za narednu sesiju'),
(179, 28, 319.82, 'dostupno'),
(196, 28, 56.07, 'potrebna dopuna'),
(158, 29, 7813.57, 'dostupno'),
(175, 29, 1645.10, 'delimično dostupno'),
(192, 29, 34.32, 'dostupno'),
(209, 29, 210.95, 'potrebna dopuna'),
(171, 30, 6273.00, 'rezervisano za narednu sesiju'),
(188, 30, 8.79, 'dostupno'),
(205, 30, 168.58, 'rezervisano za narednu sesiju'),
(2, 30, 638.67, 'rezervisano za narednu sesiju'),
(184, 31, 59.35, 'dostupno'),
(201, 31, 273.19, 'u proveri'),
(218, 31, 3905.83, 'potrebna dopuna'),
(15, 31, 10529.80, 'potrebna dopuna'),
(197, 32, 188.38, 'delimično dostupno'),
(214, 32, 11775.04, 'dostupno'),
(11, 32, 10899.11, 'u proveri'),
(28, 32, 55.41, 'dostupno'),
(210, 33, 6433.47, 'dostupno'),
(7, 33, 6555.26, 'dostupno'),
(24, 33, 106.67, 'u proveri'),
(41, 33, 48.01, 'u proveri'),
(3, 34, 3784.45, 'rezervisano za narednu sesiju'),
(20, 34, 25.51, 'delimično dostupno'),
(37, 34, 172.15, 'delimično dostupno'),
(54, 34, 12509.81, 'rezervisano za narednu sesiju'),
(16, 35, 11.62, 'delimično dostupno'),
(33, 35, 61.72, 'rezervisano za narednu sesiju'),
(50, 35, 3398.75, 'rezervisano za narednu sesiju'),
(67, 35, 9283.91, 'u proveri'),
(29, 36, 407.71, 'potrebna dopuna'),
(46, 36, 8918.68, 'potrebna dopuna'),
(63, 36, 7529.25, 'dostupno'),
(80, 36, 99.45, 'rezervisano za narednu sesiju'),
(42, 37, 8159.41, 'dostupno'),
(59, 37, 11940.99, 'u proveri'),
(76, 37, 17.41, 'u proveri'),
(93, 37, 246.44, 'delimično dostupno'),
(55, 38, 5715.19, 'delimično dostupno'),
(72, 38, 26.80, 'rezervisano za narednu sesiju'),
(89, 38, 207.69, 'delimično dostupno'),
(106, 38, 7750.82, 'potrebna dopuna'),
(68, 39, 51.61, 'dostupno'),
(85, 39, 238.50, 'dostupno'),
(102, 39, 8956.13, 'rezervisano za narednu sesiju'),
(119, 39, 11500.53, 'u proveri'),
(81, 40, 19.11, 'u proveri'),
(98, 40, 7470.31, 'u proveri'),
(115, 40, 10321.04, 'delimično dostupno'),
(132, 40, 39.65, 'delimično dostupno'),
(94, 41, 6657.23, 'dostupno'),
(111, 41, 9346.67, 'u proveri'),
(128, 41, 72.06, 'delimično dostupno'),
(145, 41, 84.84, 'dostupno'),
(107, 42, 2011.29, 'delimično dostupno'),
(124, 42, 31.18, 'rezervisano za narednu sesiju'),
(141, 42, 214.01, 'rezervisano za narednu sesiju'),
(158, 42, 12040.61, 'delimično dostupno'),
(120, 43, 5.88, 'dostupno'),
(137, 43, 151.55, 'u proveri'),
(154, 43, 1004.54, 'potrebna dopuna'),
(171, 43, 3688.43, 'rezervisano za narednu sesiju'),
(133, 44, 39.01, 'u proveri'),
(150, 44, 1064.84, 'dostupno'),
(167, 44, 9196.25, 'potrebna dopuna'),
(184, 44, 40.39, 'u proveri'),
(146, 45, 7360.28, 'rezervisano za narednu sesiju'),
(163, 45, 6960.91, 'dostupno'),
(180, 45, 54.13, 'delimično dostupno'),
(197, 45, 180.02, 'potrebna dopuna'),
(159, 46, 4732.50, 'u proveri'),
(176, 46, 55.33, 'rezervisano za narednu sesiju'),
(193, 46, 202.72, 'u proveri'),
(210, 46, 9908.12, 'delimično dostupno'),
(172, 47, 53.92, 'rezervisano za narednu sesiju'),
(189, 47, 230.06, 'delimično dostupno'),
(206, 47, 1005.28, 'delimično dostupno'),
(3, 47, 5885.80, 'u proveri'),
(185, 48, 117.75, 'dostupno'),
(202, 48, 1155.17, 'u proveri'),
(219, 48, 10732.04, 'rezervisano za narednu sesiju'),
(16, 48, 34.49, 'rezervisano za narednu sesiju'),
(198, 49, 9626.77, 'potrebna dopuna'),
(215, 49, 435.56, 'rezervisano za narednu sesiju'),
(12, 49, 106.40, 'rezervisano za narednu sesiju'),
(29, 49, 359.13, 'dostupno'),
(211, 50, 6676.96, 'potrebna dopuna'),
(8, 50, 73.41, 'potrebna dopuna'),
(25, 50, 103.77, 'dostupno'),
(42, 50, 4906.69, 'delimično dostupno'),
(4, 51, 82.62, 'delimično dostupno'),
(21, 51, 232.95, 'delimično dostupno'),
(38, 51, 4381.82, 'dostupno'),
(55, 51, 2218.19, 'u proveri'),
(17, 52, 171.12, 'delimično dostupno'),
(34, 52, 8259.30, 'potrebna dopuna'),
(51, 52, 1718.49, 'potrebna dopuna'),
(68, 52, 87.70, 'rezervisano za narednu sesiju'),
(30, 53, 10597.92, 'rezervisano za narednu sesiju'),
(47, 53, 5330.12, 'dostupno'),
(64, 53, 103.77, 'potrebna dopuna'),
(81, 53, 21.72, 'rezervisano za narednu sesiju'),
(43, 54, 5937.00, 'rezervisano za narednu sesiju'),
(60, 54, 48.71, 'potrebna dopuna'),
(77, 54, 387.68, 'dostupno'),
(94, 54, 5570.24, 'potrebna dopuna'),
(56, 55, 52.76, 'u proveri'),
(73, 55, 245.16, 'dostupno'),
(90, 55, 2599.07, 'rezervisano za narednu sesiju'),
(107, 55, 5052.98, 'potrebna dopuna'),
(69, 56, 56.82, 'potrebna dopuna'),
(86, 56, 13996.45, 'potrebna dopuna'),
(103, 56, 3385.97, 'potrebna dopuna'),
(120, 56, 6.00, 'dostupno'),
(82, 57, 3316.26, 'potrebna dopuna'),
(99, 57, 4790.67, 'rezervisano za narednu sesiju'),
(116, 57, 59.69, 'delimično dostupno'),
(133, 57, 36.50, 'dostupno'),
(95, 58, 1253.16, 'potrebna dopuna'),
(112, 58, 20.45, 'u proveri'),
(129, 58, 12.93, 'delimično dostupno'),
(146, 58, 4531.56, 'dostupno'),
(108, 59, 33.67, 'rezervisano za narednu sesiju'),
(125, 59, 84.22, 'delimično dostupno'),
(142, 59, 8425.12, 'u proveri'),
(159, 59, 10751.09, 'u proveri'),
(121, 60, 280.06, 'u proveri'),
(138, 60, 13423.12, 'u proveri'),
(155, 60, 2955.75, 'rezervisano za narednu sesiju'),
(172, 60, 118.66, 'potrebna dopuna'),
(134, 61, 3198.14, 'u proveri'),
(151, 61, 2134.54, 'dostupno'),
(168, 61, 19.23, 'rezervisano za narednu sesiju'),
(185, 61, 51.35, 'dostupno'),
(147, 62, 4648.13, 'delimično dostupno'),
(164, 62, 128.07, 'delimično dostupno'),
(181, 62, 67.20, 'rezervisano za narednu sesiju'),
(198, 62, 9806.36, 'potrebna dopuna'),
(160, 63, 98.53, 'rezervisano za narednu sesiju'),
(177, 63, 171.46, 'delimično dostupno'),
(194, 63, 16999.19, 'delimično dostupno'),
(211, 63, 8143.75, 'u proveri'),
(173, 64, 206.86, 'dostupno'),
(190, 64, 13280.30, 'potrebna dopuna'),
(207, 64, 5840.77, 'rezervisano za narednu sesiju'),
(4, 64, 31.44, 'u proveri'),
(186, 65, 2660.79, 'u proveri'),
(203, 65, 8449.90, 'delimično dostupno'),
(220, 65, 17.40, 'dostupno'),
(17, 65, 209.68, 'delimično dostupno'),
(199, 66, 859.59, 'u proveri'),
(216, 66, 76.80, 'delimično dostupno'),
(13, 66, 198.32, 'delimično dostupno'),
(30, 66, 3256.11, 'potrebna dopuna'),
(212, 67, 32.52, 'potrebna dopuna'),
(9, 67, 32.48, 'delimično dostupno'),
(26, 67, 878.85, 'potrebna dopuna'),
(43, 67, 7568.01, 'potrebna dopuna'),
(5, 68, 32.67, 'dostupno'),
(22, 68, 5214.21, 'dostupno'),
(39, 68, 1313.87, 'u proveri'),
(56, 68, 80.39, 'u proveri'),
(18, 69, 13032.70, 'rezervisano za narednu sesiju'),
(35, 69, 1895.57, 'delimično dostupno'),
(52, 69, 28.18, 'dostupno'),
(69, 69, 41.25, 'u proveri'),
(31, 70, 11617.43, 'potrebna dopuna'),
(48, 70, 73.81, 'potrebna dopuna'),
(65, 70, 341.85, 'rezervisano za narednu sesiju'),
(82, 70, 5668.33, 'potrebna dopuna'),
(44, 71, 45.21, 'delimično dostupno'),
(61, 71, 417.73, 'u proveri'),
(78, 71, 2127.53, 'potrebna dopuna'),
(95, 71, 1794.36, 'potrebna dopuna'),
(57, 72, 142.41, 'potrebna dopuna'),
(74, 72, 6814.48, 'dostupno'),
(91, 72, 6649.18, 'dostupno'),
(108, 72, 43.94, 'potrebna dopuna'),
(70, 73, 3813.07, 'dostupno'),
(87, 73, 12244.43, 'u proveri'),
(104, 73, 54.59, 'potrebna dopuna'),
(121, 73, 209.60, 'dostupno'),
(83, 74, 3037.09, 'rezervisano za narednu sesiju'),
(100, 74, 27.29, 'potrebna dopuna'),
(117, 74, 338.15, 'delimično dostupno'),
(134, 74, 1600.16, 'rezervisano za narednu sesiju'),
(96, 75, 20.80, 'dostupno'),
(113, 75, 140.67, 'delimično dostupno'),
(130, 75, 2804.88, 'rezervisano za narednu sesiju'),
(147, 75, 5672.67, 'rezervisano za narednu sesiju'),
(109, 76, 101.05, 'potrebna dopuna'),
(126, 76, 9459.51, 'dostupno'),
(143, 76, 8511.30, 'potrebna dopuna'),
(160, 76, 47.28, 'u proveri'),
(122, 77, 8786.81, 'delimično dostupno'),
(139, 77, 4484.92, 'u proveri'),
(156, 77, 81.66, 'delimično dostupno'),
(173, 77, 319.16, 'u proveri'),
(135, 78, 917.00, 'u proveri'),
(152, 78, 39.45, 'rezervisano za narednu sesiju'),
(169, 78, 151.47, 'u proveri'),
(186, 78, 6959.47, 'rezervisano za narednu sesiju'),
(148, 79, 37.15, 'u proveri'),
(165, 79, 60.71, 'rezervisano za narednu sesiju'),
(182, 79, 5325.90, 'delimično dostupno'),
(199, 79, 1252.49, 'u proveri'),
(161, 80, 143.92, 'u proveri'),
(178, 80, 954.36, 'potrebna dopuna'),
(195, 80, 5688.03, 'delimično dostupno'),
(212, 80, 81.95, 'delimično dostupno'),
(174, 81, 8630.98, 'rezervisano za narednu sesiju'),
(191, 81, 2614.42, 'u proveri'),
(208, 81, 118.23, 'dostupno'),
(5, 81, 21.15, 'delimično dostupno'),
(187, 82, 3066.16, 'delimično dostupno'),
(204, 82, 8.65, 'potrebna dopuna'),
(1, 82, 74.62, 'potrebna dopuna'),
(18, 82, 12282.68, 'rezervisano za narednu sesiju'),
(200, 83, 34.11, 'potrebna dopuna'),
(217, 83, 40.60, 'dostupno'),
(14, 83, 8683.47, 'potrebna dopuna'),
(31, 83, 5342.36, 'rezervisano za narednu sesiju'),
(213, 84, 18.67, 'delimično dostupno'),
(10, 84, 1156.01, 'delimično dostupno'),
(27, 84, 686.59, 'rezervisano za narednu sesiju'),
(44, 84, 21.00, 'potrebna dopuna'),
(6, 85, 4343.26, 'rezervisano za narednu sesiju'),
(23, 85, 5245.29, 'delimično dostupno'),
(40, 85, 29.02, 'rezervisano za narednu sesiju'),
(57, 85, 192.50, 'u proveri'),
(19, 86, 3420.76, 'dostupno'),
(36, 86, 35.24, 'dostupno'),
(53, 86, 314.29, 'rezervisano za narednu sesiju'),
(70, 86, 5323.28, 'dostupno'),
(32, 87, 41.59, 'rezervisano za narednu sesiju'),
(49, 87, 142.73, 'rezervisano za narednu sesiju'),
(66, 87, 3255.10, 'dostupno'),
(83, 87, 4514.75, 'delimično dostupno'),
(45, 88, 170.06, 'rezervisano za narednu sesiju'),
(62, 88, 13861.73, 'u proveri'),
(79, 88, 3047.76, 'dostupno'),
(96, 88, 39.41, 'potrebna dopuna'),
(58, 89, 2240.16, 'u proveri'),
(75, 89, 1115.82, 'potrebna dopuna'),
(92, 89, 65.26, 'rezervisano za narednu sesiju'),
(109, 89, 166.82, 'delimično dostupno'),
(71, 90, 5165.07, 'dostupno'),
(88, 90, 46.59, 'delimično dostupno'),
(105, 90, 244.29, 'rezervisano za narednu sesiju'),
(122, 90, 1950.45, 'u proveri'),
(84, 91, 27.76, 'potrebna dopuna'),
(101, 91, 222.33, 'rezervisano za narednu sesiju'),
(118, 91, 4828.74, 'delimično dostupno'),
(135, 91, 1233.64, 'potrebna dopuna'),
(97, 92, 145.82, 'delimično dostupno'),
(114, 92, 6758.30, 'rezervisano za narednu sesiju'),
(131, 92, 4862.95, 'delimično dostupno'),
(148, 92, 18.15, 'rezervisano za narednu sesiju'),
(110, 93, 3841.33, 'delimično dostupno'),
(127, 93, 4382.22, 'u proveri'),
(144, 93, 54.93, 'u proveri'),
(161, 93, 147.75, 'potrebna dopuna'),
(123, 94, 302.02, 'u proveri'),
(140, 94, 83.47, 'dostupno'),
(157, 94, 172.41, 'delimično dostupno'),
(174, 94, 4561.69, 'delimično dostupno'),
(136, 95, 30.73, 'u proveri'),
(153, 95, 291.39, 'u proveri'),
(170, 95, 9482.24, 'rezervisano za narednu sesiju'),
(187, 95, 1614.42, 'rezervisano za narednu sesiju'),
(149, 96, 263.68, 'delimično dostupno'),
(166, 96, 8985.06, 'potrebna dopuna'),
(183, 96, 2399.17, 'potrebna dopuna'),
(200, 96, 107.04, 'potrebna dopuna'),
(162, 97, 7574.94, 'rezervisano za narednu sesiju'),
(179, 97, 579.32, 'potrebna dopuna'),
(196, 97, 126.52, 'dostupno'),
(213, 97, 46.34, 'potrebna dopuna'),
(175, 98, 1446.92, 'dostupno'),
(192, 98, 47.06, 'dostupno'),
(209, 98, 77.10, 'potrebna dopuna'),
(6, 98, 4081.45, 'rezervisano za narednu sesiju'),
(188, 99, 13.22, 'rezervisano za narednu sesiju'),
(205, 99, 82.47, 'potrebna dopuna'),
(2, 99, 540.41, 'rezervisano za narednu sesiju'),
(19, 99, 5723.72, 'delimično dostupno'),
(201, 100, 123.64, 'potrebna dopuna'),
(218, 100, 8319.33, 'dostupno'),
(15, 100, 9352.47, 'potrebna dopuna'),
(32, 100, 24.04, 'potrebna dopuna');

INSERT INTO Tip_Alata (tip_id, naziv, opis, kategorija) VALUES
(1, 'Platforma za eksperimentalne igre', 'Pokretanje igara poverenja, javnih dobara i pregovaranja.', 'Softver'),
(2, 'Simulator aukcija', 'Realizacija licitiranja sa različitim pravilima i rezervnim cenama.', 'Softver'),
(3, 'Sistem za anketiranje', 'Prikupljanje stavova učesnika pre i posle eksperimenta.', 'Softver'),
(4, 'Alat za statističku obradu', 'Analiza rezultata, regresije i vizualizacija podataka.', 'Analitika'),
(5, 'Randomizator grupa', 'Nasumična podela učesnika po ulogama i tretmanima.', 'Softver'),
(6, 'Logger transakcija', 'Beleženje ponuda, kupovina, prodaja i promena stanja.', 'Evidencija'),
(7, 'Dashboard tržišta', 'Praćenje cena, količina i ravnoteže tokom sesije.', 'Monitoring'),
(8, 'Sistem za isplatu nagrada', 'Obračun bonusa i eksport naloga za isplatu.', 'Finansije'),
(9, 'Generator tržišnih podataka', 'Priprema scenarija sa cenama, šokovima i tražnjom.', 'Podaci'),
(10, 'Alat za analizu rizika', 'Procena averzije prema riziku i izbora pod neizvesnošću.', 'Analitika');

INSERT INTO Alat (alat_id, tip_id, lab_id, naziv_instance, verzija, datum_nabavke, datum_proizvodnje, licenca) VALUES
(1, 4, 1, 'Python Stats Notebook L001-1', '1.8.3', '2025-10-09', '2023-06-06', 'fakultetska licenca'),
(2, 9, 1, 'DemandCurve Generator L001-2', '1.6.2', '2022-01-07', '2019-11-06', 'open-source'),
(3, 4, 1, 'Stata Lab License L001-3', '5.1.0', '2024-05-17', '2023-05-01', 'besplatna istraživačka verzija'),
(4, 7, 2, 'DemandSupply Monitor L002-1', '1.8.0', '2022-05-22', '2020-12-25', 'akademska licenca'),
(5, 2, 2, 'VickreyLab Console L002-2', '3.6.1', '2022-10-05', '2020-07-13', 'besplatna istraživačka verzija'),
(6, 7, 2, 'Equilibrium Dashboard L002-3', '4.5.3', '2024-07-07', '2023-05-18', 'godišnja pretplata'),
(7, 10, 3, 'ProspectLab Toolkit L003-1', '1.8.1', '2025-08-31', '2024-08-10', 'akademska licenca'),
(8, 5, 3, 'Randomizer Pro L003-2', '2.8.3', '2024-12-19', '2024-07-12', 'besplatna istraživačka verzija'),
(9, 10, 3, 'LotteryTask Engine L003-3', '2.0.0', '2023-09-04', '2022-04-18', 'besplatna istraživačka verzija'),
(10, 3, 4, 'LimeSurvey Decision Form L004-1', '5.6.4', '2024-02-16', '2021-09-26', 'open-source'),
(11, 8, 4, 'RewardCalc Terminal L004-2', '2.7.2', '2022-11-14', '2022-01-06', 'open-source'),
(12, 3, 4, 'SurveyFlow Balkan Panel L004-3', '1.0.3', '2025-06-13', '2023-03-22', 'akademska licenca'),
(13, 6, 5, 'TransactionVault L005-1', '2.3.0', '2022-07-26', '2020-10-26', 'akademska licenca'),
(14, 1, 5, 'EconPlay Negotiation Server L005-2', '4.9.0', '2023-05-17', '2021-03-20', 'akademska licenca'),
(15, 6, 5, 'MarketTrace Agent L005-3', '4.7.1', '2025-01-10', '2024-05-03', 'akademska licenca'),
(16, 9, 6, 'DemandCurve Generator L006-1', '2.8.2', '2023-04-25', '2020-12-11', 'besplatna istraživačka verzija'),
(17, 4, 6, 'Stata Lab License L006-2', '5.5.4', '2025-05-09', '2023-02-08', 'besplatna istraživačka verzija'),
(18, 9, 6, 'Synthetic Market Feed L006-3', '3.3.2', '2022-10-21', '2020-11-14', 'laboratorijska licenca'),
(19, 2, 7, 'VickreyLab Console L007-1', '2.6.2', '2023-07-18', '2023-04-17', 'laboratorijska licenca'),
(20, 7, 7, 'Equilibrium Dashboard L007-2', '5.2.3', '2025-02-12', '2023-08-25', 'akademska licenca'),
(21, 2, 7, 'BidLab Dutch Auction L007-3', '3.6.4', '2023-10-15', '2021-10-02', 'godišnja pretplata'),
(22, 5, 8, 'Randomizer Pro L008-1', '4.2.2', '2024-02-10', '2023-07-07', 'laboratorijska licenca'),
(23, 10, 8, 'LotteryTask Engine L008-2', '4.3.1', '2023-09-08', '2021-08-15', 'open-source'),
(24, 5, 8, 'Treatment Allocator L008-3', '4.0.4', '2024-04-25', '2023-01-25', 'laboratorijska licenca'),
(25, 8, 9, 'RewardCalc Terminal L009-1', '5.2.3', '2023-05-13', '2022-07-26', 'open-source'),
(26, 3, 9, 'SurveyFlow Balkan Panel L009-2', '3.1.3', '2024-01-30', '2023-09-28', 'laboratorijska licenca'),
(27, 8, 9, 'PayoutSheet Generator L009-3', '2.0.2', '2024-02-12', '2022-02-23', 'laboratorijska licenca'),
(28, 1, 10, 'EconPlay Negotiation Server L010-1', '5.0.0', '2023-01-21', '2020-09-20', 'laboratorijska licenca'),
(29, 6, 10, 'MarketTrace Agent L010-2', '5.3.3', '2023-03-04', '2022-02-27', 'fakultetska licenca'),
(30, 1, 10, 'oTree Public Goods Node L010-3', '1.3.1', '2022-08-29', '2020-06-26', 'godišnja pretplata'),
(31, 4, 11, 'Stata Lab License L011-1', '2.9.1', '2024-03-23', '2023-06-22', 'laboratorijska licenca'),
(32, 9, 11, 'Synthetic Market Feed L011-2', '3.4.3', '2024-08-12', '2023-01-14', 'besplatna istraživačka verzija'),
(33, 4, 11, 'Python Stats Notebook L011-3', '3.4.2', '2024-01-07', '2022-07-01', 'godišnja pretplata'),
(34, 7, 12, 'Equilibrium Dashboard L012-1', '4.1.3', '2023-10-18', '2023-02-22', 'fakultetska licenca'),
(35, 2, 12, 'BidLab Dutch Auction L012-2', '3.6.0', '2025-02-26', '2024-06-15', 'besplatna istraživačka verzija'),
(36, 7, 12, 'DemandSupply Monitor L012-3', '2.0.2', '2025-02-07', '2023-05-21', 'laboratorijska licenca'),
(37, 10, 13, 'LotteryTask Engine L013-1', '4.4.1', '2023-02-06', '2022-02-04', 'open-source'),
(38, 5, 13, 'Treatment Allocator L013-2', '4.9.1', '2024-10-19', '2023-03-06', 'besplatna istraživačka verzija'),
(39, 10, 13, 'ProspectLab Toolkit L013-3', '3.4.3', '2025-08-07', '2023-06-12', 'godišnja pretplata'),
(40, 3, 14, 'SurveyFlow Balkan Panel L014-1', '4.2.2', '2022-12-13', '2022-06-23', 'besplatna istraživačka verzija'),
(41, 8, 14, 'PayoutSheet Generator L014-2', '5.7.1', '2025-01-15', '2023-02-28', 'akademska licenca'),
(42, 3, 14, 'LimeSurvey Decision Form L014-3', '5.0.0', '2025-09-30', '2025-07-13', 'akademska licenca'),
(43, 6, 15, 'MarketTrace Agent L015-1', '4.2.1', '2022-05-20', '2020-04-26', 'open-source'),
(44, 1, 15, 'oTree Public Goods Node L015-2', '1.3.4', '2024-07-22', '2023-06-06', 'akademska licenca'),
(45, 6, 15, 'TransactionVault L015-3', '5.9.3', '2025-09-12', '2024-04-01', 'akademska licenca'),
(46, 9, 16, 'Synthetic Market Feed L016-1', '1.8.4', '2024-04-22', '2024-03-11', 'akademska licenca'),
(47, 4, 16, 'Python Stats Notebook L016-2', '5.4.4', '2023-08-11', '2023-06-25', 'laboratorijska licenca'),
(48, 9, 16, 'DemandCurve Generator L016-3', '4.2.0', '2022-07-17', '2020-12-28', 'open-source'),
(49, 2, 17, 'BidLab Dutch Auction L017-1', '2.3.4', '2024-12-14', '2024-03-01', 'fakultetska licenca'),
(50, 7, 17, 'DemandSupply Monitor L017-2', '3.6.0', '2024-02-04', '2022-11-16', 'godišnja pretplata'),
(51, 2, 17, 'VickreyLab Console L017-3', '5.3.1', '2023-09-07', '2021-09-07', 'akademska licenca'),
(52, 5, 18, 'Treatment Allocator L018-1', '1.1.3', '2024-02-16', '2022-12-27', 'laboratorijska licenca'),
(53, 10, 18, 'ProspectLab Toolkit L018-2', '4.0.0', '2022-12-17', '2022-08-25', 'godišnja pretplata'),
(54, 5, 18, 'Randomizer Pro L018-3', '4.5.4', '2022-07-15', '2020-12-22', 'akademska licenca'),
(55, 8, 19, 'PayoutSheet Generator L019-1', '2.3.4', '2024-08-31', '2023-10-29', 'akademska licenca'),
(56, 3, 19, 'LimeSurvey Decision Form L019-2', '1.4.4', '2025-02-28', '2023-03-28', 'akademska licenca'),
(57, 8, 19, 'RewardCalc Terminal L019-3', '2.5.0', '2023-03-01', '2021-06-08', 'open-source'),
(58, 1, 20, 'oTree Public Goods Node L020-1', '4.1.2', '2022-11-29', '2021-04-01', 'open-source'),
(59, 6, 20, 'TransactionVault L020-2', '5.6.4', '2023-11-11', '2022-09-14', 'besplatna istraživačka verzija'),
(60, 1, 20, 'EconPlay Negotiation Server L020-3', '2.1.4', '2023-12-10', '2023-09-17', 'akademska licenca'),
(61, 4, 21, 'Python Stats Notebook L021-1', '4.3.0', '2023-11-29', '2022-02-18', 'laboratorijska licenca'),
(62, 9, 21, 'DemandCurve Generator L021-2', '5.6.2', '2022-03-02', '2020-04-22', 'fakultetska licenca'),
(63, 4, 21, 'Stata Lab License L021-3', '4.7.1', '2023-12-30', '2022-05-13', 'godišnja pretplata'),
(64, 7, 22, 'DemandSupply Monitor L022-1', '4.2.4', '2025-09-15', '2024-07-23', 'akademska licenca'),
(65, 2, 22, 'VickreyLab Console L022-2', '5.4.1', '2022-05-31', '2022-02-06', 'fakultetska licenca'),
(66, 7, 22, 'Equilibrium Dashboard L022-3', '2.6.1', '2024-03-08', '2023-03-20', 'fakultetska licenca'),
(67, 10, 23, 'ProspectLab Toolkit L023-1', '1.1.0', '2023-09-24', '2022-05-27', 'fakultetska licenca'),
(68, 5, 23, 'Randomizer Pro L023-2', '3.1.1', '2022-06-28', '2021-11-19', 'godišnja pretplata'),
(69, 10, 23, 'LotteryTask Engine L023-3', '4.8.4', '2024-11-15', '2023-08-26', 'akademska licenca'),
(70, 3, 24, 'LimeSurvey Decision Form L024-1', '1.1.2', '2025-02-09', '2024-10-07', 'laboratorijska licenca'),
(71, 8, 24, 'RewardCalc Terminal L024-2', '5.5.3', '2022-01-26', '2021-03-04', 'godišnja pretplata'),
(72, 3, 24, 'SurveyFlow Balkan Panel L024-3', '4.1.4', '2023-05-13', '2021-09-05', 'laboratorijska licenca'),
(73, 6, 25, 'TransactionVault L025-1', '2.6.1', '2022-10-12', '2021-12-11', 'fakultetska licenca'),
(74, 1, 25, 'EconPlay Negotiation Server L025-2', '3.7.1', '2022-05-10', '2021-10-21', 'godišnja pretplata'),
(75, 6, 25, 'MarketTrace Agent L025-3', '3.6.2', '2024-09-18', '2022-06-10', 'akademska licenca'),
(76, 9, 26, 'DemandCurve Generator L026-1', '3.4.1', '2025-07-04', '2024-01-14', 'laboratorijska licenca'),
(77, 4, 26, 'Stata Lab License L026-2', '5.3.3', '2022-08-08', '2022-02-21', 'fakultetska licenca'),
(78, 9, 26, 'Synthetic Market Feed L026-3', '1.6.2', '2025-06-24', '2024-05-01', 'fakultetska licenca'),
(79, 2, 27, 'VickreyLab Console L027-1', '4.5.3', '2025-08-26', '2023-11-27', 'open-source'),
(80, 7, 27, 'Equilibrium Dashboard L027-2', '3.5.4', '2023-02-16', '2021-09-14', 'fakultetska licenca'),
(81, 2, 27, 'BidLab Dutch Auction L027-3', '2.6.2', '2023-08-20', '2021-06-29', 'besplatna istraživačka verzija'),
(82, 5, 28, 'Randomizer Pro L028-1', '4.9.1', '2023-10-30', '2022-09-10', 'fakultetska licenca'),
(83, 10, 28, 'LotteryTask Engine L028-2', '4.5.0', '2025-02-28', '2024-07-09', 'laboratorijska licenca'),
(84, 5, 28, 'Treatment Allocator L028-3', '5.2.4', '2022-02-25', '2020-01-13', 'godišnja pretplata'),
(85, 8, 29, 'RewardCalc Terminal L029-1', '2.7.2', '2022-05-22', '2020-01-05', 'godišnja pretplata'),
(86, 3, 29, 'SurveyFlow Balkan Panel L029-2', '4.2.2', '2023-05-11', '2022-07-27', 'besplatna istraživačka verzija'),
(87, 8, 29, 'PayoutSheet Generator L029-3', '2.6.3', '2022-06-01', '2021-01-28', 'laboratorijska licenca'),
(88, 1, 30, 'EconPlay Negotiation Server L030-1', '4.9.3', '2024-12-30', '2023-07-01', 'besplatna istraživačka verzija'),
(89, 6, 30, 'MarketTrace Agent L030-2', '4.8.0', '2024-01-07', '2021-12-20', 'laboratorijska licenca'),
(90, 1, 30, 'oTree Public Goods Node L030-3', '5.1.0', '2023-05-24', '2021-06-20', 'besplatna istraživačka verzija'),
(91, 4, 31, 'Stata Lab License L031-1', '3.2.4', '2022-04-01', '2020-08-03', 'besplatna istraživačka verzija'),
(92, 9, 31, 'Synthetic Market Feed L031-2', '4.5.3', '2022-08-05', '2022-06-26', 'akademska licenca'),
(93, 4, 31, 'Python Stats Notebook L031-3', '3.3.4', '2024-11-28', '2023-04-07', 'laboratorijska licenca'),
(94, 7, 32, 'Equilibrium Dashboard L032-1', '5.3.3', '2024-02-06', '2022-12-03', 'godišnja pretplata'),
(95, 2, 32, 'BidLab Dutch Auction L032-2', '5.8.1', '2023-12-08', '2023-10-14', 'godišnja pretplata'),
(96, 7, 32, 'DemandSupply Monitor L032-3', '1.4.3', '2022-06-25', '2022-01-28', 'besplatna istraživačka verzija'),
(97, 10, 33, 'LotteryTask Engine L033-1', '2.5.2', '2023-12-04', '2022-07-26', 'open-source'),
(98, 5, 33, 'Treatment Allocator L033-2', '5.7.2', '2024-09-02', '2024-04-26', 'godišnja pretplata'),
(99, 10, 33, 'ProspectLab Toolkit L033-3', '4.5.0', '2023-09-07', '2023-06-24', 'besplatna istraživačka verzija'),
(100, 3, 34, 'SurveyFlow Balkan Panel L034-1', '1.0.2', '2025-08-20', '2025-04-01', 'besplatna istraživačka verzija'),
(101, 8, 34, 'PayoutSheet Generator L034-2', '2.3.4', '2022-12-24', '2021-05-08', 'open-source'),
(102, 3, 34, 'LimeSurvey Decision Form L034-3', '3.8.3', '2024-08-04', '2023-11-11', 'godišnja pretplata'),
(103, 6, 35, 'MarketTrace Agent L035-1', '2.2.3', '2024-03-21', '2024-01-22', 'besplatna istraživačka verzija'),
(104, 1, 35, 'oTree Public Goods Node L035-2', '5.3.3', '2025-04-27', '2024-01-14', 'godišnja pretplata'),
(105, 6, 35, 'TransactionVault L035-3', '1.3.1', '2023-07-25', '2021-05-16', 'besplatna istraživačka verzija'),
(106, 9, 36, 'Synthetic Market Feed L036-1', '1.9.0', '2025-01-04', '2024-05-28', 'fakultetska licenca'),
(107, 4, 36, 'Python Stats Notebook L036-2', '3.3.3', '2022-08-22', '2021-10-28', 'besplatna istraživačka verzija'),
(108, 9, 36, 'DemandCurve Generator L036-3', '4.8.2', '2025-05-07', '2024-03-06', 'laboratorijska licenca'),
(109, 2, 37, 'BidLab Dutch Auction L037-1', '4.9.0', '2023-12-14', '2022-11-19', 'godišnja pretplata'),
(110, 7, 37, 'DemandSupply Monitor L037-2', '5.2.2', '2025-06-12', '2023-09-17', 'akademska licenca'),
(111, 2, 37, 'VickreyLab Console L037-3', '2.5.0', '2023-05-04', '2022-05-27', 'akademska licenca'),
(112, 5, 38, 'Treatment Allocator L038-1', '2.5.1', '2024-11-12', '2023-09-12', 'godišnja pretplata'),
(113, 10, 38, 'ProspectLab Toolkit L038-2', '5.2.4', '2024-02-25', '2022-11-19', 'open-source'),
(114, 5, 38, 'Randomizer Pro L038-3', '4.8.1', '2025-02-10', '2024-07-25', 'godišnja pretplata'),
(115, 8, 39, 'PayoutSheet Generator L039-1', '3.2.1', '2023-10-07', '2021-04-28', 'godišnja pretplata'),
(116, 3, 39, 'LimeSurvey Decision Form L039-2', '5.0.2', '2022-01-20', '2020-08-12', 'open-source'),
(117, 8, 39, 'RewardCalc Terminal L039-3', '2.6.4', '2024-11-01', '2022-12-04', 'godišnja pretplata'),
(118, 1, 40, 'oTree Public Goods Node L040-1', '4.7.3', '2024-06-28', '2023-01-15', 'open-source'),
(119, 6, 40, 'TransactionVault L040-2', '1.9.0', '2023-03-28', '2022-05-03', 'akademska licenca'),
(120, 1, 40, 'EconPlay Negotiation Server L040-3', '3.3.4', '2023-08-15', '2023-01-25', 'godišnja pretplata'),
(121, 4, 41, 'Python Stats Notebook L041-1', '5.7.4', '2024-11-12', '2024-06-20', 'laboratorijska licenca'),
(122, 9, 41, 'DemandCurve Generator L041-2', '1.4.4', '2024-01-22', '2022-06-16', 'akademska licenca'),
(123, 4, 41, 'Stata Lab License L041-3', '4.8.1', '2024-05-20', '2024-01-07', 'besplatna istraživačka verzija'),
(124, 7, 42, 'DemandSupply Monitor L042-1', '2.4.0', '2024-07-10', '2023-09-15', 'fakultetska licenca'),
(125, 2, 42, 'VickreyLab Console L042-2', '1.7.0', '2023-05-01', '2022-08-30', 'besplatna istraživačka verzija'),
(126, 7, 42, 'Equilibrium Dashboard L042-3', '5.5.4', '2025-07-19', '2024-04-07', 'open-source'),
(127, 10, 43, 'ProspectLab Toolkit L043-1', '5.2.1', '2023-02-28', '2020-10-27', 'akademska licenca'),
(128, 5, 43, 'Randomizer Pro L043-2', '5.5.4', '2023-07-30', '2021-10-27', 'laboratorijska licenca'),
(129, 10, 43, 'LotteryTask Engine L043-3', '2.5.2', '2023-08-16', '2021-12-08', 'fakultetska licenca'),
(130, 3, 44, 'LimeSurvey Decision Form L044-1', '5.1.1', '2024-04-22', '2024-01-23', 'fakultetska licenca'),
(131, 8, 44, 'RewardCalc Terminal L044-2', '2.2.1', '2022-10-27', '2020-09-29', 'fakultetska licenca'),
(132, 3, 44, 'SurveyFlow Balkan Panel L044-3', '2.6.3', '2022-10-19', '2021-02-05', 'besplatna istraživačka verzija'),
(133, 6, 45, 'TransactionVault L045-1', '3.6.3', '2024-07-14', '2024-03-29', 'besplatna istraživačka verzija'),
(134, 1, 45, 'EconPlay Negotiation Server L045-2', '1.6.4', '2023-07-24', '2021-07-13', 'fakultetska licenca'),
(135, 6, 45, 'MarketTrace Agent L045-3', '4.7.2', '2025-04-06', '2025-03-05', 'besplatna istraživačka verzija'),
(136, 9, 46, 'DemandCurve Generator L046-1', '1.7.2', '2022-05-10', '2020-01-17', 'laboratorijska licenca'),
(137, 4, 46, 'Stata Lab License L046-2', '4.3.3', '2023-03-10', '2021-09-20', 'fakultetska licenca'),
(138, 9, 46, 'Synthetic Market Feed L046-3', '3.4.2', '2025-01-25', '2023-05-15', 'open-source'),
(139, 2, 47, 'VickreyLab Console L047-1', '5.7.2', '2025-10-29', '2023-08-11', 'akademska licenca'),
(140, 7, 47, 'Equilibrium Dashboard L047-2', '1.1.3', '2022-02-03', '2021-08-30', 'open-source'),
(141, 2, 47, 'BidLab Dutch Auction L047-3', '4.7.0', '2024-05-26', '2023-10-02', 'besplatna istraživačka verzija'),
(142, 5, 48, 'Randomizer Pro L048-1', '2.4.1', '2023-07-16', '2023-03-13', 'besplatna istraživačka verzija'),
(143, 10, 48, 'LotteryTask Engine L048-2', '3.4.0', '2024-02-01', '2022-02-21', 'besplatna istraživačka verzija'),
(144, 5, 48, 'Treatment Allocator L048-3', '2.0.3', '2025-07-05', '2024-07-28', 'besplatna istraživačka verzija'),
(145, 8, 49, 'RewardCalc Terminal L049-1', '2.6.0', '2022-07-14', '2022-06-13', 'open-source'),
(146, 3, 49, 'SurveyFlow Balkan Panel L049-2', '4.1.1', '2025-04-30', '2024-08-12', 'laboratorijska licenca'),
(147, 8, 49, 'PayoutSheet Generator L049-3', '4.0.0', '2023-12-05', '2021-07-22', 'akademska licenca'),
(148, 1, 50, 'EconPlay Negotiation Server L050-1', '4.2.3', '2022-05-26', '2021-09-04', 'godišnja pretplata'),
(149, 6, 50, 'MarketTrace Agent L050-2', '1.1.0', '2023-10-04', '2022-08-24', 'fakultetska licenca'),
(150, 1, 50, 'oTree Public Goods Node L050-3', '2.6.1', '2025-08-06', '2023-08-14', 'open-source'),
(151, 4, 51, 'Stata Lab License L051-1', '1.8.4', '2022-01-18', '2020-04-04', 'besplatna istraživačka verzija'),
(152, 9, 51, 'Synthetic Market Feed L051-2', '2.7.2', '2023-03-13', '2021-05-09', 'besplatna istraživačka verzija'),
(153, 4, 51, 'Python Stats Notebook L051-3', '2.6.4', '2024-06-25', '2023-10-17', 'akademska licenca'),
(154, 7, 52, 'Equilibrium Dashboard L052-1', '1.2.0', '2025-04-22', '2023-03-07', 'godišnja pretplata'),
(155, 2, 52, 'BidLab Dutch Auction L052-2', '3.6.2', '2022-10-14', '2022-01-04', 'fakultetska licenca'),
(156, 7, 52, 'DemandSupply Monitor L052-3', '1.3.4', '2025-05-15', '2023-08-10', 'besplatna istraživačka verzija'),
(157, 10, 53, 'LotteryTask Engine L053-1', '5.4.0', '2025-09-10', '2024-10-07', 'open-source'),
(158, 5, 53, 'Treatment Allocator L053-2', '5.9.4', '2023-01-22', '2020-11-18', 'godišnja pretplata'),
(159, 10, 53, 'ProspectLab Toolkit L053-3', '3.0.1', '2024-10-10', '2023-08-12', 'akademska licenca'),
(160, 3, 54, 'SurveyFlow Balkan Panel L054-1', '2.7.4', '2022-05-26', '2020-11-02', 'akademska licenca'),
(161, 8, 54, 'PayoutSheet Generator L054-2', '3.5.1', '2024-03-03', '2021-09-26', 'laboratorijska licenca'),
(162, 3, 54, 'LimeSurvey Decision Form L054-3', '4.5.4', '2025-10-30', '2025-04-07', 'godišnja pretplata'),
(163, 6, 55, 'MarketTrace Agent L055-1', '1.0.4', '2022-05-19', '2022-04-05', 'fakultetska licenca'),
(164, 1, 55, 'oTree Public Goods Node L055-2', '2.0.0', '2024-03-26', '2022-09-25', 'fakultetska licenca'),
(165, 6, 55, 'TransactionVault L055-3', '5.6.3', '2024-04-03', '2023-12-11', 'besplatna istraživačka verzija'),
(166, 9, 56, 'Synthetic Market Feed L056-1', '5.8.4', '2022-11-09', '2021-12-30', 'akademska licenca'),
(167, 4, 56, 'Python Stats Notebook L056-2', '3.1.4', '2023-02-21', '2020-10-17', 'open-source'),
(168, 9, 56, 'DemandCurve Generator L056-3', '5.5.3', '2025-04-16', '2023-06-07', 'besplatna istraživačka verzija'),
(169, 2, 57, 'BidLab Dutch Auction L057-1', '1.4.3', '2023-05-04', '2023-02-04', 'open-source'),
(170, 7, 57, 'DemandSupply Monitor L057-2', '1.6.0', '2024-07-17', '2022-09-30', 'laboratorijska licenca'),
(171, 2, 57, 'VickreyLab Console L057-3', '1.4.1', '2022-09-02', '2022-07-22', 'besplatna istraživačka verzija'),
(172, 5, 58, 'Treatment Allocator L058-1', '2.0.1', '2024-10-13', '2023-09-24', 'laboratorijska licenca'),
(173, 10, 58, 'ProspectLab Toolkit L058-2', '5.4.1', '2024-02-01', '2023-08-26', 'besplatna istraživačka verzija'),
(174, 5, 58, 'Randomizer Pro L058-3', '3.1.0', '2023-11-18', '2021-07-15', 'godišnja pretplata'),
(175, 8, 59, 'PayoutSheet Generator L059-1', '3.8.0', '2023-06-23', '2021-05-25', 'laboratorijska licenca'),
(176, 3, 59, 'LimeSurvey Decision Form L059-2', '1.7.3', '2024-11-12', '2023-10-11', 'akademska licenca'),
(177, 8, 59, 'RewardCalc Terminal L059-3', '4.9.1', '2024-01-24', '2023-07-17', 'fakultetska licenca'),
(178, 1, 60, 'oTree Public Goods Node L060-1', '1.9.0', '2023-04-13', '2021-02-14', 'laboratorijska licenca'),
(179, 6, 60, 'TransactionVault L060-2', '1.0.0', '2023-05-16', '2023-02-28', 'godišnja pretplata'),
(180, 1, 60, 'EconPlay Negotiation Server L060-3', '3.6.1', '2023-01-02', '2022-10-28', 'laboratorijska licenca'),
(181, 4, 61, 'Python Stats Notebook L061-1', '4.3.2', '2023-05-24', '2022-02-22', 'besplatna istraživačka verzija'),
(182, 9, 61, 'DemandCurve Generator L061-2', '3.4.0', '2025-03-16', '2024-01-30', 'akademska licenca'),
(183, 7, 62, 'DemandSupply Monitor L062-1', '5.0.1', '2023-04-03', '2020-12-01', 'laboratorijska licenca'),
(184, 2, 62, 'VickreyLab Console L062-2', '1.6.0', '2024-08-10', '2023-09-26', 'fakultetska licenca'),
(185, 10, 63, 'ProspectLab Toolkit L063-1', '3.1.4', '2024-07-24', '2024-06-16', 'fakultetska licenca'),
(186, 5, 63, 'Randomizer Pro L063-2', '2.4.4', '2023-09-15', '2021-07-20', 'laboratorijska licenca'),
(187, 3, 64, 'LimeSurvey Decision Form L064-1', '2.7.2', '2025-04-26', '2023-11-08', 'open-source'),
(188, 8, 64, 'RewardCalc Terminal L064-2', '5.3.1', '2022-01-14', '2020-10-22', 'akademska licenca'),
(189, 6, 65, 'TransactionVault L065-1', '2.8.2', '2025-07-26', '2023-02-18', 'besplatna istraživačka verzija'),
(190, 1, 65, 'EconPlay Negotiation Server L065-2', '1.5.0', '2025-09-08', '2024-07-20', 'besplatna istraživačka verzija'),
(191, 9, 66, 'DemandCurve Generator L066-1', '3.1.1', '2024-12-21', '2024-03-23', 'godišnja pretplata'),
(192, 4, 66, 'Stata Lab License L066-2', '4.0.1', '2023-07-28', '2023-03-25', 'akademska licenca'),
(193, 2, 67, 'VickreyLab Console L067-1', '2.8.3', '2024-02-02', '2022-09-21', 'besplatna istraživačka verzija'),
(194, 7, 67, 'Equilibrium Dashboard L067-2', '1.9.0', '2024-11-01', '2024-05-19', 'besplatna istraživačka verzija'),
(195, 5, 68, 'Randomizer Pro L068-1', '4.1.4', '2025-03-08', '2024-12-05', 'godišnja pretplata'),
(196, 10, 68, 'LotteryTask Engine L068-2', '2.3.2', '2023-06-19', '2022-07-02', 'godišnja pretplata'),
(197, 8, 69, 'RewardCalc Terminal L069-1', '3.5.3', '2023-07-11', '2022-10-15', 'akademska licenca'),
(198, 3, 69, 'SurveyFlow Balkan Panel L069-2', '2.2.4', '2022-08-12', '2022-02-04', 'akademska licenca'),
(199, 1, 70, 'EconPlay Negotiation Server L070-1', '2.7.3', '2023-10-06', '2022-07-17', 'akademska licenca'),
(200, 6, 70, 'MarketTrace Agent L070-2', '5.5.1', '2024-07-14', '2023-08-04', 'godišnja pretplata'),
(201, 4, 71, 'Stata Lab License L071-1', '3.1.0', '2022-11-19', '2020-07-16', 'besplatna istraživačka verzija'),
(202, 9, 71, 'Synthetic Market Feed L071-2', '3.9.0', '2023-03-17', '2020-10-13', 'fakultetska licenca'),
(203, 7, 72, 'Equilibrium Dashboard L072-1', '2.1.1', '2023-12-30', '2022-10-21', 'laboratorijska licenca'),
(204, 2, 72, 'BidLab Dutch Auction L072-2', '1.4.2', '2022-12-23', '2022-10-23', 'godišnja pretplata'),
(205, 10, 73, 'LotteryTask Engine L073-1', '4.8.4', '2023-05-27', '2023-01-21', 'godišnja pretplata'),
(206, 5, 73, 'Treatment Allocator L073-2', '1.2.0', '2022-01-25', '2021-10-24', 'open-source'),
(207, 3, 74, 'SurveyFlow Balkan Panel L074-1', '2.3.3', '2024-02-02', '2022-01-31', 'besplatna istraživačka verzija'),
(208, 8, 74, 'PayoutSheet Generator L074-2', '1.9.4', '2023-06-15', '2021-02-03', 'akademska licenca'),
(209, 6, 75, 'MarketTrace Agent L075-1', '1.1.1', '2025-08-15', '2024-04-18', 'open-source'),
(210, 1, 75, 'oTree Public Goods Node L075-2', '1.5.0', '2022-03-29', '2020-11-12', 'akademska licenca'),
(211, 9, 76, 'Synthetic Market Feed L076-1', '2.9.3', '2024-03-19', '2022-09-28', 'akademska licenca'),
(212, 4, 76, 'Python Stats Notebook L076-2', '4.6.1', '2023-12-26', '2023-04-21', 'open-source'),
(213, 2, 77, 'BidLab Dutch Auction L077-1', '3.4.3', '2022-11-01', '2022-08-28', 'laboratorijska licenca'),
(214, 7, 77, 'DemandSupply Monitor L077-2', '5.9.1', '2025-08-18', '2024-09-20', 'godišnja pretplata'),
(215, 5, 78, 'Treatment Allocator L078-1', '4.8.3', '2022-05-05', '2022-01-06', 'fakultetska licenca'),
(216, 10, 78, 'ProspectLab Toolkit L078-2', '4.2.3', '2023-02-13', '2021-03-27', 'laboratorijska licenca'),
(217, 8, 79, 'PayoutSheet Generator L079-1', '2.8.0', '2024-02-23', '2021-11-15', 'besplatna istraživačka verzija'),
(218, 3, 79, 'LimeSurvey Decision Form L079-2', '3.7.4', '2024-09-19', '2023-09-03', 'laboratorijska licenca'),
(219, 1, 80, 'oTree Public Goods Node L080-1', '5.5.3', '2023-07-08', '2022-12-06', 'akademska licenca'),
(220, 6, 80, 'TransactionVault L080-2', '3.9.1', '2022-03-02', '2019-10-24', 'fakultetska licenca'),
(221, 4, 81, 'Python Stats Notebook L081-1', '1.7.4', '2024-01-03', '2021-10-10', 'laboratorijska licenca'),
(222, 9, 81, 'DemandCurve Generator L081-2', '2.2.0', '2023-05-23', '2021-06-20', 'open-source'),
(223, 7, 82, 'DemandSupply Monitor L082-1', '3.8.0', '2023-03-26', '2021-07-15', 'godišnja pretplata'),
(224, 2, 82, 'VickreyLab Console L082-2', '3.2.1', '2023-04-30', '2021-08-02', 'fakultetska licenca'),
(225, 10, 83, 'ProspectLab Toolkit L083-1', '3.9.0', '2023-12-22', '2022-04-20', 'laboratorijska licenca'),
(226, 5, 83, 'Randomizer Pro L083-2', '2.9.1', '2024-10-05', '2023-02-28', 'fakultetska licenca'),
(227, 3, 84, 'LimeSurvey Decision Form L084-1', '2.7.0', '2022-07-04', '2022-04-08', 'open-source'),
(228, 8, 84, 'RewardCalc Terminal L084-2', '5.3.0', '2024-12-14', '2023-07-14', 'akademska licenca'),
(229, 6, 85, 'TransactionVault L085-1', '3.9.1', '2022-09-25', '2021-09-12', 'besplatna istraživačka verzija'),
(230, 1, 85, 'EconPlay Negotiation Server L085-2', '2.5.0', '2022-02-14', '2021-08-17', 'laboratorijska licenca'),
(231, 9, 86, 'DemandCurve Generator L086-1', '2.1.4', '2024-01-18', '2023-10-06', 'fakultetska licenca'),
(232, 4, 86, 'Stata Lab License L086-2', '4.9.0', '2023-11-21', '2022-12-17', 'fakultetska licenca'),
(233, 2, 87, 'VickreyLab Console L087-1', '2.2.3', '2025-08-02', '2024-02-21', 'besplatna istraživačka verzija'),
(234, 7, 87, 'Equilibrium Dashboard L087-2', '3.2.4', '2025-06-10', '2023-02-26', 'fakultetska licenca'),
(235, 5, 88, 'Randomizer Pro L088-1', '2.9.1', '2024-02-14', '2023-03-07', 'besplatna istraživačka verzija'),
(236, 10, 88, 'LotteryTask Engine L088-2', '3.2.1', '2022-01-04', '2019-12-18', 'laboratorijska licenca'),
(237, 8, 89, 'RewardCalc Terminal L089-1', '4.9.0', '2023-01-08', '2021-04-02', 'fakultetska licenca'),
(238, 3, 89, 'SurveyFlow Balkan Panel L089-2', '5.3.4', '2022-08-02', '2021-02-10', 'open-source'),
(239, 1, 90, 'EconPlay Negotiation Server L090-1', '3.1.1', '2023-12-12', '2022-12-20', 'open-source'),
(240, 6, 90, 'MarketTrace Agent L090-2', '1.5.3', '2022-01-24', '2021-03-29', 'open-source'),
(241, 4, 91, 'Stata Lab License L091-1', '2.1.2', '2023-06-10', '2021-02-25', 'akademska licenca'),
(242, 9, 91, 'Synthetic Market Feed L091-2', '1.0.3', '2024-06-16', '2022-04-28', 'godišnja pretplata'),
(243, 7, 92, 'Equilibrium Dashboard L092-1', '2.6.3', '2024-02-15', '2023-01-22', 'laboratorijska licenca'),
(244, 2, 92, 'BidLab Dutch Auction L092-2', '4.1.3', '2025-03-29', '2023-05-03', 'besplatna istraživačka verzija'),
(245, 10, 93, 'LotteryTask Engine L093-1', '2.2.3', '2022-05-31', '2020-02-03', 'akademska licenca'),
(246, 5, 93, 'Treatment Allocator L093-2', '3.0.2', '2023-06-19', '2023-02-02', 'akademska licenca'),
(247, 3, 94, 'SurveyFlow Balkan Panel L094-1', '3.2.3', '2022-11-26', '2020-10-08', 'akademska licenca'),
(248, 8, 94, 'PayoutSheet Generator L094-2', '5.1.2', '2025-05-01', '2023-07-13', 'godišnja pretplata'),
(249, 6, 95, 'MarketTrace Agent L095-1', '1.6.1', '2025-05-28', '2024-02-09', 'open-source'),
(250, 1, 95, 'oTree Public Goods Node L095-2', '1.1.2', '2023-02-25', '2022-07-16', 'godišnja pretplata'),
(251, 9, 96, 'Synthetic Market Feed L096-1', '5.8.2', '2025-09-14', '2024-10-31', 'fakultetska licenca'),
(252, 4, 96, 'Python Stats Notebook L096-2', '2.1.0', '2024-03-15', '2022-07-09', 'laboratorijska licenca'),
(253, 2, 97, 'BidLab Dutch Auction L097-1', '4.2.0', '2024-01-09', '2023-12-07', 'godišnja pretplata'),
(254, 7, 97, 'DemandSupply Monitor L097-2', '1.4.4', '2024-09-10', '2024-01-20', 'akademska licenca'),
(255, 5, 98, 'Treatment Allocator L098-1', '1.3.1', '2025-07-31', '2024-09-06', 'akademska licenca'),
(256, 10, 98, 'ProspectLab Toolkit L098-2', '4.1.2', '2024-03-25', '2022-10-30', 'godišnja pretplata'),
(257, 8, 99, 'PayoutSheet Generator L099-1', '3.1.4', '2024-03-04', '2023-07-29', 'fakultetska licenca'),
(258, 3, 99, 'LimeSurvey Decision Form L099-2', '4.5.1', '2024-07-01', '2024-04-17', 'fakultetska licenca'),
(259, 1, 100, 'oTree Public Goods Node L100-1', '4.7.2', '2023-04-09', '2020-11-03', 'fakultetska licenca'),
(260, 6, 100, 'TransactionVault L100-2', '5.0.1', '2025-09-28', '2025-05-22', 'akademska licenca');

INSERT INTO Eksperiment (eksperiment_id, valuta_id, naziv, tip_eksperimenta, opis, broj_ucesnika, cilj, budzet, pravila_igre) VALUES
(1, 5, 'Alokacija resursa radnih sati freelancera sa komunikacijom pre odluke', 'alokacija resursa', 'Kontrolisani ekonomski eksperiment koji modeluje radnih sati freelancera kroz scenario: sa komunikacijom pre odluke. Fokus je na odlukama učesnika, cenama i raspodeli dobiti.', 62, 'Uporediti ishode različitih aukcijskih pravila u kontekstu radnih sati freelancera.', 368476.57, 'Informacije o prosečnoj ceni prikazuju se tek nakon završetka runde, dok su privatni signali dostupni samo određenim učesnicima.'),
(2, 9, 'Simulacija potrošačkog izbora studentskog budžeta sa povratnom informacijom o prosečnoj ceni', 'simulacija potrošačkog izbora', 'Kontrolisani ekonomski eksperiment koji modeluje studentskog budžeta kroz scenario: sa povratnom informacijom o prosečnoj ceni. Fokus je na odlukama učesnika, cenama i raspodeli dobiti.', 70, 'Utvrditi da li učesnici uče iz prethodnih rundi u kontekstu studentskog budžeta.', 437549.85, 'Pre početka svake sesije sprovodi se kontrolni kviz; učesnici koji ne razumeju pravila prelaze u probnu rundu.'),
(3, 3, 'Igra javnog dobra turističkih aranžmana sa šokom ponude', 'igra javnog dobra', 'Kontrolisani ekonomski eksperiment koji modeluje turističkih aranžmana kroz scenario: sa šokom ponude. Fokus je na odlukama učesnika, cenama i raspodeli dobiti.', 93, 'Testirati efekte transparentnosti na obim transakcija u kontekstu turističkih aranžmana.', 121692.92, 'Kazna se primenjuje ako učesnik ne donese odluku u predviđenom vremenu ili pokuša da komunicira van platforme.'),
(4, 7, 'Simulacija konkurencije parking mesta sa dvostepenim licitiranjem', 'simulacija konkurencije', 'Kontrolisani ekonomski eksperiment koji modeluje parking mesta kroz scenario: sa dvostepenim licitiranjem. Fokus je na odlukama učesnika, cenama i raspodeli dobiti.', 25, 'Proceniti uticaj reputacije na spremnost za plaćanje u kontekstu parking mesta.', 382338.80, 'Učesnici dobijaju uloge nasumično, odluke donose bez međusobnog razgovora, a bonus zavisi od konačnog salda.'),
(5, 1, 'Finansijsko tržište javnih dobara u grupi sa javnom reputacijom prodavca', 'finansijsko tržište', 'Kontrolisani ekonomski eksperiment koji modeluje javnih dobara u grupi kroz scenario: sa javnom reputacijom prodavca. Fokus je na odlukama učesnika, cenama i raspodeli dobiti.', 84, 'Analizirati izbor pod rizikom kada je bonus realno motivisan u kontekstu javnih dobara u grupi.', 202918.63, 'Informacije o prosečnoj ceni prikazuju se tek nakon završetka runde, dok su privatni signali dostupni samo određenim učesnicima.'),
(6, 5, 'Tržišna simulacija maloprodajnih cena hrane sa kaznama za nekooperaciju', 'tržišna simulacija', 'Kontrolisani ekonomski eksperiment koji modeluje maloprodajnih cena hrane kroz scenario: sa kaznama za nekooperaciju. Fokus je na odlukama učesnika, cenama i raspodeli dobiti.', 86, 'Proceniti ulogu ograničenog budžeta u formiranju cena u kontekstu maloprodajnih cena hrane.', 317003.87, 'Pre početka svake sesije sprovodi se kontrolni kviz; učesnici koji ne razumeju pravila prelaze u probnu rundu.'),
(7, 9, 'Odlučivanje pod rizikom licitiranja za oglasni prostor sa skrivenim kvalitetom robe', 'odlučivanje pod rizikom', 'Kontrolisani ekonomski eksperiment koji modeluje licitiranja za oglasni prostor kroz scenario: sa skrivenim kvalitetom robe. Fokus je na odlukama učesnika, cenama i raspodeli dobiti.', 78, 'Izmeriti stabilnost cena posle tržišnog šoka u kontekstu licitiranja za oglasni prostor.', 268403.57, 'Kazna se primenjuje ako učesnik ne donese odluku u predviđenom vremenu ili pokuša da komunicira van platforme.'),
(8, 3, 'Igra poverenja polovnih telefona sa promenljivom rezervnom cenom', 'igra poverenja', 'Kontrolisani ekonomski eksperiment koji modeluje polovnih telefona kroz scenario: sa promenljivom rezervnom cenom. Fokus je na odlukama učesnika, cenama i raspodeli dobiti.', 48, 'Testirati kooperaciju kada se menja veličina grupe u kontekstu polovnih telefona.', 227411.47, 'Učesnici dobijaju uloge nasumično, odluke donose bez međusobnog razgovora, a bonus zavisi od konačnog salda.'),
(9, 7, 'Pregovaračka igra oporezivanja transakcija sa ograničenim brojem rundi', 'pregovaračka igra', 'Kontrolisani ekonomski eksperiment koji modeluje oporezivanja transakcija kroz scenario: sa ograničenim brojem rundi. Fokus je na odlukama učesnika, cenama i raspodeli dobiti.', 28, 'Izmeriti odstupanje od teorijske tržišne ravnoteže u kontekstu oporezivanja transakcija.', 192791.86, 'Informacije o prosečnoj ceni prikazuju se tek nakon završetka runde, dok su privatni signali dostupni samo određenim učesnicima.'),
(10, 1, 'Aukcija startap investicija sa ograničenim budžetom', 'aukcija', 'Kontrolisani ekonomski eksperiment koji modeluje startap investicija kroz scenario: sa ograničenim budžetom. Fokus je na odlukama učesnika, cenama i raspodeli dobiti.', 22, 'Ispitati kako informacije menjaju strategiju učesnika u kontekstu startap investicija.', 238393.12, 'Pre početka svake sesije sprovodi se kontrolni kviz; učesnici koji ne razumeju pravila prelaze u probnu rundu.'),
(11, 5, 'Alokacija resursa poljoprivrednih proizvoda sa informacijama u realnom vremenu', 'alokacija resursa', 'Kontrolisani ekonomski eksperiment koji modeluje poljoprivrednih proizvoda kroz scenario: sa informacijama u realnom vremenu. Fokus je na odlukama učesnika, cenama i raspodeli dobiti.', 84, 'Uporediti ishode različitih aukcijskih pravila u kontekstu poljoprivrednih proizvoda.', 365191.39, 'Kazna se primenjuje ako učesnik ne donese odluku u predviđenom vremenu ili pokuša da komunicira van platforme.'),
(12, 9, 'Simulacija potrošačkog izbora osiguranja od gubitka sa privatnim informacijama', 'simulacija potrošačkog izbora', 'Kontrolisani ekonomski eksperiment koji modeluje osiguranja od gubitka kroz scenario: sa privatnim informacijama. Fokus je na odlukama učesnika, cenama i raspodeli dobiti.', 36, 'Utvrditi da li učesnici uče iz prethodnih rundi u kontekstu osiguranja od gubitka.', 76119.80, 'Učesnici dobijaju uloge nasumično, odluke donose bez međusobnog razgovora, a bonus zavisi od konačnog salda.'),
(13, 3, 'Igra javnog dobra digitalnih pretplata sa komunikacijom pre odluke', 'igra javnog dobra', 'Kontrolisani ekonomski eksperiment koji modeluje digitalnih pretplata kroz scenario: sa komunikacijom pre odluke. Fokus je na odlukama učesnika, cenama i raspodeli dobiti.', 75, 'Testirati efekte transparentnosti na obim transakcija u kontekstu digitalnih pretplata.', 98473.56, 'Informacije o prosečnoj ceni prikazuju se tek nakon završetka runde, dok su privatni signali dostupni samo određenim učesnicima.'),
(14, 7, 'Simulacija konkurencije berzanskih naloga sa povratnom informacijom o prosečnoj ceni', 'simulacija konkurencije', 'Kontrolisani ekonomski eksperiment koji modeluje berzanskih naloga kroz scenario: sa povratnom informacijom o prosečnoj ceni. Fokus je na odlukama učesnika, cenama i raspodeli dobiti.', 39, 'Proceniti uticaj reputacije na spremnost za plaćanje u kontekstu berzanskih naloga.', 438170.07, 'Pre početka svake sesije sprovodi se kontrolni kviz; učesnici koji ne razumeju pravila prelaze u probnu rundu.'),
(15, 1, 'Finansijsko tržište karbonskih kredita sa šokom ponude', 'finansijsko tržište', 'Kontrolisani ekonomski eksperiment koji modeluje karbonskih kredita kroz scenario: sa šokom ponude. Fokus je na odlukama učesnika, cenama i raspodeli dobiti.', 42, 'Analizirati izbor pod rizikom kada je bonus realno motivisan u kontekstu karbonskih kredita.', 78629.05, 'Kazna se primenjuje ako učesnik ne donese odluku u predviđenom vremenu ili pokuša da komunicira van platforme.'),
(16, 5, 'Tržišna simulacija raspodele bonusa sa dvostepenim licitiranjem', 'tržišna simulacija', 'Kontrolisani ekonomski eksperiment koji modeluje raspodele bonusa kroz scenario: sa dvostepenim licitiranjem. Fokus je na odlukama učesnika, cenama i raspodeli dobiti.', 72, 'Proceniti ulogu ograničenog budžeta u formiranju cena u kontekstu raspodele bonusa.', 58306.62, 'Učesnici dobijaju uloge nasumično, odluke donose bez međusobnog razgovora, a bonus zavisi od konačnog salda.'),
(17, 9, 'Odlučivanje pod rizikom kratkoročnih kredita sa javnom reputacijom prodavca', 'odlučivanje pod rizikom', 'Kontrolisani ekonomski eksperiment koji modeluje kratkoročnih kredita kroz scenario: sa javnom reputacijom prodavca. Fokus je na odlukama učesnika, cenama i raspodeli dobiti.', 73, 'Izmeriti stabilnost cena posle tržišnog šoka u kontekstu kratkoročnih kredita.', 110815.69, 'Informacije o prosečnoj ceni prikazuju se tek nakon završetka runde, dok su privatni signali dostupni samo određenim učesnicima.'),
(18, 3, 'Igra poverenja ponude i tražnje stanova sa kaznama za nekooperaciju', 'igra poverenja', 'Kontrolisani ekonomski eksperiment koji modeluje ponude i tražnje stanova kroz scenario: sa kaznama za nekooperaciju. Fokus je na odlukama učesnika, cenama i raspodeli dobiti.', 36, 'Testirati kooperaciju kada se menja veličina grupe u kontekstu ponude i tražnje stanova.', 379495.95, 'Pre početka svake sesije sprovodi se kontrolni kviz; učesnici koji ne razumeju pravila prelaze u probnu rundu.'),
(19, 7, 'Pregovaračka igra transportnih kapaciteta sa skrivenim kvalitetom robe', 'pregovaračka igra', 'Kontrolisani ekonomski eksperiment koji modeluje transportnih kapaciteta kroz scenario: sa skrivenim kvalitetom robe. Fokus je na odlukama učesnika, cenama i raspodeli dobiti.', 51, 'Izmeriti odstupanje od teorijske tržišne ravnoteže u kontekstu transportnih kapaciteta.', 160893.53, 'Kazna se primenjuje ako učesnik ne donese odluku u predviđenom vremenu ili pokuša da komunicira van platforme.'),
(20, 1, 'Aukcija električne energije sa promenljivom rezervnom cenom', 'aukcija', 'Kontrolisani ekonomski eksperiment koji modeluje električne energije kroz scenario: sa promenljivom rezervnom cenom. Fokus je na odlukama učesnika, cenama i raspodeli dobiti.', 26, 'Ispitati kako informacije menjaju strategiju učesnika u kontekstu električne energije.', 61986.66, 'Učesnici dobijaju uloge nasumično, odluke donose bez međusobnog razgovora, a bonus zavisi od konačnog salda.'),
(21, 5, 'Alokacija resursa radnih sati freelancera sa ograničenim brojem rundi', 'alokacija resursa', 'Kontrolisani ekonomski eksperiment koji modeluje radnih sati freelancera kroz scenario: sa ograničenim brojem rundi. Fokus je na odlukama učesnika, cenama i raspodeli dobiti.', 89, 'Uporediti ishode različitih aukcijskih pravila u kontekstu radnih sati freelancera.', 193875.87, 'Informacije o prosečnoj ceni prikazuju se tek nakon završetka runde, dok su privatni signali dostupni samo određenim učesnicima.'),
(22, 9, 'Simulacija potrošačkog izbora studentskog budžeta sa ograničenim budžetom', 'simulacija potrošačkog izbora', 'Kontrolisani ekonomski eksperiment koji modeluje studentskog budžeta kroz scenario: sa ograničenim budžetom. Fokus je na odlukama učesnika, cenama i raspodeli dobiti.', 59, 'Utvrditi da li učesnici uče iz prethodnih rundi u kontekstu studentskog budžeta.', 389065.28, 'Pre početka svake sesije sprovodi se kontrolni kviz; učesnici koji ne razumeju pravila prelaze u probnu rundu.'),
(23, 3, 'Igra javnog dobra turističkih aranžmana sa informacijama u realnom vremenu', 'igra javnog dobra', 'Kontrolisani ekonomski eksperiment koji modeluje turističkih aranžmana kroz scenario: sa informacijama u realnom vremenu. Fokus je na odlukama učesnika, cenama i raspodeli dobiti.', 84, 'Testirati efekte transparentnosti na obim transakcija u kontekstu turističkih aranžmana.', 219716.80, 'Kazna se primenjuje ako učesnik ne donese odluku u predviđenom vremenu ili pokuša da komunicira van platforme.'),
(24, 7, 'Simulacija konkurencije parking mesta sa privatnim informacijama', 'simulacija konkurencije', 'Kontrolisani ekonomski eksperiment koji modeluje parking mesta kroz scenario: sa privatnim informacijama. Fokus je na odlukama učesnika, cenama i raspodeli dobiti.', 19, 'Proceniti uticaj reputacije na spremnost za plaćanje u kontekstu parking mesta.', 359284.02, 'Učesnici dobijaju uloge nasumično, odluke donose bez međusobnog razgovora, a bonus zavisi od konačnog salda.'),
(25, 1, 'Finansijsko tržište javnih dobara u grupi sa komunikacijom pre odluke', 'finansijsko tržište', 'Kontrolisani ekonomski eksperiment koji modeluje javnih dobara u grupi kroz scenario: sa komunikacijom pre odluke. Fokus je na odlukama učesnika, cenama i raspodeli dobiti.', 93, 'Analizirati izbor pod rizikom kada je bonus realno motivisan u kontekstu javnih dobara u grupi.', 247088.85, 'Informacije o prosečnoj ceni prikazuju se tek nakon završetka runde, dok su privatni signali dostupni samo određenim učesnicima.'),
(26, 5, 'Tržišna simulacija maloprodajnih cena hrane sa povratnom informacijom o prosečnoj ceni', 'tržišna simulacija', 'Kontrolisani ekonomski eksperiment koji modeluje maloprodajnih cena hrane kroz scenario: sa povratnom informacijom o prosečnoj ceni. Fokus je na odlukama učesnika, cenama i raspodeli dobiti.', 71, 'Proceniti ulogu ograničenog budžeta u formiranju cena u kontekstu maloprodajnih cena hrane.', 72820.51, 'Pre početka svake sesije sprovodi se kontrolni kviz; učesnici koji ne razumeju pravila prelaze u probnu rundu.'),
(27, 9, 'Odlučivanje pod rizikom licitiranja za oglasni prostor sa šokom ponude', 'odlučivanje pod rizikom', 'Kontrolisani ekonomski eksperiment koji modeluje licitiranja za oglasni prostor kroz scenario: sa šokom ponude. Fokus je na odlukama učesnika, cenama i raspodeli dobiti.', 37, 'Izmeriti stabilnost cena posle tržišnog šoka u kontekstu licitiranja za oglasni prostor.', 87984.89, 'Kazna se primenjuje ako učesnik ne donese odluku u predviđenom vremenu ili pokuša da komunicira van platforme.'),
(28, 3, 'Igra poverenja polovnih telefona sa dvostepenim licitiranjem', 'igra poverenja', 'Kontrolisani ekonomski eksperiment koji modeluje polovnih telefona kroz scenario: sa dvostepenim licitiranjem. Fokus je na odlukama učesnika, cenama i raspodeli dobiti.', 93, 'Testirati kooperaciju kada se menja veličina grupe u kontekstu polovnih telefona.', 272637.76, 'Učesnici dobijaju uloge nasumično, odluke donose bez međusobnog razgovora, a bonus zavisi od konačnog salda.'),
(29, 7, 'Pregovaračka igra oporezivanja transakcija sa javnom reputacijom prodavca', 'pregovaračka igra', 'Kontrolisani ekonomski eksperiment koji modeluje oporezivanja transakcija kroz scenario: sa javnom reputacijom prodavca. Fokus je na odlukama učesnika, cenama i raspodeli dobiti.', 30, 'Izmeriti odstupanje od teorijske tržišne ravnoteže u kontekstu oporezivanja transakcija.', 418094.47, 'Informacije o prosečnoj ceni prikazuju se tek nakon završetka runde, dok su privatni signali dostupni samo određenim učesnicima.'),
(30, 1, 'Aukcija startap investicija sa kaznama za nekooperaciju', 'aukcija', 'Kontrolisani ekonomski eksperiment koji modeluje startap investicija kroz scenario: sa kaznama za nekooperaciju. Fokus je na odlukama učesnika, cenama i raspodeli dobiti.', 90, 'Ispitati kako informacije menjaju strategiju učesnika u kontekstu startap investicija.', 356306.50, 'Pre početka svake sesije sprovodi se kontrolni kviz; učesnici koji ne razumeju pravila prelaze u probnu rundu.'),
(31, 5, 'Alokacija resursa poljoprivrednih proizvoda sa skrivenim kvalitetom robe', 'alokacija resursa', 'Kontrolisani ekonomski eksperiment koji modeluje poljoprivrednih proizvoda kroz scenario: sa skrivenim kvalitetom robe. Fokus je na odlukama učesnika, cenama i raspodeli dobiti.', 54, 'Uporediti ishode različitih aukcijskih pravila u kontekstu poljoprivrednih proizvoda.', 393676.99, 'Kazna se primenjuje ako učesnik ne donese odluku u predviđenom vremenu ili pokuša da komunicira van platforme.'),
(32, 9, 'Simulacija potrošačkog izbora osiguranja od gubitka sa promenljivom rezervnom cenom', 'simulacija potrošačkog izbora', 'Kontrolisani ekonomski eksperiment koji modeluje osiguranja od gubitka kroz scenario: sa promenljivom rezervnom cenom. Fokus je na odlukama učesnika, cenama i raspodeli dobiti.', 62, 'Utvrditi da li učesnici uče iz prethodnih rundi u kontekstu osiguranja od gubitka.', 398104.76, 'Učesnici dobijaju uloge nasumično, odluke donose bez međusobnog razgovora, a bonus zavisi od konačnog salda.'),
(33, 3, 'Igra javnog dobra digitalnih pretplata sa ograničenim brojem rundi', 'igra javnog dobra', 'Kontrolisani ekonomski eksperiment koji modeluje digitalnih pretplata kroz scenario: sa ograničenim brojem rundi. Fokus je na odlukama učesnika, cenama i raspodeli dobiti.', 51, 'Testirati efekte transparentnosti na obim transakcija u kontekstu digitalnih pretplata.', 187793.48, 'Informacije o prosečnoj ceni prikazuju se tek nakon završetka runde, dok su privatni signali dostupni samo određenim učesnicima.'),
(34, 7, 'Simulacija konkurencije berzanskih naloga sa ograničenim budžetom', 'simulacija konkurencije', 'Kontrolisani ekonomski eksperiment koji modeluje berzanskih naloga kroz scenario: sa ograničenim budžetom. Fokus je na odlukama učesnika, cenama i raspodeli dobiti.', 80, 'Proceniti uticaj reputacije na spremnost za plaćanje u kontekstu berzanskih naloga.', 268109.88, 'Pre početka svake sesije sprovodi se kontrolni kviz; učesnici koji ne razumeju pravila prelaze u probnu rundu.'),
(35, 1, 'Finansijsko tržište karbonskih kredita sa informacijama u realnom vremenu', 'finansijsko tržište', 'Kontrolisani ekonomski eksperiment koji modeluje karbonskih kredita kroz scenario: sa informacijama u realnom vremenu. Fokus je na odlukama učesnika, cenama i raspodeli dobiti.', 78, 'Analizirati izbor pod rizikom kada je bonus realno motivisan u kontekstu karbonskih kredita.', 40922.91, 'Kazna se primenjuje ako učesnik ne donese odluku u predviđenom vremenu ili pokuša da komunicira van platforme.'),
(36, 5, 'Tržišna simulacija raspodele bonusa sa privatnim informacijama', 'tržišna simulacija', 'Kontrolisani ekonomski eksperiment koji modeluje raspodele bonusa kroz scenario: sa privatnim informacijama. Fokus je na odlukama učesnika, cenama i raspodeli dobiti.', 53, 'Proceniti ulogu ograničenog budžeta u formiranju cena u kontekstu raspodele bonusa.', 196263.93, 'Učesnici dobijaju uloge nasumično, odluke donose bez međusobnog razgovora, a bonus zavisi od konačnog salda.'),
(37, 9, 'Odlučivanje pod rizikom kratkoročnih kredita sa komunikacijom pre odluke', 'odlučivanje pod rizikom', 'Kontrolisani ekonomski eksperiment koji modeluje kratkoročnih kredita kroz scenario: sa komunikacijom pre odluke. Fokus je na odlukama učesnika, cenama i raspodeli dobiti.', 95, 'Izmeriti stabilnost cena posle tržišnog šoka u kontekstu kratkoročnih kredita.', 314345.47, 'Informacije o prosečnoj ceni prikazuju se tek nakon završetka runde, dok su privatni signali dostupni samo određenim učesnicima.'),
(38, 3, 'Igra poverenja ponude i tražnje stanova sa povratnom informacijom o prosečnoj ceni', 'igra poverenja', 'Kontrolisani ekonomski eksperiment koji modeluje ponude i tražnje stanova kroz scenario: sa povratnom informacijom o prosečnoj ceni. Fokus je na odlukama učesnika, cenama i raspodeli dobiti.', 69, 'Testirati kooperaciju kada se menja veličina grupe u kontekstu ponude i tražnje stanova.', 41482.58, 'Pre početka svake sesije sprovodi se kontrolni kviz; učesnici koji ne razumeju pravila prelaze u probnu rundu.'),
(39, 7, 'Pregovaračka igra transportnih kapaciteta sa šokom ponude', 'pregovaračka igra', 'Kontrolisani ekonomski eksperiment koji modeluje transportnih kapaciteta kroz scenario: sa šokom ponude. Fokus je na odlukama učesnika, cenama i raspodeli dobiti.', 60, 'Izmeriti odstupanje od teorijske tržišne ravnoteže u kontekstu transportnih kapaciteta.', 318468.35, 'Kazna se primenjuje ako učesnik ne donese odluku u predviđenom vremenu ili pokuša da komunicira van platforme.'),
(40, 1, 'Aukcija električne energije sa dvostepenim licitiranjem', 'aukcija', 'Kontrolisani ekonomski eksperiment koji modeluje električne energije kroz scenario: sa dvostepenim licitiranjem. Fokus je na odlukama učesnika, cenama i raspodeli dobiti.', 24, 'Ispitati kako informacije menjaju strategiju učesnika u kontekstu električne energije.', 341943.67, 'Učesnici dobijaju uloge nasumično, odluke donose bez međusobnog razgovora, a bonus zavisi od konačnog salda.'),
(41, 5, 'Alokacija resursa radnih sati freelancera sa javnom reputacijom prodavca', 'alokacija resursa', 'Kontrolisani ekonomski eksperiment koji modeluje radnih sati freelancera kroz scenario: sa javnom reputacijom prodavca. Fokus je na odlukama učesnika, cenama i raspodeli dobiti.', 52, 'Uporediti ishode različitih aukcijskih pravila u kontekstu radnih sati freelancera.', 406238.33, 'Informacije o prosečnoj ceni prikazuju se tek nakon završetka runde, dok su privatni signali dostupni samo određenim učesnicima.'),
(42, 9, 'Simulacija potrošačkog izbora studentskog budžeta sa kaznama za nekooperaciju', 'simulacija potrošačkog izbora', 'Kontrolisani ekonomski eksperiment koji modeluje studentskog budžeta kroz scenario: sa kaznama za nekooperaciju. Fokus je na odlukama učesnika, cenama i raspodeli dobiti.', 20, 'Utvrditi da li učesnici uče iz prethodnih rundi u kontekstu studentskog budžeta.', 168593.08, 'Pre početka svake sesije sprovodi se kontrolni kviz; učesnici koji ne razumeju pravila prelaze u probnu rundu.'),
(43, 3, 'Igra javnog dobra turističkih aranžmana sa skrivenim kvalitetom robe', 'igra javnog dobra', 'Kontrolisani ekonomski eksperiment koji modeluje turističkih aranžmana kroz scenario: sa skrivenim kvalitetom robe. Fokus je na odlukama učesnika, cenama i raspodeli dobiti.', 56, 'Testirati efekte transparentnosti na obim transakcija u kontekstu turističkih aranžmana.', 157153.45, 'Kazna se primenjuje ako učesnik ne donese odluku u predviđenom vremenu ili pokuša da komunicira van platforme.'),
(44, 7, 'Simulacija konkurencije parking mesta sa promenljivom rezervnom cenom', 'simulacija konkurencije', 'Kontrolisani ekonomski eksperiment koji modeluje parking mesta kroz scenario: sa promenljivom rezervnom cenom. Fokus je na odlukama učesnika, cenama i raspodeli dobiti.', 80, 'Proceniti uticaj reputacije na spremnost za plaćanje u kontekstu parking mesta.', 389749.78, 'Učesnici dobijaju uloge nasumično, odluke donose bez međusobnog razgovora, a bonus zavisi od konačnog salda.'),
(45, 1, 'Finansijsko tržište javnih dobara u grupi sa ograničenim brojem rundi', 'finansijsko tržište', 'Kontrolisani ekonomski eksperiment koji modeluje javnih dobara u grupi kroz scenario: sa ograničenim brojem rundi. Fokus je na odlukama učesnika, cenama i raspodeli dobiti.', 30, 'Analizirati izbor pod rizikom kada je bonus realno motivisan u kontekstu javnih dobara u grupi.', 438311.07, 'Informacije o prosečnoj ceni prikazuju se tek nakon završetka runde, dok su privatni signali dostupni samo određenim učesnicima.'),
(46, 5, 'Tržišna simulacija maloprodajnih cena hrane sa ograničenim budžetom', 'tržišna simulacija', 'Kontrolisani ekonomski eksperiment koji modeluje maloprodajnih cena hrane kroz scenario: sa ograničenim budžetom. Fokus je na odlukama učesnika, cenama i raspodeli dobiti.', 47, 'Proceniti ulogu ograničenog budžeta u formiranju cena u kontekstu maloprodajnih cena hrane.', 82113.85, 'Pre početka svake sesije sprovodi se kontrolni kviz; učesnici koji ne razumeju pravila prelaze u probnu rundu.'),
(47, 9, 'Odlučivanje pod rizikom licitiranja za oglasni prostor sa informacijama u realnom vremenu', 'odlučivanje pod rizikom', 'Kontrolisani ekonomski eksperiment koji modeluje licitiranja za oglasni prostor kroz scenario: sa informacijama u realnom vremenu. Fokus je na odlukama učesnika, cenama i raspodeli dobiti.', 74, 'Izmeriti stabilnost cena posle tržišnog šoka u kontekstu licitiranja za oglasni prostor.', 353963.13, 'Kazna se primenjuje ako učesnik ne donese odluku u predviđenom vremenu ili pokuša da komunicira van platforme.'),
(48, 3, 'Igra poverenja polovnih telefona sa privatnim informacijama', 'igra poverenja', 'Kontrolisani ekonomski eksperiment koji modeluje polovnih telefona kroz scenario: sa privatnim informacijama. Fokus je na odlukama učesnika, cenama i raspodeli dobiti.', 59, 'Testirati kooperaciju kada se menja veličina grupe u kontekstu polovnih telefona.', 139503.49, 'Učesnici dobijaju uloge nasumično, odluke donose bez međusobnog razgovora, a bonus zavisi od konačnog salda.'),
(49, 7, 'Pregovaračka igra oporezivanja transakcija sa komunikacijom pre odluke', 'pregovaračka igra', 'Kontrolisani ekonomski eksperiment koji modeluje oporezivanja transakcija kroz scenario: sa komunikacijom pre odluke. Fokus je na odlukama učesnika, cenama i raspodeli dobiti.', 71, 'Izmeriti odstupanje od teorijske tržišne ravnoteže u kontekstu oporezivanja transakcija.', 282116.13, 'Informacije o prosečnoj ceni prikazuju se tek nakon završetka runde, dok su privatni signali dostupni samo određenim učesnicima.'),
(50, 1, 'Aukcija startap investicija sa povratnom informacijom o prosečnoj ceni', 'aukcija', 'Kontrolisani ekonomski eksperiment koji modeluje startap investicija kroz scenario: sa povratnom informacijom o prosečnoj ceni. Fokus je na odlukama učesnika, cenama i raspodeli dobiti.', 29, 'Ispitati kako informacije menjaju strategiju učesnika u kontekstu startap investicija.', 104872.67, 'Pre početka svake sesije sprovodi se kontrolni kviz; učesnici koji ne razumeju pravila prelaze u probnu rundu.'),
(51, 5, 'Alokacija resursa poljoprivrednih proizvoda sa šokom ponude', 'alokacija resursa', 'Kontrolisani ekonomski eksperiment koji modeluje poljoprivrednih proizvoda kroz scenario: sa šokom ponude. Fokus je na odlukama učesnika, cenama i raspodeli dobiti.', 45, 'Uporediti ishode različitih aukcijskih pravila u kontekstu poljoprivrednih proizvoda.', 413208.94, 'Kazna se primenjuje ako učesnik ne donese odluku u predviđenom vremenu ili pokuša da komunicira van platforme.'),
(52, 9, 'Simulacija potrošačkog izbora osiguranja od gubitka sa dvostepenim licitiranjem', 'simulacija potrošačkog izbora', 'Kontrolisani ekonomski eksperiment koji modeluje osiguranja od gubitka kroz scenario: sa dvostepenim licitiranjem. Fokus je na odlukama učesnika, cenama i raspodeli dobiti.', 70, 'Utvrditi da li učesnici uče iz prethodnih rundi u kontekstu osiguranja od gubitka.', 339901.54, 'Učesnici dobijaju uloge nasumično, odluke donose bez međusobnog razgovora, a bonus zavisi od konačnog salda.'),
(53, 3, 'Igra javnog dobra digitalnih pretplata sa javnom reputacijom prodavca', 'igra javnog dobra', 'Kontrolisani ekonomski eksperiment koji modeluje digitalnih pretplata kroz scenario: sa javnom reputacijom prodavca. Fokus je na odlukama učesnika, cenama i raspodeli dobiti.', 84, 'Testirati efekte transparentnosti na obim transakcija u kontekstu digitalnih pretplata.', 393555.31, 'Informacije o prosečnoj ceni prikazuju se tek nakon završetka runde, dok su privatni signali dostupni samo određenim učesnicima.'),
(54, 7, 'Simulacija konkurencije berzanskih naloga sa kaznama za nekooperaciju', 'simulacija konkurencije', 'Kontrolisani ekonomski eksperiment koji modeluje berzanskih naloga kroz scenario: sa kaznama za nekooperaciju. Fokus je na odlukama učesnika, cenama i raspodeli dobiti.', 25, 'Proceniti uticaj reputacije na spremnost za plaćanje u kontekstu berzanskih naloga.', 243989.62, 'Pre početka svake sesije sprovodi se kontrolni kviz; učesnici koji ne razumeju pravila prelaze u probnu rundu.'),
(55, 1, 'Finansijsko tržište karbonskih kredita sa skrivenim kvalitetom robe', 'finansijsko tržište', 'Kontrolisani ekonomski eksperiment koji modeluje karbonskih kredita kroz scenario: sa skrivenim kvalitetom robe. Fokus je na odlukama učesnika, cenama i raspodeli dobiti.', 38, 'Analizirati izbor pod rizikom kada je bonus realno motivisan u kontekstu karbonskih kredita.', 52887.21, 'Kazna se primenjuje ako učesnik ne donese odluku u predviđenom vremenu ili pokuša da komunicira van platforme.'),
(56, 5, 'Tržišna simulacija raspodele bonusa sa promenljivom rezervnom cenom', 'tržišna simulacija', 'Kontrolisani ekonomski eksperiment koji modeluje raspodele bonusa kroz scenario: sa promenljivom rezervnom cenom. Fokus je na odlukama učesnika, cenama i raspodeli dobiti.', 82, 'Proceniti ulogu ograničenog budžeta u formiranju cena u kontekstu raspodele bonusa.', 196438.68, 'Učesnici dobijaju uloge nasumično, odluke donose bez međusobnog razgovora, a bonus zavisi od konačnog salda.'),
(57, 9, 'Odlučivanje pod rizikom kratkoročnih kredita sa ograničenim brojem rundi', 'odlučivanje pod rizikom', 'Kontrolisani ekonomski eksperiment koji modeluje kratkoročnih kredita kroz scenario: sa ograničenim brojem rundi. Fokus je na odlukama učesnika, cenama i raspodeli dobiti.', 85, 'Izmeriti stabilnost cena posle tržišnog šoka u kontekstu kratkoročnih kredita.', 398716.35, 'Informacije o prosečnoj ceni prikazuju se tek nakon završetka runde, dok su privatni signali dostupni samo određenim učesnicima.'),
(58, 3, 'Igra poverenja ponude i tražnje stanova sa ograničenim budžetom', 'igra poverenja', 'Kontrolisani ekonomski eksperiment koji modeluje ponude i tražnje stanova kroz scenario: sa ograničenim budžetom. Fokus je na odlukama učesnika, cenama i raspodeli dobiti.', 21, 'Testirati kooperaciju kada se menja veličina grupe u kontekstu ponude i tražnje stanova.', 98838.38, 'Pre početka svake sesije sprovodi se kontrolni kviz; učesnici koji ne razumeju pravila prelaze u probnu rundu.'),
(59, 7, 'Pregovaračka igra transportnih kapaciteta sa informacijama u realnom vremenu', 'pregovaračka igra', 'Kontrolisani ekonomski eksperiment koji modeluje transportnih kapaciteta kroz scenario: sa informacijama u realnom vremenu. Fokus je na odlukama učesnika, cenama i raspodeli dobiti.', 43, 'Izmeriti odstupanje od teorijske tržišne ravnoteže u kontekstu transportnih kapaciteta.', 380715.09, 'Kazna se primenjuje ako učesnik ne donese odluku u predviđenom vremenu ili pokuša da komunicira van platforme.'),
(60, 1, 'Aukcija električne energije sa privatnim informacijama', 'aukcija', 'Kontrolisani ekonomski eksperiment koji modeluje električne energije kroz scenario: sa privatnim informacijama. Fokus je na odlukama učesnika, cenama i raspodeli dobiti.', 49, 'Ispitati kako informacije menjaju strategiju učesnika u kontekstu električne energije.', 39055.19, 'Učesnici dobijaju uloge nasumično, odluke donose bez međusobnog razgovora, a bonus zavisi od konačnog salda.'),
(61, 5, 'Alokacija resursa radnih sati freelancera sa komunikacijom pre odluke', 'alokacija resursa', 'Kontrolisani ekonomski eksperiment koji modeluje radnih sati freelancera kroz scenario: sa komunikacijom pre odluke. Fokus je na odlukama učesnika, cenama i raspodeli dobiti.', 24, 'Uporediti ishode različitih aukcijskih pravila u kontekstu radnih sati freelancera.', 415163.20, 'Informacije o prosečnoj ceni prikazuju se tek nakon završetka runde, dok su privatni signali dostupni samo određenim učesnicima.'),
(62, 9, 'Simulacija potrošačkog izbora studentskog budžeta sa povratnom informacijom o prosečnoj ceni', 'simulacija potrošačkog izbora', 'Kontrolisani ekonomski eksperiment koji modeluje studentskog budžeta kroz scenario: sa povratnom informacijom o prosečnoj ceni. Fokus je na odlukama učesnika, cenama i raspodeli dobiti.', 43, 'Utvrditi da li učesnici uče iz prethodnih rundi u kontekstu studentskog budžeta.', 141440.44, 'Pre početka svake sesije sprovodi se kontrolni kviz; učesnici koji ne razumeju pravila prelaze u probnu rundu.'),
(63, 3, 'Igra javnog dobra turističkih aranžmana sa šokom ponude', 'igra javnog dobra', 'Kontrolisani ekonomski eksperiment koji modeluje turističkih aranžmana kroz scenario: sa šokom ponude. Fokus je na odlukama učesnika, cenama i raspodeli dobiti.', 77, 'Testirati efekte transparentnosti na obim transakcija u kontekstu turističkih aranžmana.', 239678.71, 'Kazna se primenjuje ako učesnik ne donese odluku u predviđenom vremenu ili pokuša da komunicira van platforme.'),
(64, 7, 'Simulacija konkurencije parking mesta sa dvostepenim licitiranjem', 'simulacija konkurencije', 'Kontrolisani ekonomski eksperiment koji modeluje parking mesta kroz scenario: sa dvostepenim licitiranjem. Fokus je na odlukama učesnika, cenama i raspodeli dobiti.', 33, 'Proceniti uticaj reputacije na spremnost za plaćanje u kontekstu parking mesta.', 314499.10, 'Učesnici dobijaju uloge nasumično, odluke donose bez međusobnog razgovora, a bonus zavisi od konačnog salda.'),
(65, 1, 'Finansijsko tržište javnih dobara u grupi sa javnom reputacijom prodavca', 'finansijsko tržište', 'Kontrolisani ekonomski eksperiment koji modeluje javnih dobara u grupi kroz scenario: sa javnom reputacijom prodavca. Fokus je na odlukama učesnika, cenama i raspodeli dobiti.', 48, 'Analizirati izbor pod rizikom kada je bonus realno motivisan u kontekstu javnih dobara u grupi.', 183298.37, 'Informacije o prosečnoj ceni prikazuju se tek nakon završetka runde, dok su privatni signali dostupni samo određenim učesnicima.'),
(66, 5, 'Tržišna simulacija maloprodajnih cena hrane sa kaznama za nekooperaciju', 'tržišna simulacija', 'Kontrolisani ekonomski eksperiment koji modeluje maloprodajnih cena hrane kroz scenario: sa kaznama za nekooperaciju. Fokus je na odlukama učesnika, cenama i raspodeli dobiti.', 94, 'Proceniti ulogu ograničenog budžeta u formiranju cena u kontekstu maloprodajnih cena hrane.', 214593.96, 'Pre početka svake sesije sprovodi se kontrolni kviz; učesnici koji ne razumeju pravila prelaze u probnu rundu.'),
(67, 9, 'Odlučivanje pod rizikom licitiranja za oglasni prostor sa skrivenim kvalitetom robe', 'odlučivanje pod rizikom', 'Kontrolisani ekonomski eksperiment koji modeluje licitiranja za oglasni prostor kroz scenario: sa skrivenim kvalitetom robe. Fokus je na odlukama učesnika, cenama i raspodeli dobiti.', 78, 'Izmeriti stabilnost cena posle tržišnog šoka u kontekstu licitiranja za oglasni prostor.', 274424.11, 'Kazna se primenjuje ako učesnik ne donese odluku u predviđenom vremenu ili pokuša da komunicira van platforme.'),
(68, 3, 'Igra poverenja polovnih telefona sa promenljivom rezervnom cenom', 'igra poverenja', 'Kontrolisani ekonomski eksperiment koji modeluje polovnih telefona kroz scenario: sa promenljivom rezervnom cenom. Fokus je na odlukama učesnika, cenama i raspodeli dobiti.', 62, 'Testirati kooperaciju kada se menja veličina grupe u kontekstu polovnih telefona.', 171305.83, 'Učesnici dobijaju uloge nasumično, odluke donose bez međusobnog razgovora, a bonus zavisi od konačnog salda.'),
(69, 7, 'Pregovaračka igra oporezivanja transakcija sa ograničenim brojem rundi', 'pregovaračka igra', 'Kontrolisani ekonomski eksperiment koji modeluje oporezivanja transakcija kroz scenario: sa ograničenim brojem rundi. Fokus je na odlukama učesnika, cenama i raspodeli dobiti.', 51, 'Izmeriti odstupanje od teorijske tržišne ravnoteže u kontekstu oporezivanja transakcija.', 343308.48, 'Informacije o prosečnoj ceni prikazuju se tek nakon završetka runde, dok su privatni signali dostupni samo određenim učesnicima.'),
(70, 1, 'Aukcija startap investicija sa ograničenim budžetom', 'aukcija', 'Kontrolisani ekonomski eksperiment koji modeluje startap investicija kroz scenario: sa ograničenim budžetom. Fokus je na odlukama učesnika, cenama i raspodeli dobiti.', 29, 'Ispitati kako informacije menjaju strategiju učesnika u kontekstu startap investicija.', 146154.48, 'Pre početka svake sesije sprovodi se kontrolni kviz; učesnici koji ne razumeju pravila prelaze u probnu rundu.'),
(71, 5, 'Alokacija resursa poljoprivrednih proizvoda sa informacijama u realnom vremenu', 'alokacija resursa', 'Kontrolisani ekonomski eksperiment koji modeluje poljoprivrednih proizvoda kroz scenario: sa informacijama u realnom vremenu. Fokus je na odlukama učesnika, cenama i raspodeli dobiti.', 67, 'Uporediti ishode različitih aukcijskih pravila u kontekstu poljoprivrednih proizvoda.', 46101.69, 'Kazna se primenjuje ako učesnik ne donese odluku u predviđenom vremenu ili pokuša da komunicira van platforme.'),
(72, 9, 'Simulacija potrošačkog izbora osiguranja od gubitka sa privatnim informacijama', 'simulacija potrošačkog izbora', 'Kontrolisani ekonomski eksperiment koji modeluje osiguranja od gubitka kroz scenario: sa privatnim informacijama. Fokus je na odlukama učesnika, cenama i raspodeli dobiti.', 91, 'Utvrditi da li učesnici uče iz prethodnih rundi u kontekstu osiguranja od gubitka.', 356427.81, 'Učesnici dobijaju uloge nasumično, odluke donose bez međusobnog razgovora, a bonus zavisi od konačnog salda.'),
(73, 3, 'Igra javnog dobra digitalnih pretplata sa komunikacijom pre odluke', 'igra javnog dobra', 'Kontrolisani ekonomski eksperiment koji modeluje digitalnih pretplata kroz scenario: sa komunikacijom pre odluke. Fokus je na odlukama učesnika, cenama i raspodeli dobiti.', 45, 'Testirati efekte transparentnosti na obim transakcija u kontekstu digitalnih pretplata.', 389272.25, 'Informacije o prosečnoj ceni prikazuju se tek nakon završetka runde, dok su privatni signali dostupni samo određenim učesnicima.'),
(74, 7, 'Simulacija konkurencije berzanskih naloga sa povratnom informacijom o prosečnoj ceni', 'simulacija konkurencije', 'Kontrolisani ekonomski eksperiment koji modeluje berzanskih naloga kroz scenario: sa povratnom informacijom o prosečnoj ceni. Fokus je na odlukama učesnika, cenama i raspodeli dobiti.', 46, 'Proceniti uticaj reputacije na spremnost za plaćanje u kontekstu berzanskih naloga.', 313020.48, 'Pre početka svake sesije sprovodi se kontrolni kviz; učesnici koji ne razumeju pravila prelaze u probnu rundu.'),
(75, 1, 'Finansijsko tržište karbonskih kredita sa šokom ponude', 'finansijsko tržište', 'Kontrolisani ekonomski eksperiment koji modeluje karbonskih kredita kroz scenario: sa šokom ponude. Fokus je na odlukama učesnika, cenama i raspodeli dobiti.', 52, 'Analizirati izbor pod rizikom kada je bonus realno motivisan u kontekstu karbonskih kredita.', 301924.62, 'Kazna se primenjuje ako učesnik ne donese odluku u predviđenom vremenu ili pokuša da komunicira van platforme.'),
(76, 5, 'Tržišna simulacija raspodele bonusa sa dvostepenim licitiranjem', 'tržišna simulacija', 'Kontrolisani ekonomski eksperiment koji modeluje raspodele bonusa kroz scenario: sa dvostepenim licitiranjem. Fokus je na odlukama učesnika, cenama i raspodeli dobiti.', 83, 'Proceniti ulogu ograničenog budžeta u formiranju cena u kontekstu raspodele bonusa.', 33522.25, 'Učesnici dobijaju uloge nasumično, odluke donose bez međusobnog razgovora, a bonus zavisi od konačnog salda.'),
(77, 9, 'Odlučivanje pod rizikom kratkoročnih kredita sa javnom reputacijom prodavca', 'odlučivanje pod rizikom', 'Kontrolisani ekonomski eksperiment koji modeluje kratkoročnih kredita kroz scenario: sa javnom reputacijom prodavca. Fokus je na odlukama učesnika, cenama i raspodeli dobiti.', 19, 'Izmeriti stabilnost cena posle tržišnog šoka u kontekstu kratkoročnih kredita.', 226491.31, 'Informacije o prosečnoj ceni prikazuju se tek nakon završetka runde, dok su privatni signali dostupni samo određenim učesnicima.'),
(78, 3, 'Igra poverenja ponude i tražnje stanova sa kaznama za nekooperaciju', 'igra poverenja', 'Kontrolisani ekonomski eksperiment koji modeluje ponude i tražnje stanova kroz scenario: sa kaznama za nekooperaciju. Fokus je na odlukama učesnika, cenama i raspodeli dobiti.', 34, 'Testirati kooperaciju kada se menja veličina grupe u kontekstu ponude i tražnje stanova.', 300132.91, 'Pre početka svake sesije sprovodi se kontrolni kviz; učesnici koji ne razumeju pravila prelaze u probnu rundu.'),
(79, 7, 'Pregovaračka igra transportnih kapaciteta sa skrivenim kvalitetom robe', 'pregovaračka igra', 'Kontrolisani ekonomski eksperiment koji modeluje transportnih kapaciteta kroz scenario: sa skrivenim kvalitetom robe. Fokus je na odlukama učesnika, cenama i raspodeli dobiti.', 94, 'Izmeriti odstupanje od teorijske tržišne ravnoteže u kontekstu transportnih kapaciteta.', 365367.54, 'Kazna se primenjuje ako učesnik ne donese odluku u predviđenom vremenu ili pokuša da komunicira van platforme.'),
(80, 1, 'Aukcija električne energije sa promenljivom rezervnom cenom', 'aukcija', 'Kontrolisani ekonomski eksperiment koji modeluje električne energije kroz scenario: sa promenljivom rezervnom cenom. Fokus je na odlukama učesnika, cenama i raspodeli dobiti.', 46, 'Ispitati kako informacije menjaju strategiju učesnika u kontekstu električne energije.', 132265.94, 'Učesnici dobijaju uloge nasumično, odluke donose bez međusobnog razgovora, a bonus zavisi od konačnog salda.'),
(81, 5, 'Alokacija resursa radnih sati freelancera sa ograničenim brojem rundi', 'alokacija resursa', 'Kontrolisani ekonomski eksperiment koji modeluje radnih sati freelancera kroz scenario: sa ograničenim brojem rundi. Fokus je na odlukama učesnika, cenama i raspodeli dobiti.', 57, 'Uporediti ishode različitih aukcijskih pravila u kontekstu radnih sati freelancera.', 327914.71, 'Informacije o prosečnoj ceni prikazuju se tek nakon završetka runde, dok su privatni signali dostupni samo određenim učesnicima.'),
(82, 9, 'Simulacija potrošačkog izbora studentskog budžeta sa ograničenim budžetom', 'simulacija potrošačkog izbora', 'Kontrolisani ekonomski eksperiment koji modeluje studentskog budžeta kroz scenario: sa ograničenim budžetom. Fokus je na odlukama učesnika, cenama i raspodeli dobiti.', 53, 'Utvrditi da li učesnici uče iz prethodnih rundi u kontekstu studentskog budžeta.', 205117.89, 'Pre početka svake sesije sprovodi se kontrolni kviz; učesnici koji ne razumeju pravila prelaze u probnu rundu.'),
(83, 3, 'Igra javnog dobra turističkih aranžmana sa informacijama u realnom vremenu', 'igra javnog dobra', 'Kontrolisani ekonomski eksperiment koji modeluje turističkih aranžmana kroz scenario: sa informacijama u realnom vremenu. Fokus je na odlukama učesnika, cenama i raspodeli dobiti.', 66, 'Testirati efekte transparentnosti na obim transakcija u kontekstu turističkih aranžmana.', 386924.12, 'Kazna se primenjuje ako učesnik ne donese odluku u predviđenom vremenu ili pokuša da komunicira van platforme.'),
(84, 7, 'Simulacija konkurencije parking mesta sa privatnim informacijama', 'simulacija konkurencije', 'Kontrolisani ekonomski eksperiment koji modeluje parking mesta kroz scenario: sa privatnim informacijama. Fokus je na odlukama učesnika, cenama i raspodeli dobiti.', 76, 'Proceniti uticaj reputacije na spremnost za plaćanje u kontekstu parking mesta.', 132099.45, 'Učesnici dobijaju uloge nasumično, odluke donose bez međusobnog razgovora, a bonus zavisi od konačnog salda.'),
(85, 1, 'Finansijsko tržište javnih dobara u grupi sa komunikacijom pre odluke', 'finansijsko tržište', 'Kontrolisani ekonomski eksperiment koji modeluje javnih dobara u grupi kroz scenario: sa komunikacijom pre odluke. Fokus je na odlukama učesnika, cenama i raspodeli dobiti.', 77, 'Analizirati izbor pod rizikom kada je bonus realno motivisan u kontekstu javnih dobara u grupi.', 153411.66, 'Informacije o prosečnoj ceni prikazuju se tek nakon završetka runde, dok su privatni signali dostupni samo određenim učesnicima.'),
(86, 5, 'Tržišna simulacija maloprodajnih cena hrane sa povratnom informacijom o prosečnoj ceni', 'tržišna simulacija', 'Kontrolisani ekonomski eksperiment koji modeluje maloprodajnih cena hrane kroz scenario: sa povratnom informacijom o prosečnoj ceni. Fokus je na odlukama učesnika, cenama i raspodeli dobiti.', 84, 'Proceniti ulogu ograničenog budžeta u formiranju cena u kontekstu maloprodajnih cena hrane.', 375332.10, 'Pre početka svake sesije sprovodi se kontrolni kviz; učesnici koji ne razumeju pravila prelaze u probnu rundu.'),
(87, 9, 'Odlučivanje pod rizikom licitiranja za oglasni prostor sa šokom ponude', 'odlučivanje pod rizikom', 'Kontrolisani ekonomski eksperiment koji modeluje licitiranja za oglasni prostor kroz scenario: sa šokom ponude. Fokus je na odlukama učesnika, cenama i raspodeli dobiti.', 68, 'Izmeriti stabilnost cena posle tržišnog šoka u kontekstu licitiranja za oglasni prostor.', 273407.04, 'Kazna se primenjuje ako učesnik ne donese odluku u predviđenom vremenu ili pokuša da komunicira van platforme.'),
(88, 3, 'Igra poverenja polovnih telefona sa dvostepenim licitiranjem', 'igra poverenja', 'Kontrolisani ekonomski eksperiment koji modeluje polovnih telefona kroz scenario: sa dvostepenim licitiranjem. Fokus je na odlukama učesnika, cenama i raspodeli dobiti.', 18, 'Testirati kooperaciju kada se menja veličina grupe u kontekstu polovnih telefona.', 242393.33, 'Učesnici dobijaju uloge nasumično, odluke donose bez međusobnog razgovora, a bonus zavisi od konačnog salda.'),
(89, 7, 'Pregovaračka igra oporezivanja transakcija sa javnom reputacijom prodavca', 'pregovaračka igra', 'Kontrolisani ekonomski eksperiment koji modeluje oporezivanja transakcija kroz scenario: sa javnom reputacijom prodavca. Fokus je na odlukama učesnika, cenama i raspodeli dobiti.', 65, 'Izmeriti odstupanje od teorijske tržišne ravnoteže u kontekstu oporezivanja transakcija.', 263619.27, 'Informacije o prosečnoj ceni prikazuju se tek nakon završetka runde, dok su privatni signali dostupni samo određenim učesnicima.'),
(90, 1, 'Aukcija startap investicija sa kaznama za nekooperaciju', 'aukcija', 'Kontrolisani ekonomski eksperiment koji modeluje startap investicija kroz scenario: sa kaznama za nekooperaciju. Fokus je na odlukama učesnika, cenama i raspodeli dobiti.', 94, 'Ispitati kako informacije menjaju strategiju učesnika u kontekstu startap investicija.', 283846.29, 'Pre početka svake sesije sprovodi se kontrolni kviz; učesnici koji ne razumeju pravila prelaze u probnu rundu.'),
(91, 5, 'Alokacija resursa poljoprivrednih proizvoda sa skrivenim kvalitetom robe', 'alokacija resursa', 'Kontrolisani ekonomski eksperiment koji modeluje poljoprivrednih proizvoda kroz scenario: sa skrivenim kvalitetom robe. Fokus je na odlukama učesnika, cenama i raspodeli dobiti.', 56, 'Uporediti ishode različitih aukcijskih pravila u kontekstu poljoprivrednih proizvoda.', 315875.58, 'Kazna se primenjuje ako učesnik ne donese odluku u predviđenom vremenu ili pokuša da komunicira van platforme.'),
(92, 9, 'Simulacija potrošačkog izbora osiguranja od gubitka sa promenljivom rezervnom cenom', 'simulacija potrošačkog izbora', 'Kontrolisani ekonomski eksperiment koji modeluje osiguranja od gubitka kroz scenario: sa promenljivom rezervnom cenom. Fokus je na odlukama učesnika, cenama i raspodeli dobiti.', 79, 'Utvrditi da li učesnici uče iz prethodnih rundi u kontekstu osiguranja od gubitka.', 52130.75, 'Učesnici dobijaju uloge nasumično, odluke donose bez međusobnog razgovora, a bonus zavisi od konačnog salda.'),
(93, 3, 'Igra javnog dobra digitalnih pretplata sa ograničenim brojem rundi', 'igra javnog dobra', 'Kontrolisani ekonomski eksperiment koji modeluje digitalnih pretplata kroz scenario: sa ograničenim brojem rundi. Fokus je na odlukama učesnika, cenama i raspodeli dobiti.', 53, 'Testirati efekte transparentnosti na obim transakcija u kontekstu digitalnih pretplata.', 297252.77, 'Informacije o prosečnoj ceni prikazuju se tek nakon završetka runde, dok su privatni signali dostupni samo određenim učesnicima.'),
(94, 7, 'Simulacija konkurencije berzanskih naloga sa ograničenim budžetom', 'simulacija konkurencije', 'Kontrolisani ekonomski eksperiment koji modeluje berzanskih naloga kroz scenario: sa ograničenim budžetom. Fokus je na odlukama učesnika, cenama i raspodeli dobiti.', 53, 'Proceniti uticaj reputacije na spremnost za plaćanje u kontekstu berzanskih naloga.', 135987.44, 'Pre početka svake sesije sprovodi se kontrolni kviz; učesnici koji ne razumeju pravila prelaze u probnu rundu.'),
(95, 1, 'Finansijsko tržište karbonskih kredita sa informacijama u realnom vremenu', 'finansijsko tržište', 'Kontrolisani ekonomski eksperiment koji modeluje karbonskih kredita kroz scenario: sa informacijama u realnom vremenu. Fokus je na odlukama učesnika, cenama i raspodeli dobiti.', 56, 'Analizirati izbor pod rizikom kada je bonus realno motivisan u kontekstu karbonskih kredita.', 105053.03, 'Kazna se primenjuje ako učesnik ne donese odluku u predviđenom vremenu ili pokuša da komunicira van platforme.'),
(96, 5, 'Tržišna simulacija raspodele bonusa sa privatnim informacijama', 'tržišna simulacija', 'Kontrolisani ekonomski eksperiment koji modeluje raspodele bonusa kroz scenario: sa privatnim informacijama. Fokus je na odlukama učesnika, cenama i raspodeli dobiti.', 84, 'Proceniti ulogu ograničenog budžeta u formiranju cena u kontekstu raspodele bonusa.', 350326.62, 'Učesnici dobijaju uloge nasumično, odluke donose bez međusobnog razgovora, a bonus zavisi od konačnog salda.'),
(97, 9, 'Odlučivanje pod rizikom kratkoročnih kredita sa komunikacijom pre odluke', 'odlučivanje pod rizikom', 'Kontrolisani ekonomski eksperiment koji modeluje kratkoročnih kredita kroz scenario: sa komunikacijom pre odluke. Fokus je na odlukama učesnika, cenama i raspodeli dobiti.', 25, 'Izmeriti stabilnost cena posle tržišnog šoka u kontekstu kratkoročnih kredita.', 367307.67, 'Informacije o prosečnoj ceni prikazuju se tek nakon završetka runde, dok su privatni signali dostupni samo određenim učesnicima.'),
(98, 3, 'Igra poverenja ponude i tražnje stanova sa povratnom informacijom o prosečnoj ceni', 'igra poverenja', 'Kontrolisani ekonomski eksperiment koji modeluje ponude i tražnje stanova kroz scenario: sa povratnom informacijom o prosečnoj ceni. Fokus je na odlukama učesnika, cenama i raspodeli dobiti.', 94, 'Testirati kooperaciju kada se menja veličina grupe u kontekstu ponude i tražnje stanova.', 196741.83, 'Pre početka svake sesije sprovodi se kontrolni kviz; učesnici koji ne razumeju pravila prelaze u probnu rundu.'),
(99, 7, 'Pregovaračka igra transportnih kapaciteta sa šokom ponude', 'pregovaračka igra', 'Kontrolisani ekonomski eksperiment koji modeluje transportnih kapaciteta kroz scenario: sa šokom ponude. Fokus je na odlukama učesnika, cenama i raspodeli dobiti.', 58, 'Izmeriti odstupanje od teorijske tržišne ravnoteže u kontekstu transportnih kapaciteta.', 314321.19, 'Kazna se primenjuje ako učesnik ne donese odluku u predviđenom vremenu ili pokuša da komunicira van platforme.'),
(100, 1, 'Aukcija električne energije sa dvostepenim licitiranjem', 'aukcija', 'Kontrolisani ekonomski eksperiment koji modeluje električne energije kroz scenario: sa dvostepenim licitiranjem. Fokus je na odlukama učesnika, cenama i raspodeli dobiti.', 21, 'Ispitati kako informacije menjaju strategiju učesnika u kontekstu električne energije.', 303545.24, 'Učesnici dobijaju uloge nasumično, odluke donose bez međusobnog razgovora, a bonus zavisi od konačnog salda.'),
(101, 5, 'Alokacija resursa radnih sati freelancera sa javnom reputacijom prodavca', 'alokacija resursa', 'Kontrolisani ekonomski eksperiment koji modeluje radnih sati freelancera kroz scenario: sa javnom reputacijom prodavca. Fokus je na odlukama učesnika, cenama i raspodeli dobiti.', 55, 'Uporediti ishode različitih aukcijskih pravila u kontekstu radnih sati freelancera.', 135256.17, 'Informacije o prosečnoj ceni prikazuju se tek nakon završetka runde, dok su privatni signali dostupni samo određenim učesnicima.'),
(102, 9, 'Simulacija potrošačkog izbora studentskog budžeta sa kaznama za nekooperaciju', 'simulacija potrošačkog izbora', 'Kontrolisani ekonomski eksperiment koji modeluje studentskog budžeta kroz scenario: sa kaznama za nekooperaciju. Fokus je na odlukama učesnika, cenama i raspodeli dobiti.', 71, 'Utvrditi da li učesnici uče iz prethodnih rundi u kontekstu studentskog budžeta.', 196954.53, 'Pre početka svake sesije sprovodi se kontrolni kviz; učesnici koji ne razumeju pravila prelaze u probnu rundu.'),
(103, 3, 'Igra javnog dobra turističkih aranžmana sa skrivenim kvalitetom robe', 'igra javnog dobra', 'Kontrolisani ekonomski eksperiment koji modeluje turističkih aranžmana kroz scenario: sa skrivenim kvalitetom robe. Fokus je na odlukama učesnika, cenama i raspodeli dobiti.', 22, 'Testirati efekte transparentnosti na obim transakcija u kontekstu turističkih aranžmana.', 272785.07, 'Kazna se primenjuje ako učesnik ne donese odluku u predviđenom vremenu ili pokuša da komunicira van platforme.'),
(104, 7, 'Simulacija konkurencije parking mesta sa promenljivom rezervnom cenom', 'simulacija konkurencije', 'Kontrolisani ekonomski eksperiment koji modeluje parking mesta kroz scenario: sa promenljivom rezervnom cenom. Fokus je na odlukama učesnika, cenama i raspodeli dobiti.', 91, 'Proceniti uticaj reputacije na spremnost za plaćanje u kontekstu parking mesta.', 371806.25, 'Učesnici dobijaju uloge nasumično, odluke donose bez međusobnog razgovora, a bonus zavisi od konačnog salda.'),
(105, 1, 'Finansijsko tržište javnih dobara u grupi sa ograničenim brojem rundi', 'finansijsko tržište', 'Kontrolisani ekonomski eksperiment koji modeluje javnih dobara u grupi kroz scenario: sa ograničenim brojem rundi. Fokus je na odlukama učesnika, cenama i raspodeli dobiti.', 61, 'Analizirati izbor pod rizikom kada je bonus realno motivisan u kontekstu javnih dobara u grupi.', 333783.70, 'Informacije o prosečnoj ceni prikazuju se tek nakon završetka runde, dok su privatni signali dostupni samo određenim učesnicima.'),
(106, 5, 'Tržišna simulacija maloprodajnih cena hrane sa ograničenim budžetom', 'tržišna simulacija', 'Kontrolisani ekonomski eksperiment koji modeluje maloprodajnih cena hrane kroz scenario: sa ograničenim budžetom. Fokus je na odlukama učesnika, cenama i raspodeli dobiti.', 46, 'Proceniti ulogu ograničenog budžeta u formiranju cena u kontekstu maloprodajnih cena hrane.', 316685.20, 'Pre početka svake sesije sprovodi se kontrolni kviz; učesnici koji ne razumeju pravila prelaze u probnu rundu.'),
(107, 9, 'Odlučivanje pod rizikom licitiranja za oglasni prostor sa informacijama u realnom vremenu', 'odlučivanje pod rizikom', 'Kontrolisani ekonomski eksperiment koji modeluje licitiranja za oglasni prostor kroz scenario: sa informacijama u realnom vremenu. Fokus je na odlukama učesnika, cenama i raspodeli dobiti.', 78, 'Izmeriti stabilnost cena posle tržišnog šoka u kontekstu licitiranja za oglasni prostor.', 410273.76, 'Kazna se primenjuje ako učesnik ne donese odluku u predviđenom vremenu ili pokuša da komunicira van platforme.'),
(108, 3, 'Igra poverenja polovnih telefona sa privatnim informacijama', 'igra poverenja', 'Kontrolisani ekonomski eksperiment koji modeluje polovnih telefona kroz scenario: sa privatnim informacijama. Fokus je na odlukama učesnika, cenama i raspodeli dobiti.', 63, 'Testirati kooperaciju kada se menja veličina grupe u kontekstu polovnih telefona.', 240608.81, 'Učesnici dobijaju uloge nasumično, odluke donose bez međusobnog razgovora, a bonus zavisi od konačnog salda.'),
(109, 7, 'Pregovaračka igra oporezivanja transakcija sa komunikacijom pre odluke', 'pregovaračka igra', 'Kontrolisani ekonomski eksperiment koji modeluje oporezivanja transakcija kroz scenario: sa komunikacijom pre odluke. Fokus je na odlukama učesnika, cenama i raspodeli dobiti.', 39, 'Izmeriti odstupanje od teorijske tržišne ravnoteže u kontekstu oporezivanja transakcija.', 382271.45, 'Informacije o prosečnoj ceni prikazuju se tek nakon završetka runde, dok su privatni signali dostupni samo određenim učesnicima.'),
(110, 1, 'Aukcija startap investicija sa povratnom informacijom o prosečnoj ceni', 'aukcija', 'Kontrolisani ekonomski eksperiment koji modeluje startap investicija kroz scenario: sa povratnom informacijom o prosečnoj ceni. Fokus je na odlukama učesnika, cenama i raspodeli dobiti.', 89, 'Ispitati kako informacije menjaju strategiju učesnika u kontekstu startap investicija.', 101982.74, 'Pre početka svake sesije sprovodi se kontrolni kviz; učesnici koji ne razumeju pravila prelaze u probnu rundu.'),
(111, 5, 'Alokacija resursa poljoprivrednih proizvoda sa šokom ponude', 'alokacija resursa', 'Kontrolisani ekonomski eksperiment koji modeluje poljoprivrednih proizvoda kroz scenario: sa šokom ponude. Fokus je na odlukama učesnika, cenama i raspodeli dobiti.', 30, 'Uporediti ishode različitih aukcijskih pravila u kontekstu poljoprivrednih proizvoda.', 225081.87, 'Kazna se primenjuje ako učesnik ne donese odluku u predviđenom vremenu ili pokuša da komunicira van platforme.'),
(112, 9, 'Simulacija potrošačkog izbora osiguranja od gubitka sa dvostepenim licitiranjem', 'simulacija potrošačkog izbora', 'Kontrolisani ekonomski eksperiment koji modeluje osiguranja od gubitka kroz scenario: sa dvostepenim licitiranjem. Fokus je na odlukama učesnika, cenama i raspodeli dobiti.', 51, 'Utvrditi da li učesnici uče iz prethodnih rundi u kontekstu osiguranja od gubitka.', 333204.32, 'Učesnici dobijaju uloge nasumično, odluke donose bez međusobnog razgovora, a bonus zavisi od konačnog salda.'),
(113, 3, 'Igra javnog dobra digitalnih pretplata sa javnom reputacijom prodavca', 'igra javnog dobra', 'Kontrolisani ekonomski eksperiment koji modeluje digitalnih pretplata kroz scenario: sa javnom reputacijom prodavca. Fokus je na odlukama učesnika, cenama i raspodeli dobiti.', 89, 'Testirati efekte transparentnosti na obim transakcija u kontekstu digitalnih pretplata.', 349240.24, 'Informacije o prosečnoj ceni prikazuju se tek nakon završetka runde, dok su privatni signali dostupni samo određenim učesnicima.'),
(114, 7, 'Simulacija konkurencije berzanskih naloga sa kaznama za nekooperaciju', 'simulacija konkurencije', 'Kontrolisani ekonomski eksperiment koji modeluje berzanskih naloga kroz scenario: sa kaznama za nekooperaciju. Fokus je na odlukama učesnika, cenama i raspodeli dobiti.', 41, 'Proceniti uticaj reputacije na spremnost za plaćanje u kontekstu berzanskih naloga.', 427442.44, 'Pre početka svake sesije sprovodi se kontrolni kviz; učesnici koji ne razumeju pravila prelaze u probnu rundu.'),
(115, 1, 'Finansijsko tržište karbonskih kredita sa skrivenim kvalitetom robe', 'finansijsko tržište', 'Kontrolisani ekonomski eksperiment koji modeluje karbonskih kredita kroz scenario: sa skrivenim kvalitetom robe. Fokus je na odlukama učesnika, cenama i raspodeli dobiti.', 60, 'Analizirati izbor pod rizikom kada je bonus realno motivisan u kontekstu karbonskih kredita.', 303134.72, 'Kazna se primenjuje ako učesnik ne donese odluku u predviđenom vremenu ili pokuša da komunicira van platforme.'),
(116, 5, 'Tržišna simulacija raspodele bonusa sa promenljivom rezervnom cenom', 'tržišna simulacija', 'Kontrolisani ekonomski eksperiment koji modeluje raspodele bonusa kroz scenario: sa promenljivom rezervnom cenom. Fokus je na odlukama učesnika, cenama i raspodeli dobiti.', 46, 'Proceniti ulogu ograničenog budžeta u formiranju cena u kontekstu raspodele bonusa.', 175995.44, 'Učesnici dobijaju uloge nasumično, odluke donose bez međusobnog razgovora, a bonus zavisi od konačnog salda.'),
(117, 9, 'Odlučivanje pod rizikom kratkoročnih kredita sa ograničenim brojem rundi', 'odlučivanje pod rizikom', 'Kontrolisani ekonomski eksperiment koji modeluje kratkoročnih kredita kroz scenario: sa ograničenim brojem rundi. Fokus je na odlukama učesnika, cenama i raspodeli dobiti.', 57, 'Izmeriti stabilnost cena posle tržišnog šoka u kontekstu kratkoročnih kredita.', 203700.84, 'Informacije o prosečnoj ceni prikazuju se tek nakon završetka runde, dok su privatni signali dostupni samo određenim učesnicima.'),
(118, 3, 'Igra poverenja ponude i tražnje stanova sa ograničenim budžetom', 'igra poverenja', 'Kontrolisani ekonomski eksperiment koji modeluje ponude i tražnje stanova kroz scenario: sa ograničenim budžetom. Fokus je na odlukama učesnika, cenama i raspodeli dobiti.', 60, 'Testirati kooperaciju kada se menja veličina grupe u kontekstu ponude i tražnje stanova.', 182965.03, 'Pre početka svake sesije sprovodi se kontrolni kviz; učesnici koji ne razumeju pravila prelaze u probnu rundu.'),
(119, 7, 'Pregovaračka igra transportnih kapaciteta sa informacijama u realnom vremenu', 'pregovaračka igra', 'Kontrolisani ekonomski eksperiment koji modeluje transportnih kapaciteta kroz scenario: sa informacijama u realnom vremenu. Fokus je na odlukama učesnika, cenama i raspodeli dobiti.', 92, 'Izmeriti odstupanje od teorijske tržišne ravnoteže u kontekstu transportnih kapaciteta.', 149971.73, 'Kazna se primenjuje ako učesnik ne donese odluku u predviđenom vremenu ili pokuša da komunicira van platforme.'),
(120, 1, 'Aukcija električne energije sa privatnim informacijama', 'aukcija', 'Kontrolisani ekonomski eksperiment koji modeluje električne energije kroz scenario: sa privatnim informacijama. Fokus je na odlukama učesnika, cenama i raspodeli dobiti.', 33, 'Ispitati kako informacije menjaju strategiju učesnika u kontekstu električne energije.', 224978.04, 'Učesnici dobijaju uloge nasumično, odluke donose bez međusobnog razgovora, a bonus zavisi od konačnog salda.'),
(121, 5, 'Alokacija resursa radnih sati freelancera sa komunikacijom pre odluke', 'alokacija resursa', 'Kontrolisani ekonomski eksperiment koji modeluje radnih sati freelancera kroz scenario: sa komunikacijom pre odluke. Fokus je na odlukama učesnika, cenama i raspodeli dobiti.', 92, 'Uporediti ishode različitih aukcijskih pravila u kontekstu radnih sati freelancera.', 271633.07, 'Informacije o prosečnoj ceni prikazuju se tek nakon završetka runde, dok su privatni signali dostupni samo određenim učesnicima.'),
(122, 9, 'Simulacija potrošačkog izbora studentskog budžeta sa povratnom informacijom o prosečnoj ceni', 'simulacija potrošačkog izbora', 'Kontrolisani ekonomski eksperiment koji modeluje studentskog budžeta kroz scenario: sa povratnom informacijom o prosečnoj ceni. Fokus je na odlukama učesnika, cenama i raspodeli dobiti.', 27, 'Utvrditi da li učesnici uče iz prethodnih rundi u kontekstu studentskog budžeta.', 225693.37, 'Pre početka svake sesije sprovodi se kontrolni kviz; učesnici koji ne razumeju pravila prelaze u probnu rundu.'),
(123, 3, 'Igra javnog dobra turističkih aranžmana sa šokom ponude', 'igra javnog dobra', 'Kontrolisani ekonomski eksperiment koji modeluje turističkih aranžmana kroz scenario: sa šokom ponude. Fokus je na odlukama učesnika, cenama i raspodeli dobiti.', 42, 'Testirati efekte transparentnosti na obim transakcija u kontekstu turističkih aranžmana.', 237702.88, 'Kazna se primenjuje ako učesnik ne donese odluku u predviđenom vremenu ili pokuša da komunicira van platforme.'),
(124, 7, 'Simulacija konkurencije parking mesta sa dvostepenim licitiranjem', 'simulacija konkurencije', 'Kontrolisani ekonomski eksperiment koji modeluje parking mesta kroz scenario: sa dvostepenim licitiranjem. Fokus je na odlukama učesnika, cenama i raspodeli dobiti.', 66, 'Proceniti uticaj reputacije na spremnost za plaćanje u kontekstu parking mesta.', 250181.36, 'Učesnici dobijaju uloge nasumično, odluke donose bez međusobnog razgovora, a bonus zavisi od konačnog salda.'),
(125, 1, 'Finansijsko tržište javnih dobara u grupi sa javnom reputacijom prodavca', 'finansijsko tržište', 'Kontrolisani ekonomski eksperiment koji modeluje javnih dobara u grupi kroz scenario: sa javnom reputacijom prodavca. Fokus je na odlukama učesnika, cenama i raspodeli dobiti.', 70, 'Analizirati izbor pod rizikom kada je bonus realno motivisan u kontekstu javnih dobara u grupi.', 47976.34, 'Informacije o prosečnoj ceni prikazuju se tek nakon završetka runde, dok su privatni signali dostupni samo određenim učesnicima.'),
(126, 5, 'Tržišna simulacija maloprodajnih cena hrane sa kaznama za nekooperaciju', 'tržišna simulacija', 'Kontrolisani ekonomski eksperiment koji modeluje maloprodajnih cena hrane kroz scenario: sa kaznama za nekooperaciju. Fokus je na odlukama učesnika, cenama i raspodeli dobiti.', 37, 'Proceniti ulogu ograničenog budžeta u formiranju cena u kontekstu maloprodajnih cena hrane.', 83380.24, 'Pre početka svake sesije sprovodi se kontrolni kviz; učesnici koji ne razumeju pravila prelaze u probnu rundu.'),
(127, 9, 'Odlučivanje pod rizikom licitiranja za oglasni prostor sa skrivenim kvalitetom robe', 'odlučivanje pod rizikom', 'Kontrolisani ekonomski eksperiment koji modeluje licitiranja za oglasni prostor kroz scenario: sa skrivenim kvalitetom robe. Fokus je na odlukama učesnika, cenama i raspodeli dobiti.', 43, 'Izmeriti stabilnost cena posle tržišnog šoka u kontekstu licitiranja za oglasni prostor.', 170634.70, 'Kazna se primenjuje ako učesnik ne donese odluku u predviđenom vremenu ili pokuša da komunicira van platforme.'),
(128, 3, 'Igra poverenja polovnih telefona sa promenljivom rezervnom cenom', 'igra poverenja', 'Kontrolisani ekonomski eksperiment koji modeluje polovnih telefona kroz scenario: sa promenljivom rezervnom cenom. Fokus je na odlukama učesnika, cenama i raspodeli dobiti.', 90, 'Testirati kooperaciju kada se menja veličina grupe u kontekstu polovnih telefona.', 404459.18, 'Učesnici dobijaju uloge nasumično, odluke donose bez međusobnog razgovora, a bonus zavisi od konačnog salda.'),
(129, 7, 'Pregovaračka igra oporezivanja transakcija sa ograničenim brojem rundi', 'pregovaračka igra', 'Kontrolisani ekonomski eksperiment koji modeluje oporezivanja transakcija kroz scenario: sa ograničenim brojem rundi. Fokus je na odlukama učesnika, cenama i raspodeli dobiti.', 76, 'Izmeriti odstupanje od teorijske tržišne ravnoteže u kontekstu oporezivanja transakcija.', 85870.26, 'Informacije o prosečnoj ceni prikazuju se tek nakon završetka runde, dok su privatni signali dostupni samo određenim učesnicima.'),
(130, 1, 'Aukcija startap investicija sa ograničenim budžetom', 'aukcija', 'Kontrolisani ekonomski eksperiment koji modeluje startap investicija kroz scenario: sa ograničenim budžetom. Fokus je na odlukama učesnika, cenama i raspodeli dobiti.', 41, 'Ispitati kako informacije menjaju strategiju učesnika u kontekstu startap investicija.', 356050.00, 'Pre početka svake sesije sprovodi se kontrolni kviz; učesnici koji ne razumeju pravila prelaze u probnu rundu.'),
(131, 5, 'Alokacija resursa poljoprivrednih proizvoda sa informacijama u realnom vremenu', 'alokacija resursa', 'Kontrolisani ekonomski eksperiment koji modeluje poljoprivrednih proizvoda kroz scenario: sa informacijama u realnom vremenu. Fokus je na odlukama učesnika, cenama i raspodeli dobiti.', 80, 'Uporediti ishode različitih aukcijskih pravila u kontekstu poljoprivrednih proizvoda.', 166367.51, 'Kazna se primenjuje ako učesnik ne donese odluku u predviđenom vremenu ili pokuša da komunicira van platforme.'),
(132, 9, 'Simulacija potrošačkog izbora osiguranja od gubitka sa privatnim informacijama', 'simulacija potrošačkog izbora', 'Kontrolisani ekonomski eksperiment koji modeluje osiguranja od gubitka kroz scenario: sa privatnim informacijama. Fokus je na odlukama učesnika, cenama i raspodeli dobiti.', 40, 'Utvrditi da li učesnici uče iz prethodnih rundi u kontekstu osiguranja od gubitka.', 158200.98, 'Učesnici dobijaju uloge nasumično, odluke donose bez međusobnog razgovora, a bonus zavisi od konačnog salda.'),
(133, 3, 'Igra javnog dobra digitalnih pretplata sa komunikacijom pre odluke', 'igra javnog dobra', 'Kontrolisani ekonomski eksperiment koji modeluje digitalnih pretplata kroz scenario: sa komunikacijom pre odluke. Fokus je na odlukama učesnika, cenama i raspodeli dobiti.', 25, 'Testirati efekte transparentnosti na obim transakcija u kontekstu digitalnih pretplata.', 27003.24, 'Informacije o prosečnoj ceni prikazuju se tek nakon završetka runde, dok su privatni signali dostupni samo određenim učesnicima.'),
(134, 7, 'Simulacija konkurencije berzanskih naloga sa povratnom informacijom o prosečnoj ceni', 'simulacija konkurencije', 'Kontrolisani ekonomski eksperiment koji modeluje berzanskih naloga kroz scenario: sa povratnom informacijom o prosečnoj ceni. Fokus je na odlukama učesnika, cenama i raspodeli dobiti.', 53, 'Proceniti uticaj reputacije na spremnost za plaćanje u kontekstu berzanskih naloga.', 113987.51, 'Pre početka svake sesije sprovodi se kontrolni kviz; učesnici koji ne razumeju pravila prelaze u probnu rundu.'),
(135, 1, 'Finansijsko tržište karbonskih kredita sa šokom ponude', 'finansijsko tržište', 'Kontrolisani ekonomski eksperiment koji modeluje karbonskih kredita kroz scenario: sa šokom ponude. Fokus je na odlukama učesnika, cenama i raspodeli dobiti.', 39, 'Analizirati izbor pod rizikom kada je bonus realno motivisan u kontekstu karbonskih kredita.', 269918.54, 'Kazna se primenjuje ako učesnik ne donese odluku u predviđenom vremenu ili pokuša da komunicira van platforme.'),
(136, 5, 'Tržišna simulacija raspodele bonusa sa dvostepenim licitiranjem', 'tržišna simulacija', 'Kontrolisani ekonomski eksperiment koji modeluje raspodele bonusa kroz scenario: sa dvostepenim licitiranjem. Fokus je na odlukama učesnika, cenama i raspodeli dobiti.', 38, 'Proceniti ulogu ograničenog budžeta u formiranju cena u kontekstu raspodele bonusa.', 233070.26, 'Učesnici dobijaju uloge nasumično, odluke donose bez međusobnog razgovora, a bonus zavisi od konačnog salda.'),
(137, 9, 'Odlučivanje pod rizikom kratkoročnih kredita sa javnom reputacijom prodavca', 'odlučivanje pod rizikom', 'Kontrolisani ekonomski eksperiment koji modeluje kratkoročnih kredita kroz scenario: sa javnom reputacijom prodavca. Fokus je na odlukama učesnika, cenama i raspodeli dobiti.', 29, 'Izmeriti stabilnost cena posle tržišnog šoka u kontekstu kratkoročnih kredita.', 79997.53, 'Informacije o prosečnoj ceni prikazuju se tek nakon završetka runde, dok su privatni signali dostupni samo određenim učesnicima.'),
(138, 3, 'Igra poverenja ponude i tražnje stanova sa kaznama za nekooperaciju', 'igra poverenja', 'Kontrolisani ekonomski eksperiment koji modeluje ponude i tražnje stanova kroz scenario: sa kaznama za nekooperaciju. Fokus je na odlukama učesnika, cenama i raspodeli dobiti.', 73, 'Testirati kooperaciju kada se menja veličina grupe u kontekstu ponude i tražnje stanova.', 294232.20, 'Pre početka svake sesije sprovodi se kontrolni kviz; učesnici koji ne razumeju pravila prelaze u probnu rundu.'),
(139, 7, 'Pregovaračka igra transportnih kapaciteta sa skrivenim kvalitetom robe', 'pregovaračka igra', 'Kontrolisani ekonomski eksperiment koji modeluje transportnih kapaciteta kroz scenario: sa skrivenim kvalitetom robe. Fokus je na odlukama učesnika, cenama i raspodeli dobiti.', 69, 'Izmeriti odstupanje od teorijske tržišne ravnoteže u kontekstu transportnih kapaciteta.', 207335.82, 'Kazna se primenjuje ako učesnik ne donese odluku u predviđenom vremenu ili pokuša da komunicira van platforme.'),
(140, 1, 'Aukcija električne energije sa promenljivom rezervnom cenom', 'aukcija', 'Kontrolisani ekonomski eksperiment koji modeluje električne energije kroz scenario: sa promenljivom rezervnom cenom. Fokus je na odlukama učesnika, cenama i raspodeli dobiti.', 79, 'Ispitati kako informacije menjaju strategiju učesnika u kontekstu električne energije.', 187909.48, 'Učesnici dobijaju uloge nasumično, odluke donose bez međusobnog razgovora, a bonus zavisi od konačnog salda.'),
(141, 5, 'Alokacija resursa radnih sati freelancera sa ograničenim brojem rundi', 'alokacija resursa', 'Kontrolisani ekonomski eksperiment koji modeluje radnih sati freelancera kroz scenario: sa ograničenim brojem rundi. Fokus je na odlukama učesnika, cenama i raspodeli dobiti.', 22, 'Uporediti ishode različitih aukcijskih pravila u kontekstu radnih sati freelancera.', 251857.61, 'Informacije o prosečnoj ceni prikazuju se tek nakon završetka runde, dok su privatni signali dostupni samo određenim učesnicima.'),
(142, 9, 'Simulacija potrošačkog izbora studentskog budžeta sa ograničenim budžetom', 'simulacija potrošačkog izbora', 'Kontrolisani ekonomski eksperiment koji modeluje studentskog budžeta kroz scenario: sa ograničenim budžetom. Fokus je na odlukama učesnika, cenama i raspodeli dobiti.', 65, 'Utvrditi da li učesnici uče iz prethodnih rundi u kontekstu studentskog budžeta.', 428779.16, 'Pre početka svake sesije sprovodi se kontrolni kviz; učesnici koji ne razumeju pravila prelaze u probnu rundu.'),
(143, 3, 'Igra javnog dobra turističkih aranžmana sa informacijama u realnom vremenu', 'igra javnog dobra', 'Kontrolisani ekonomski eksperiment koji modeluje turističkih aranžmana kroz scenario: sa informacijama u realnom vremenu. Fokus je na odlukama učesnika, cenama i raspodeli dobiti.', 59, 'Testirati efekte transparentnosti na obim transakcija u kontekstu turističkih aranžmana.', 346660.29, 'Kazna se primenjuje ako učesnik ne donese odluku u predviđenom vremenu ili pokuša da komunicira van platforme.'),
(144, 7, 'Simulacija konkurencije parking mesta sa privatnim informacijama', 'simulacija konkurencije', 'Kontrolisani ekonomski eksperiment koji modeluje parking mesta kroz scenario: sa privatnim informacijama. Fokus je na odlukama učesnika, cenama i raspodeli dobiti.', 85, 'Proceniti uticaj reputacije na spremnost za plaćanje u kontekstu parking mesta.', 105995.10, 'Učesnici dobijaju uloge nasumično, odluke donose bez međusobnog razgovora, a bonus zavisi od konačnog salda.'),
(145, 1, 'Finansijsko tržište javnih dobara u grupi sa komunikacijom pre odluke', 'finansijsko tržište', 'Kontrolisani ekonomski eksperiment koji modeluje javnih dobara u grupi kroz scenario: sa komunikacijom pre odluke. Fokus je na odlukama učesnika, cenama i raspodeli dobiti.', 18, 'Analizirati izbor pod rizikom kada je bonus realno motivisan u kontekstu javnih dobara u grupi.', 291341.94, 'Informacije o prosečnoj ceni prikazuju se tek nakon završetka runde, dok su privatni signali dostupni samo određenim učesnicima.'),
(146, 5, 'Tržišna simulacija maloprodajnih cena hrane sa povratnom informacijom o prosečnoj ceni', 'tržišna simulacija', 'Kontrolisani ekonomski eksperiment koji modeluje maloprodajnih cena hrane kroz scenario: sa povratnom informacijom o prosečnoj ceni. Fokus je na odlukama učesnika, cenama i raspodeli dobiti.', 49, 'Proceniti ulogu ograničenog budžeta u formiranju cena u kontekstu maloprodajnih cena hrane.', 121162.93, 'Pre početka svake sesije sprovodi se kontrolni kviz; učesnici koji ne razumeju pravila prelaze u probnu rundu.'),
(147, 9, 'Odlučivanje pod rizikom licitiranja za oglasni prostor sa šokom ponude', 'odlučivanje pod rizikom', 'Kontrolisani ekonomski eksperiment koji modeluje licitiranja za oglasni prostor kroz scenario: sa šokom ponude. Fokus je na odlukama učesnika, cenama i raspodeli dobiti.', 62, 'Izmeriti stabilnost cena posle tržišnog šoka u kontekstu licitiranja za oglasni prostor.', 157639.21, 'Kazna se primenjuje ako učesnik ne donese odluku u predviđenom vremenu ili pokuša da komunicira van platforme.'),
(148, 3, 'Igra poverenja polovnih telefona sa dvostepenim licitiranjem', 'igra poverenja', 'Kontrolisani ekonomski eksperiment koji modeluje polovnih telefona kroz scenario: sa dvostepenim licitiranjem. Fokus je na odlukama učesnika, cenama i raspodeli dobiti.', 31, 'Testirati kooperaciju kada se menja veličina grupe u kontekstu polovnih telefona.', 188008.95, 'Učesnici dobijaju uloge nasumično, odluke donose bez međusobnog razgovora, a bonus zavisi od konačnog salda.'),
(149, 7, 'Pregovaračka igra oporezivanja transakcija sa javnom reputacijom prodavca', 'pregovaračka igra', 'Kontrolisani ekonomski eksperiment koji modeluje oporezivanja transakcija kroz scenario: sa javnom reputacijom prodavca. Fokus je na odlukama učesnika, cenama i raspodeli dobiti.', 93, 'Izmeriti odstupanje od teorijske tržišne ravnoteže u kontekstu oporezivanja transakcija.', 155098.91, 'Informacije o prosečnoj ceni prikazuju se tek nakon završetka runde, dok su privatni signali dostupni samo određenim učesnicima.'),
(150, 1, 'Aukcija startap investicija sa kaznama za nekooperaciju', 'aukcija', 'Kontrolisani ekonomski eksperiment koji modeluje startap investicija kroz scenario: sa kaznama za nekooperaciju. Fokus je na odlukama učesnika, cenama i raspodeli dobiti.', 26, 'Ispitati kako informacije menjaju strategiju učesnika u kontekstu startap investicija.', 375133.63, 'Pre početka svake sesije sprovodi se kontrolni kviz; učesnici koji ne razumeju pravila prelaze u probnu rundu.');

INSERT INTO Dizajner_Eksperiment (istrazivac_id, eksperiment_id, teorija_id, opis_doprinosa) VALUES
(103, 1, 65, 'osmislio pravila igre i kontrolne tretmane'),
(62, 1, 20, 'pripremio instrukcije za učesnike i probnu rundu'),
(116, 1, 25, 'pripremio protokol za validaciju i pilot sesiju'),
(44, 2, 94, 'dizajnirao način merenja tržišne ravnoteže'),
(119, 2, 112, 'osmislio pravila igre i kontrolne tretmane'),
(62, 2, 68, 'dizajnirao način merenja tržišne ravnoteže'),
(40, 3, 19, 'pripremio protokol za validaciju i pilot sesiju'),
(100, 3, 99, 'povezao teorijski okvir sa merama ishoda'),
(42, 3, 112, 'definisao algoritam randomizacije uloga'),
(13, 4, 87, 'definisao cilj istraživanja i glavne hipoteze'),
(106, 4, 17, 'osmislio model bonusa i konverziju tokena'),
(67, 4, 27, 'povezao teorijski okvir sa merama ishoda'),
(93, 5, 50, 'dizajnirao način merenja tržišne ravnoteže'),
(5, 5, 92, 'pripremio protokol za validaciju i pilot sesiju'),
(59, 5, 111, 'osmislio model bonusa i konverziju tokena'),
(67, 6, 40, 'osmislio pravila igre i kontrolne tretmane'),
(15, 6, 120, 'definisao algoritam randomizacije uloga'),
(1, 6, 6, 'definisao algoritam randomizacije uloga'),
(88, 7, 112, 'osmislio model bonusa i konverziju tokena'),
(109, 7, 12, 'definisao cilj istraživanja i glavne hipoteze'),
(77, 7, 43, 'osmislio model bonusa i konverziju tokena'),
(60, 8, 14, 'povezao teorijski okvir sa merama ishoda'),
(114, 8, 67, 'definisao algoritam randomizacije uloga'),
(6, 8, 99, 'osmislio pravila igre i kontrolne tretmane'),
(85, 9, 3, 'osmislio pravila igre i kontrolne tretmane'),
(96, 9, 74, 'pripremio instrukcije za učesnike i probnu rundu'),
(40, 9, 98, 'pripremio instrukcije za učesnike i probnu rundu'),
(40, 10, 27, 'definisao algoritam randomizacije uloga'),
(82, 10, 42, 'pripremio protokol za validaciju i pilot sesiju'),
(115, 10, 26, 'osmislio model bonusa i konverziju tokena'),
(25, 11, 69, 'osmislio pravila igre i kontrolne tretmane'),
(37, 11, 41, 'osmislio pravila igre i kontrolne tretmane'),
(36, 11, 99, 'povezao teorijski okvir sa merama ishoda'),
(57, 12, 35, 'definisao cilj istraživanja i glavne hipoteze'),
(86, 12, 20, 'pripremio protokol za validaciju i pilot sesiju'),
(16, 12, 21, 'osmislio pravila igre i kontrolne tretmane'),
(36, 13, 80, 'osmislio pravila igre i kontrolne tretmane'),
(15, 13, 72, 'dizajnirao način merenja tržišne ravnoteže'),
(2, 13, 66, 'osmislio pravila igre i kontrolne tretmane'),
(14, 14, 45, 'osmislio pravila igre i kontrolne tretmane'),
(27, 14, 71, 'definisao cilj istraživanja i glavne hipoteze'),
(70, 14, 41, 'definisao algoritam randomizacije uloga'),
(35, 15, 103, 'osmislio pravila igre i kontrolne tretmane'),
(19, 15, 37, 'osmislio model bonusa i konverziju tokena'),
(91, 15, 74, 'dizajnirao način merenja tržišne ravnoteže'),
(32, 16, 40, 'definisao cilj istraživanja i glavne hipoteze'),
(22, 16, 79, 'definisao algoritam randomizacije uloga'),
(10, 16, 115, 'definisao algoritam randomizacije uloga'),
(44, 17, 7, 'dizajnirao način merenja tržišne ravnoteže'),
(70, 17, 17, 'definisao cilj istraživanja i glavne hipoteze'),
(57, 17, 4, 'pripremio protokol za validaciju i pilot sesiju'),
(61, 18, 7, 'pripremio protokol za validaciju i pilot sesiju'),
(116, 18, 14, 'dizajnirao način merenja tržišne ravnoteže'),
(87, 18, 50, 'pripremio instrukcije za učesnike i probnu rundu'),
(7, 19, 51, 'definisao algoritam randomizacije uloga'),
(12, 19, 23, 'pripremio protokol za validaciju i pilot sesiju'),
(55, 19, 91, 'definisao algoritam randomizacije uloga'),
(77, 20, 81, 'povezao teorijski okvir sa merama ishoda'),
(115, 20, 108, 'pripremio instrukcije za učesnike i probnu rundu'),
(76, 20, 89, 'osmislio pravila igre i kontrolne tretmane'),
(90, 21, 46, 'definisao algoritam randomizacije uloga'),
(58, 21, 40, 'osmislio model bonusa i konverziju tokena'),
(79, 21, 43, 'osmislio model bonusa i konverziju tokena'),
(105, 22, 98, 'osmislio pravila igre i kontrolne tretmane'),
(26, 22, 86, 'pripremio protokol za validaciju i pilot sesiju'),
(92, 22, 104, 'povezao teorijski okvir sa merama ishoda'),
(69, 23, 97, 'definisao algoritam randomizacije uloga'),
(11, 23, 98, 'dizajnirao način merenja tržišne ravnoteže'),
(119, 23, 60, 'povezao teorijski okvir sa merama ishoda'),
(73, 24, 105, 'povezao teorijski okvir sa merama ishoda'),
(17, 24, 103, 'definisao cilj istraživanja i glavne hipoteze'),
(12, 24, 118, 'povezao teorijski okvir sa merama ishoda'),
(90, 25, 59, 'pripremio protokol za validaciju i pilot sesiju'),
(60, 25, 40, 'definisao algoritam randomizacije uloga'),
(13, 25, 88, 'pripremio protokol za validaciju i pilot sesiju'),
(83, 26, 60, 'osmislio pravila igre i kontrolne tretmane'),
(91, 26, 61, 'povezao teorijski okvir sa merama ishoda'),
(99, 26, 30, 'pripremio instrukcije za učesnike i probnu rundu'),
(29, 27, 115, 'pripremio instrukcije za učesnike i probnu rundu'),
(19, 27, 79, 'definisao algoritam randomizacije uloga'),
(111, 27, 34, 'dizajnirao način merenja tržišne ravnoteže'),
(117, 28, 24, 'osmislio pravila igre i kontrolne tretmane'),
(47, 28, 90, 'definisao algoritam randomizacije uloga'),
(51, 28, 118, 'definisao algoritam randomizacije uloga'),
(86, 29, 111, 'povezao teorijski okvir sa merama ishoda'),
(43, 29, 113, 'osmislio pravila igre i kontrolne tretmane'),
(101, 29, 42, 'dizajnirao način merenja tržišne ravnoteže'),
(59, 30, 9, 'povezao teorijski okvir sa merama ishoda'),
(63, 30, 61, 'povezao teorijski okvir sa merama ishoda'),
(4, 30, 15, 'osmislio pravila igre i kontrolne tretmane'),
(45, 31, 60, 'definisao cilj istraživanja i glavne hipoteze'),
(62, 31, 109, 'povezao teorijski okvir sa merama ishoda'),
(22, 32, 99, 'osmislio pravila igre i kontrolne tretmane'),
(37, 32, 45, 'povezao teorijski okvir sa merama ishoda'),
(78, 33, 17, 'definisao cilj istraživanja i glavne hipoteze'),
(74, 33, 66, 'definisao algoritam randomizacije uloga'),
(14, 34, 105, 'osmislio pravila igre i kontrolne tretmane'),
(52, 34, 92, 'povezao teorijski okvir sa merama ishoda'),
(102, 35, 42, 'pripremio instrukcije za učesnike i probnu rundu'),
(14, 35, 72, 'osmislio pravila igre i kontrolne tretmane'),
(84, 36, 102, 'pripremio protokol za validaciju i pilot sesiju'),
(10, 36, 39, 'definisao algoritam randomizacije uloga'),
(69, 37, 52, 'pripremio protokol za validaciju i pilot sesiju'),
(60, 37, 76, 'definisao algoritam randomizacije uloga'),
(53, 38, 80, 'pripremio instrukcije za učesnike i probnu rundu'),
(31, 38, 32, 'definisao algoritam randomizacije uloga'),
(71, 39, 62, 'dizajnirao način merenja tržišne ravnoteže'),
(21, 39, 50, 'pripremio protokol za validaciju i pilot sesiju'),
(9, 40, 27, 'dizajnirao način merenja tržišne ravnoteže'),
(44, 40, 105, 'definisao algoritam randomizacije uloga'),
(89, 41, 56, 'povezao teorijski okvir sa merama ishoda'),
(76, 41, 101, 'povezao teorijski okvir sa merama ishoda'),
(56, 42, 101, 'osmislio model bonusa i konverziju tokena'),
(73, 42, 44, 'osmislio model bonusa i konverziju tokena'),
(70, 43, 31, 'definisao cilj istraživanja i glavne hipoteze'),
(89, 43, 23, 'pripremio instrukcije za učesnike i probnu rundu'),
(85, 44, 10, 'pripremio instrukcije za učesnike i probnu rundu'),
(86, 44, 95, 'osmislio pravila igre i kontrolne tretmane'),
(120, 45, 74, 'osmislio model bonusa i konverziju tokena'),
(92, 45, 108, 'definisao algoritam randomizacije uloga'),
(63, 46, 76, 'osmislio pravila igre i kontrolne tretmane'),
(15, 46, 77, 'povezao teorijski okvir sa merama ishoda'),
(60, 47, 72, 'pripremio instrukcije za učesnike i probnu rundu'),
(42, 47, 13, 'pripremio protokol za validaciju i pilot sesiju'),
(106, 48, 23, 'osmislio pravila igre i kontrolne tretmane'),
(57, 48, 40, 'osmislio pravila igre i kontrolne tretmane'),
(52, 49, 77, 'povezao teorijski okvir sa merama ishoda'),
(9, 49, 14, 'definisao cilj istraživanja i glavne hipoteze'),
(88, 50, 77, 'osmislio model bonusa i konverziju tokena'),
(105, 50, 99, 'pripremio protokol za validaciju i pilot sesiju'),
(105, 51, 42, 'pripremio protokol za validaciju i pilot sesiju'),
(49, 51, 64, 'dizajnirao način merenja tržišne ravnoteže'),
(83, 52, 8, 'osmislio model bonusa i konverziju tokena'),
(85, 52, 12, 'definisao algoritam randomizacije uloga'),
(28, 53, 18, 'pripremio instrukcije za učesnike i probnu rundu'),
(105, 53, 114, 'definisao cilj istraživanja i glavne hipoteze'),
(75, 54, 97, 'povezao teorijski okvir sa merama ishoda'),
(116, 54, 82, 'dizajnirao način merenja tržišne ravnoteže'),
(104, 55, 97, 'definisao cilj istraživanja i glavne hipoteze'),
(1, 55, 19, 'pripremio instrukcije za učesnike i probnu rundu'),
(85, 56, 58, 'osmislio model bonusa i konverziju tokena'),
(20, 56, 69, 'osmislio pravila igre i kontrolne tretmane'),
(38, 57, 79, 'pripremio protokol za validaciju i pilot sesiju'),
(50, 57, 74, 'definisao algoritam randomizacije uloga'),
(58, 58, 27, 'osmislio model bonusa i konverziju tokena'),
(26, 58, 88, 'dizajnirao način merenja tržišne ravnoteže'),
(113, 59, 39, 'pripremio instrukcije za učesnike i probnu rundu'),
(41, 59, 73, 'definisao algoritam randomizacije uloga'),
(102, 60, 87, 'osmislio pravila igre i kontrolne tretmane'),
(117, 60, 39, 'definisao cilj istraživanja i glavne hipoteze'),
(118, 61, 56, 'pripremio instrukcije za učesnike i probnu rundu'),
(120, 61, 92, 'osmislio pravila igre i kontrolne tretmane'),
(118, 62, 12, 'definisao cilj istraživanja i glavne hipoteze'),
(45, 62, 75, 'pripremio protokol za validaciju i pilot sesiju'),
(2, 63, 66, 'pripremio instrukcije za učesnike i probnu rundu'),
(79, 63, 52, 'povezao teorijski okvir sa merama ishoda'),
(109, 64, 110, 'pripremio instrukcije za učesnike i probnu rundu'),
(17, 64, 38, 'osmislio model bonusa i konverziju tokena'),
(8, 65, 116, 'definisao algoritam randomizacije uloga'),
(48, 65, 71, 'definisao cilj istraživanja i glavne hipoteze'),
(7, 66, 91, 'dizajnirao način merenja tržišne ravnoteže'),
(1, 66, 72, 'pripremio instrukcije za učesnike i probnu rundu'),
(106, 67, 15, 'dizajnirao način merenja tržišne ravnoteže'),
(46, 67, 111, 'definisao cilj istraživanja i glavne hipoteze'),
(37, 68, 4, 'definisao algoritam randomizacije uloga'),
(111, 68, 31, 'povezao teorijski okvir sa merama ishoda'),
(56, 69, 76, 'osmislio pravila igre i kontrolne tretmane'),
(90, 69, 51, 'povezao teorijski okvir sa merama ishoda'),
(81, 70, 92, 'pripremio instrukcije za učesnike i probnu rundu'),
(41, 70, 49, 'definisao cilj istraživanja i glavne hipoteze'),
(52, 71, 56, 'pripremio instrukcije za učesnike i probnu rundu'),
(49, 71, 70, 'pripremio protokol za validaciju i pilot sesiju'),
(28, 72, 23, 'pripremio instrukcije za učesnike i probnu rundu'),
(85, 72, 61, 'povezao teorijski okvir sa merama ishoda'),
(18, 73, 72, 'pripremio instrukcije za učesnike i probnu rundu'),
(25, 73, 50, 'dizajnirao način merenja tržišne ravnoteže'),
(108, 74, 47, 'definisao algoritam randomizacije uloga'),
(119, 74, 108, 'definisao algoritam randomizacije uloga'),
(54, 75, 37, 'pripremio protokol za validaciju i pilot sesiju'),
(20, 75, 112, 'osmislio model bonusa i konverziju tokena'),
(86, 76, 18, 'dizajnirao način merenja tržišne ravnoteže'),
(17, 76, 2, 'osmislio model bonusa i konverziju tokena'),
(10, 77, 3, 'povezao teorijski okvir sa merama ishoda'),
(83, 77, 19, 'pripremio instrukcije za učesnike i probnu rundu'),
(93, 78, 63, 'povezao teorijski okvir sa merama ishoda'),
(114, 78, 85, 'definisao algoritam randomizacije uloga'),
(56, 79, 11, 'povezao teorijski okvir sa merama ishoda'),
(18, 79, 18, 'pripremio instrukcije za učesnike i probnu rundu'),
(83, 80, 54, 'osmislio pravila igre i kontrolne tretmane'),
(104, 80, 111, 'osmislio model bonusa i konverziju tokena'),
(59, 81, 101, 'osmislio pravila igre i kontrolne tretmane'),
(115, 81, 90, 'pripremio protokol za validaciju i pilot sesiju'),
(78, 82, 55, 'osmislio model bonusa i konverziju tokena'),
(120, 82, 80, 'povezao teorijski okvir sa merama ishoda'),
(24, 83, 66, 'definisao algoritam randomizacije uloga'),
(59, 83, 55, 'definisao algoritam randomizacije uloga'),
(71, 84, 58, 'definisao algoritam randomizacije uloga'),
(105, 84, 50, 'osmislio model bonusa i konverziju tokena'),
(46, 85, 24, 'pripremio instrukcije za učesnike i probnu rundu'),
(29, 85, 55, 'osmislio pravila igre i kontrolne tretmane'),
(78, 86, 74, 'pripremio protokol za validaciju i pilot sesiju'),
(1, 86, 64, 'osmislio model bonusa i konverziju tokena'),
(109, 87, 31, 'pripremio instrukcije za učesnike i probnu rundu'),
(94, 87, 92, 'osmislio pravila igre i kontrolne tretmane'),
(65, 88, 53, 'pripremio protokol za validaciju i pilot sesiju'),
(35, 88, 119, 'povezao teorijski okvir sa merama ishoda'),
(70, 89, 47, 'pripremio protokol za validaciju i pilot sesiju'),
(74, 89, 5, 'definisao cilj istraživanja i glavne hipoteze'),
(5, 90, 62, 'definisao algoritam randomizacije uloga'),
(73, 90, 91, 'pripremio protokol za validaciju i pilot sesiju'),
(48, 91, 75, 'pripremio protokol za validaciju i pilot sesiju'),
(15, 91, 62, 'definisao cilj istraživanja i glavne hipoteze'),
(89, 92, 19, 'definisao cilj istraživanja i glavne hipoteze'),
(11, 92, 94, 'definisao algoritam randomizacije uloga'),
(94, 93, 110, 'osmislio pravila igre i kontrolne tretmane'),
(68, 93, 97, 'povezao teorijski okvir sa merama ishoda'),
(100, 94, 60, 'pripremio protokol za validaciju i pilot sesiju'),
(36, 94, 67, 'definisao algoritam randomizacije uloga'),
(11, 95, 114, 'dizajnirao način merenja tržišne ravnoteže'),
(67, 95, 79, 'osmislio pravila igre i kontrolne tretmane'),
(12, 96, 61, 'osmislio pravila igre i kontrolne tretmane'),
(32, 96, 81, 'osmislio pravila igre i kontrolne tretmane'),
(95, 97, 86, 'pripremio protokol za validaciju i pilot sesiju'),
(85, 97, 10, 'definisao cilj istraživanja i glavne hipoteze'),
(88, 98, 70, 'definisao cilj istraživanja i glavne hipoteze'),
(82, 98, 103, 'pripremio instrukcije za učesnike i probnu rundu'),
(75, 99, 79, 'definisao algoritam randomizacije uloga'),
(40, 99, 7, 'povezao teorijski okvir sa merama ishoda'),
(116, 100, 69, 'definisao algoritam randomizacije uloga'),
(44, 100, 100, 'dizajnirao način merenja tržišne ravnoteže'),
(2, 101, 59, 'povezao teorijski okvir sa merama ishoda'),
(61, 101, 66, 'dizajnirao način merenja tržišne ravnoteže'),
(116, 102, 74, 'dizajnirao način merenja tržišne ravnoteže'),
(61, 102, 94, 'osmislio pravila igre i kontrolne tretmane'),
(43, 103, 46, 'definisao cilj istraživanja i glavne hipoteze'),
(54, 103, 103, 'dizajnirao način merenja tržišne ravnoteže'),
(38, 104, 5, 'pripremio instrukcije za učesnike i probnu rundu'),
(22, 104, 89, 'osmislio model bonusa i konverziju tokena'),
(119, 105, 96, 'definisao cilj istraživanja i glavne hipoteze'),
(77, 105, 39, 'definisao algoritam randomizacije uloga'),
(94, 106, 73, 'osmislio pravila igre i kontrolne tretmane'),
(101, 106, 34, 'osmislio pravila igre i kontrolne tretmane'),
(8, 107, 61, 'definisao cilj istraživanja i glavne hipoteze'),
(81, 107, 75, 'osmislio model bonusa i konverziju tokena'),
(22, 108, 7, 'osmislio pravila igre i kontrolne tretmane'),
(74, 108, 85, 'pripremio instrukcije za učesnike i probnu rundu'),
(38, 109, 95, 'povezao teorijski okvir sa merama ishoda'),
(104, 109, 80, 'definisao algoritam randomizacije uloga'),
(4, 110, 63, 'osmislio pravila igre i kontrolne tretmane'),
(37, 110, 11, 'pripremio protokol za validaciju i pilot sesiju'),
(17, 111, 10, 'povezao teorijski okvir sa merama ishoda'),
(65, 111, 109, 'definisao algoritam randomizacije uloga'),
(101, 112, 33, 'pripremio protokol za validaciju i pilot sesiju'),
(36, 112, 17, 'definisao algoritam randomizacije uloga'),
(79, 113, 36, 'dizajnirao način merenja tržišne ravnoteže'),
(36, 113, 110, 'pripremio instrukcije za učesnike i probnu rundu'),
(33, 114, 95, 'povezao teorijski okvir sa merama ishoda'),
(2, 114, 15, 'pripremio instrukcije za učesnike i probnu rundu'),
(78, 115, 117, 'pripremio protokol za validaciju i pilot sesiju'),
(23, 115, 76, 'pripremio protokol za validaciju i pilot sesiju'),
(95, 116, 85, 'definisao cilj istraživanja i glavne hipoteze'),
(20, 116, 58, 'povezao teorijski okvir sa merama ishoda'),
(48, 117, 23, 'dizajnirao način merenja tržišne ravnoteže'),
(104, 117, 34, 'osmislio model bonusa i konverziju tokena'),
(101, 118, 31, 'povezao teorijski okvir sa merama ishoda'),
(90, 118, 63, 'osmislio model bonusa i konverziju tokena'),
(24, 119, 68, 'pripremio instrukcije za učesnike i probnu rundu'),
(103, 119, 111, 'definisao algoritam randomizacije uloga'),
(5, 120, 11, 'definisao cilj istraživanja i glavne hipoteze'),
(44, 120, 19, 'osmislio model bonusa i konverziju tokena'),
(77, 121, 106, 'definisao cilj istraživanja i glavne hipoteze'),
(120, 121, 20, 'definisao algoritam randomizacije uloga'),
(108, 122, 97, 'osmislio model bonusa i konverziju tokena'),
(64, 122, 53, 'osmislio model bonusa i konverziju tokena'),
(99, 123, 31, 'definisao algoritam randomizacije uloga'),
(50, 123, 85, 'povezao teorijski okvir sa merama ishoda'),
(57, 124, 82, 'osmislio model bonusa i konverziju tokena'),
(93, 124, 22, 'osmislio model bonusa i konverziju tokena'),
(27, 125, 94, 'pripremio protokol za validaciju i pilot sesiju'),
(74, 125, 108, 'pripremio instrukcije za učesnike i probnu rundu'),
(45, 126, 83, 'pripremio protokol za validaciju i pilot sesiju'),
(7, 126, 34, 'osmislio model bonusa i konverziju tokena'),
(97, 127, 15, 'osmislio model bonusa i konverziju tokena'),
(105, 127, 7, 'osmislio model bonusa i konverziju tokena'),
(22, 128, 52, 'povezao teorijski okvir sa merama ishoda'),
(60, 128, 61, 'osmislio pravila igre i kontrolne tretmane'),
(39, 129, 96, 'definisao cilj istraživanja i glavne hipoteze'),
(61, 129, 97, 'osmislio model bonusa i konverziju tokena'),
(119, 130, 30, 'osmislio model bonusa i konverziju tokena'),
(69, 130, 49, 'definisao cilj istraživanja i glavne hipoteze'),
(88, 131, 50, 'definisao algoritam randomizacije uloga'),
(91, 131, 61, 'pripremio instrukcije za učesnike i probnu rundu'),
(34, 132, 68, 'povezao teorijski okvir sa merama ishoda'),
(19, 132, 112, 'osmislio model bonusa i konverziju tokena'),
(56, 133, 37, 'povezao teorijski okvir sa merama ishoda'),
(2, 133, 119, 'pripremio protokol za validaciju i pilot sesiju'),
(103, 134, 49, 'pripremio protokol za validaciju i pilot sesiju'),
(58, 134, 87, 'osmislio model bonusa i konverziju tokena'),
(41, 135, 88, 'definisao cilj istraživanja i glavne hipoteze'),
(68, 135, 6, 'osmislio pravila igre i kontrolne tretmane'),
(13, 136, 69, 'povezao teorijski okvir sa merama ishoda'),
(118, 136, 82, 'definisao cilj istraživanja i glavne hipoteze'),
(46, 137, 56, 'osmislio model bonusa i konverziju tokena'),
(109, 137, 79, 'definisao algoritam randomizacije uloga'),
(118, 138, 110, 'pripremio protokol za validaciju i pilot sesiju'),
(84, 138, 35, 'osmislio pravila igre i kontrolne tretmane'),
(43, 139, 35, 'osmislio pravila igre i kontrolne tretmane'),
(35, 139, 103, 'definisao algoritam randomizacije uloga'),
(13, 140, 84, 'definisao algoritam randomizacije uloga'),
(33, 140, 75, 'definisao cilj istraživanja i glavne hipoteze'),
(51, 141, 99, 'pripremio instrukcije za učesnike i probnu rundu'),
(60, 141, 87, 'definisao cilj istraživanja i glavne hipoteze'),
(96, 142, 94, 'dizajnirao način merenja tržišne ravnoteže'),
(31, 142, 87, 'dizajnirao način merenja tržišne ravnoteže'),
(76, 143, 25, 'dizajnirao način merenja tržišne ravnoteže'),
(99, 143, 67, 'definisao algoritam randomizacije uloga'),
(44, 144, 89, 'definisao algoritam randomizacije uloga'),
(87, 144, 24, 'osmislio model bonusa i konverziju tokena'),
(41, 145, 2, 'dizajnirao način merenja tržišne ravnoteže'),
(71, 145, 87, 'osmislio model bonusa i konverziju tokena'),
(2, 146, 9, 'definisao algoritam randomizacije uloga'),
(107, 146, 2, 'osmislio model bonusa i konverziju tokena'),
(53, 147, 68, 'dizajnirao način merenja tržišne ravnoteže'),
(13, 147, 14, 'pripremio protokol za validaciju i pilot sesiju'),
(88, 148, 45, 'osmislio pravila igre i kontrolne tretmane'),
(58, 148, 29, 'pripremio instrukcije za učesnike i probnu rundu'),
(93, 149, 33, 'pripremio instrukcije za učesnike i probnu rundu'),
(37, 149, 25, 'pripremio instrukcije za učesnike i probnu rundu'),
(5, 150, 80, 'pripremio instrukcije za učesnike i probnu rundu'),
(4, 150, 12, 'pripremio protokol za validaciju i pilot sesiju');

INSERT INTO Resurs_Eksperiment (eksperiment_id, resurs_id, potrebna_kolicina, namena_resursa) VALUES
(1, 66, 265.00, 'test asimetričnih informacija'),
(1, 32, 26.00, 'angažovanje učesnika i praćenje prisustva'),
(2, 67, 357.00, 'povezivanje odluka sa stavovima učesnika'),
(2, 16, 28.00, 'angažovanje učesnika i praćenje prisustva'),
(3, 51, 275.00, 'povezivanje odluka sa stavovima učesnika'),
(3, 17, 176.00, 'motivacija i isplata nagrada'),
(4, 35, 1579.00, 'povezivanje odluka sa stavovima učesnika'),
(4, 52, 36.00, 'angažovanje učesnika i praćenje prisustva'),
(5, 70, 290.00, 'test asimetričnih informacija'),
(5, 36, 14.00, 'angažovanje učesnika i praćenje prisustva'),
(6, 74, 2982.00, 'test asimetričnih informacija'),
(6, 40, 45.00, 'angažovanje učesnika i praćenje prisustva'),
(7, 75, 1178.00, 'povezivanje odluka sa stavovima učesnika'),
(7, 92, 49.00, 'angažovanje učesnika i praćenje prisustva'),
(8, 59, 2777.00, 'povezivanje odluka sa stavovima učesnika'),
(8, 93, 101.00, 'motivacija i isplata nagrada'),
(9, 77, 172.00, 'motivacija i isplata nagrada'),
(9, 94, 418.00, 'test asimetričnih informacija'),
(10, 78, 1012.00, 'test asimetričnih informacija'),
(10, 61, 137.00, 'motivacija i isplata nagrada'),
(11, 96, 64.00, 'angažovanje učesnika i praćenje prisustva'),
(11, 62, 1513.00, 'test asimetričnih informacija'),
(12, 117, 232.00, 'motivacija i isplata nagrada'),
(12, 83, 2574.00, 'povezivanje odluka sa stavovima učesnika'),
(13, 67, 669.00, 'povezivanje odluka sa stavovima učesnika'),
(13, 101, 117.00, 'motivacija i isplata nagrada'),
(14, 85, 24.00, 'motivacija i isplata nagrada'),
(14, 68, 44.00, 'angažovanje učesnika i praćenje prisustva'),
(15, 103, 715.00, 'povezivanje odluka sa stavovima učesnika'),
(15, 69, 52.00, 'motivacija i isplata nagrada'),
(16, 87, 2565.00, 'povezivanje odluka sa stavovima učesnika'),
(16, 121, 188.00, 'motivacija i isplata nagrada'),
(17, 71, 1043.00, 'povezivanje odluka sa stavovima učesnika'),
(17, 105, 111.00, 'motivacija i isplata nagrada'),
(18, 126, 564.00, 'test asimetričnih informacija'),
(18, 143, 2072.00, 'povezivanje odluka sa stavovima učesnika'),
(19, 144, 25.00, 'angažovanje učesnika i praćenje prisustva'),
(19, 110, 2519.00, 'test asimetričnih informacija'),
(20, 111, 1783.00, 'povezivanje odluka sa stavovima učesnika'),
(20, 128, 13.00, 'angažovanje učesnika i praćenje prisustva'),
(21, 112, 20.00, 'angažovanje učesnika i praćenje prisustva'),
(21, 95, 2449.00, 'povezivanje odluka sa stavovima učesnika'),
(22, 113, 166.00, 'motivacija i isplata nagrada'),
(22, 96, 44.00, 'angažovanje učesnika i praćenje prisustva'),
(23, 97, 42.00, 'motivacija i isplata nagrada'),
(23, 131, 329.00, 'povezivanje odluka sa stavovima učesnika'),
(24, 135, 837.00, 'povezivanje odluka sa stavovima učesnika'),
(24, 169, 137.00, 'motivacija i isplata nagrada'),
(25, 170, 2408.00, 'test asimetričnih informacija'),
(25, 153, 168.00, 'motivacija i isplata nagrada'),
(26, 120, 58.00, 'angažovanje učesnika i praćenje prisustva'),
(26, 154, 2810.00, 'test asimetričnih informacija'),
(27, 155, 987.00, 'povezivanje odluka sa stavovima učesnika'),
(27, 121, 119.00, 'motivacija i isplata nagrada'),
(28, 173, 48.00, 'motivacija i isplata nagrada'),
(28, 139, 998.00, 'povezivanje odluka sa stavovima učesnika'),
(29, 174, 684.00, 'test asimetričnih informacija'),
(29, 157, 208.00, 'motivacija i isplata nagrada'),
(30, 161, 173.00, 'motivacija i isplata nagrada'),
(30, 178, 2192.00, 'test asimetričnih informacija'),
(31, 179, 2908.00, 'povezivanje odluka sa stavovima učesnika'),
(31, 145, 92.00, 'motivacija i isplata nagrada'),
(32, 197, 156.00, 'motivacija i isplata nagrada'),
(32, 180, 16.00, 'angažovanje učesnika i praćenje prisustva'),
(33, 164, 36.00, 'angažovanje učesnika i praćenje prisustva'),
(33, 198, 641.00, 'test asimetričnih informacija'),
(34, 148, 24.00, 'angažovanje učesnika i praćenje prisustva'),
(34, 199, 2241.00, 'povezivanje odluka sa stavovima učesnika'),
(35, 200, 50.00, 'angažovanje učesnika i praćenje prisustva'),
(35, 149, 29.00, 'motivacija i isplata nagrada'),
(36, 187, 2618.00, 'povezivanje odluka sa stavovima učesnika'),
(36, 1, 158.00, 'motivacija i isplata nagrada'),
(37, 171, 2161.00, 'povezivanje odluka sa stavovima učesnika'),
(37, 205, 197.00, 'motivacija i isplata nagrada'),
(38, 172, 42.00, 'angažovanje učesnika i praćenje prisustva'),
(38, 3, 2800.00, 'povezivanje odluka sa stavovima učesnika'),
(39, 190, 2308.00, 'test asimetričnih informacija'),
(39, 207, 104.00, 'povezivanje odluka sa stavovima učesnika'),
(40, 5, 112.00, 'motivacija i isplata nagrada'),
(40, 208, 35.00, 'angažovanje učesnika i praćenje prisustva'),
(41, 175, 2270.00, 'povezivanje odluka sa stavovima učesnika'),
(41, 209, 114.00, 'motivacija i isplata nagrada'),
(42, 213, 207.00, 'motivacija i isplata nagrada'),
(42, 27, 1661.00, 'povezivanje odluka sa stavovima učesnika'),
(43, 11, 2953.00, 'povezivanje odluka sa stavovima učesnika'),
(43, 28, 48.00, 'angažovanje učesnika i praćenje prisustva'),
(44, 198, 648.00, 'test asimetričnih informacija'),
(44, 215, 1142.00, 'povezivanje odluka sa stavovima učesnika'),
(45, 30, 443.00, 'test asimetričnih informacija'),
(45, 199, 1260.00, 'povezivanje odluka sa stavovima učesnika'),
(46, 31, 874.00, 'povezivanje odluka sa stavovima učesnika'),
(46, 217, 6.00, 'motivacija i isplata nagrada'),
(47, 201, 138.00, 'motivacija i isplata nagrada'),
(47, 15, 582.00, 'povezivanje odluka sa stavovima učesnika'),
(48, 2, 2781.00, 'test asimetričnih informacija'),
(48, 19, 941.00, 'povezivanje odluka sa stavovima učesnika'),
(49, 37, 97.00, 'motivacija i isplata nagrada'),
(49, 20, 18.00, 'angažovanje učesnika i praćenje prisustva'),
(50, 21, 171.00, 'motivacija i isplata nagrada'),
(50, 55, 2497.00, 'povezivanje odluka sa stavovima učesnika'),
(51, 39, 2295.00, 'povezivanje odluka sa stavovima učesnika'),
(51, 22, 1834.00, 'test asimetričnih informacija'),
(52, 40, 29.00, 'angažovanje učesnika i praćenje prisustva'),
(52, 57, 179.00, 'motivacija i isplata nagrada'),
(53, 78, 1792.00, 'test asimetričnih informacija'),
(53, 27, 2361.00, 'povezivanje odluka sa stavovima učesnika'),
(54, 79, 1616.00, 'povezivanje odluka sa stavovima učesnika'),
(54, 28, 47.00, 'angažovanje učesnika i praćenje prisustva'),
(55, 80, 31.00, 'angažovanje učesnika i praćenje prisustva'),
(55, 46, 2466.00, 'test asimetričnih informacija'),
(56, 64, 37.00, 'angažovanje učesnika i praćenje prisustva'),
(56, 81, 193.00, 'motivacija i isplata nagrada'),
(57, 48, 19.00, 'angažovanje učesnika i praćenje prisustva'),
(57, 65, 196.00, 'motivacija i isplata nagrada'),
(58, 49, 205.00, 'motivacija i isplata nagrada'),
(58, 83, 2964.00, 'povezivanje odluka sa stavovima učesnika'),
(59, 70, 978.00, 'test asimetričnih informacija'),
(59, 53, 135.00, 'motivacija i isplata nagrada'),
(60, 105, 210.00, 'motivacija i isplata nagrada'),
(60, 71, 2355.00, 'povezivanje odluka sa stavovima učesnika'),
(61, 55, 1693.00, 'povezivanje odluka sa stavovima učesnika'),
(61, 106, 2704.00, 'test asimetričnih informacija'),
(62, 56, 64.00, 'angažovanje učesnika i praćenje prisustva'),
(62, 107, 695.00, 'povezivanje odluka sa stavovima učesnika'),
(63, 108, 39.00, 'angažovanje učesnika i praćenje prisustva'),
(63, 91, 461.00, 'povezivanje odluka sa stavovima učesnika'),
(64, 58, 1008.00, 'test asimetričnih informacija'),
(64, 75, 1618.00, 'povezivanje odluka sa stavovima učesnika'),
(65, 79, 254.00, 'povezivanje odluka sa stavovima učesnika'),
(65, 113, 190.00, 'motivacija i isplata nagrada'),
(66, 131, 2614.00, 'povezivanje odluka sa stavovima učesnika'),
(66, 97, 172.00, 'motivacija i isplata nagrada'),
(67, 115, 2547.00, 'povezivanje odluka sa stavovima učesnika'),
(67, 132, 15.00, 'angažovanje učesnika i praćenje prisustva'),
(68, 99, 2124.00, 'povezivanje odluka sa stavovima učesnika'),
(68, 116, 40.00, 'angažovanje učesnika i praćenje prisustva'),
(69, 83, 2790.00, 'povezivanje odluka sa stavovima učesnika'),
(69, 134, 2222.00, 'test asimetričnih informacija'),
(70, 118, 237.00, 'test asimetričnih informacija'),
(70, 84, 62.00, 'angažovanje učesnika i praćenje prisustva'),
(71, 122, 794.00, 'test asimetričnih informacija'),
(71, 139, 2860.00, 'povezivanje odluka sa stavovima učesnika'),
(72, 106, 1079.00, 'test asimetričnih informacija'),
(72, 123, 2782.00, 'povezivanje odluka sa stavovima učesnika'),
(73, 107, 455.00, 'povezivanje odluka sa stavovima učesnika'),
(73, 158, 1230.00, 'test asimetričnih informacija'),
(74, 159, 2842.00, 'povezivanje odluka sa stavovima učesnika'),
(74, 125, 106.00, 'motivacija i isplata nagrada'),
(75, 160, 24.00, 'angažovanje učesnika i praćenje prisustva'),
(75, 143, 2220.00, 'povezivanje odluka sa stavovima učesnika'),
(76, 110, 2982.00, 'test asimetričnih informacija'),
(76, 144, 16.00, 'angažovanje učesnika i praćenje prisustva'),
(77, 131, 1265.00, 'povezivanje odluka sa stavovima učesnika'),
(77, 165, 190.00, 'motivacija i isplata nagrada'),
(78, 166, 1232.00, 'test asimetričnih informacija'),
(78, 149, 62.00, 'motivacija i isplata nagrada'),
(79, 150, 1754.00, 'test asimetričnih informacija'),
(79, 184, 48.00, 'angažovanje učesnika i praćenje prisustva'),
(80, 134, 816.00, 'test asimetričnih informacija'),
(80, 151, 1767.00, 'povezivanje odluka sa stavovima učesnika'),
(81, 135, 396.00, 'povezivanje odluka sa stavovima učesnika'),
(81, 169, 133.00, 'motivacija i isplata nagrada'),
(82, 170, 579.00, 'test asimetričnih informacija'),
(82, 153, 210.00, 'motivacija i isplata nagrada'),
(83, 191, 2454.00, 'povezivanje odluka sa stavovima učesnika'),
(83, 208, 28.00, 'angažovanje učesnika i praćenje prisustva'),
(84, 209, 149.00, 'motivacija i isplata nagrada'),
(84, 175, 2080.00, 'povezivanje odluka sa stavovima učesnika'),
(85, 176, 61.00, 'angažovanje učesnika i praćenje prisustva'),
(85, 210, 1979.00, 'test asimetričnih informacija'),
(86, 211, 212.00, 'povezivanje odluka sa stavovima učesnika'),
(86, 194, 2074.00, 'test asimetričnih informacija'),
(87, 161, 22.00, 'motivacija i isplata nagrada'),
(87, 178, 1667.00, 'test asimetričnih informacija'),
(88, 179, 2972.00, 'povezivanje odluka sa stavovima učesnika'),
(88, 196, 26.00, 'angažovanje učesnika i praćenje prisustva'),
(89, 217, 249.00, 'motivacija i isplata nagrada'),
(89, 200, 34.00, 'angažovanje učesnika i praćenje prisustva'),
(90, 184, 65.00, 'angažovanje učesnika i praćenje prisustva'),
(90, 218, 1178.00, 'test asimetričnih informacija'),
(91, 202, 480.00, 'test asimetričnih informacija'),
(91, 16, 37.00, 'angažovanje učesnika i praćenje prisustva'),
(92, 220, 47.00, 'angažovanje učesnika i praćenje prisustva'),
(92, 186, 831.00, 'test asimetričnih informacija'),
(93, 18, 1548.00, 'test asimetričnih informacija'),
(93, 204, 25.00, 'angažovanje učesnika i praćenje prisustva'),
(94, 2, 2898.00, 'test asimetričnih informacija'),
(94, 188, 70.00, 'angažovanje učesnika i praćenje prisustva'),
(95, 6, 917.00, 'test asimetričnih informacija'),
(95, 40, 27.00, 'angažovanje učesnika i praćenje prisustva'),
(96, 7, 946.00, 'povezivanje odluka sa stavovima učesnika'),
(96, 41, 63.00, 'motivacija i isplata nagrada'),
(97, 8, 65.00, 'angažovanje učesnika i praćenje prisustva'),
(97, 211, 2633.00, 'povezivanje odluka sa stavovima učesnika'),
(98, 26, 536.00, 'test asimetričnih informacija'),
(98, 212, 19.00, 'angažovanje učesnika i praćenje prisustva'),
(99, 213, 249.00, 'motivacija i isplata nagrada'),
(99, 27, 2817.00, 'povezivanje odluka sa stavovima učesnika'),
(100, 65, 6.00, 'motivacija i isplata nagrada'),
(100, 48, 60.00, 'angažovanje učesnika i praćenje prisustva'),
(101, 15, 1620.00, 'povezivanje odluka sa stavovima učesnika'),
(101, 32, 51.00, 'angažovanje učesnika i praćenje prisustva'),
(102, 50, 2453.00, 'test asimetričnih informacija'),
(102, 33, 227.00, 'motivacija i isplata nagrada'),
(103, 51, 849.00, 'povezivanje odluka sa stavovima učesnika'),
(103, 34, 2193.00, 'test asimetričnih informacija'),
(104, 52, 26.00, 'angažovanje učesnika i praćenje prisustva'),
(104, 35, 2462.00, 'povezivanje odluka sa stavovima učesnika'),
(105, 36, 45.00, 'angažovanje učesnika i praćenje prisustva'),
(105, 19, 1833.00, 'povezivanje odluka sa stavovima učesnika'),
(106, 91, 233.00, 'povezivanje odluka sa stavovima učesnika'),
(106, 74, 2158.00, 'test asimetričnih informacija'),
(107, 75, 2911.00, 'povezivanje odluka sa stavovima učesnika'),
(107, 58, 815.00, 'test asimetričnih informacija'),
(108, 93, 183.00, 'motivacija i isplata nagrada'),
(108, 42, 2222.00, 'test asimetričnih informacija'),
(109, 94, 2923.00, 'test asimetričnih informacija'),
(109, 60, 12.00, 'angažovanje učesnika i praćenje prisustva'),
(110, 44, 25.00, 'angažovanje učesnika i praćenje prisustva'),
(110, 78, 1654.00, 'test asimetričnih informacija'),
(111, 45, 97.00, 'motivacija i isplata nagrada'),
(111, 62, 2609.00, 'test asimetričnih informacija'),
(112, 100, 47.00, 'angažovanje učesnika i praćenje prisustva'),
(112, 66, 1176.00, 'test asimetričnih informacija'),
(113, 84, 42.00, 'angažovanje učesnika i praćenje prisustva'),
(113, 118, 2611.00, 'test asimetričnih informacija'),
(114, 102, 853.00, 'test asimetričnih informacija'),
(114, 85, 132.00, 'motivacija i isplata nagrada'),
(115, 120, 38.00, 'angažovanje učesnika i praćenje prisustva'),
(115, 69, 184.00, 'motivacija i isplata nagrada'),
(116, 104, 66.00, 'angažovanje učesnika i praćenje prisustva'),
(116, 87, 1740.00, 'povezivanje odluka sa stavovima učesnika'),
(117, 105, 51.00, 'motivacija i isplata nagrada'),
(117, 88, 48.00, 'angažovanje učesnika i praćenje prisustva'),
(118, 109, 180.00, 'motivacija i isplata nagrada'),
(118, 126, 1036.00, 'test asimetričnih informacija'),
(119, 93, 74.00, 'motivacija i isplata nagrada'),
(119, 127, 1065.00, 'povezivanje odluka sa stavovima učesnika'),
(120, 145, 55.00, 'motivacija i isplata nagrada'),
(120, 111, 697.00, 'povezivanje odluka sa stavovima učesnika'),
(121, 112, 63.00, 'angažovanje učesnika i praćenje prisustva'),
(121, 146, 139.00, 'test asimetričnih informacija'),
(122, 113, 132.00, 'motivacija i isplata nagrada'),
(122, 147, 650.00, 'povezivanje odluka sa stavovima učesnika'),
(123, 131, 1328.00, 'povezivanje odluka sa stavovima učesnika'),
(123, 114, 1127.00, 'test asimetričnih informacija'),
(124, 118, 505.00, 'test asimetričnih informacija'),
(124, 135, 2928.00, 'povezivanje odluka sa stavovima učesnika'),
(125, 136, 25.00, 'angažovanje učesnika i praćenje prisustva'),
(125, 119, 1141.00, 'povezivanje odluka sa stavovima učesnika'),
(126, 171, 494.00, 'povezivanje odluka sa stavovima učesnika'),
(126, 154, 1942.00, 'test asimetričnih informacija'),
(127, 155, 1578.00, 'povezivanje odluka sa stavovima učesnika'),
(127, 138, 1575.00, 'test asimetričnih informacija'),
(128, 156, 13.00, 'angažovanje učesnika i praćenje prisustva'),
(128, 139, 1786.00, 'povezivanje odluka sa stavovima učesnika'),
(129, 123, 2883.00, 'povezivanje odluka sa stavovima učesnika'),
(129, 140, 50.00, 'angažovanje učesnika i praćenje prisustva'),
(130, 161, 152.00, 'motivacija i isplata nagrada'),
(130, 178, 2761.00, 'test asimetričnih informacija'),
(131, 162, 1554.00, 'test asimetričnih informacija'),
(131, 196, 32.00, 'angažovanje učesnika i praćenje prisustva'),
(132, 197, 119.00, 'motivacija i isplata nagrada'),
(132, 180, 68.00, 'angažovanje učesnika i praćenje prisustva'),
(133, 147, 2613.00, 'povezivanje odluka sa stavovima učesnika'),
(133, 164, 30.00, 'angažovanje učesnika i praćenje prisustva'),
(134, 199, 693.00, 'povezivanje odluka sa stavovima učesnika'),
(134, 182, 786.00, 'test asimetričnih informacija'),
(135, 183, 2685.00, 'povezivanje odluka sa stavovima učesnika'),
(135, 166, 2608.00, 'test asimetričnih informacija'),
(136, 1, 25.00, 'motivacija i isplata nagrada'),
(136, 170, 763.00, 'test asimetričnih informacija'),
(137, 205, 85.00, 'motivacija i isplata nagrada'),
(137, 171, 1397.00, 'povezivanje odluka sa stavovima učesnika'),
(138, 206, 1195.00, 'test asimetričnih informacija'),
(138, 3, 2579.00, 'povezivanje odluka sa stavovima učesnika'),
(139, 4, 68.00, 'angažovanje učesnika i praćenje prisustva'),
(139, 190, 1922.00, 'test asimetričnih informacija'),
(140, 208, 49.00, 'angažovanje učesnika i praćenje prisustva'),
(140, 5, 138.00, 'motivacija i isplata nagrada'),
(141, 6, 785.00, 'test asimetričnih informacija'),
(141, 192, 23.00, 'angažovanje učesnika i praćenje prisustva'),
(142, 196, 58.00, 'angažovanje učesnika i praćenje prisustva'),
(142, 27, 1061.00, 'povezivanje odluka sa stavovima učesnika'),
(143, 11, 2970.00, 'povezivanje odluka sa stavovima učesnika'),
(143, 28, 59.00, 'angažovanje učesnika i praćenje prisustva'),
(144, 198, 783.00, 'test asimetričnih informacija'),
(144, 29, 106.00, 'motivacija i isplata nagrada'),
(145, 199, 361.00, 'povezivanje odluka sa stavovima učesnika'),
(145, 30, 2038.00, 'test asimetričnih informacija'),
(146, 200, 61.00, 'angažovanje učesnika i praćenje prisustva'),
(146, 31, 1726.00, 'povezivanje odluka sa stavovima učesnika'),
(147, 201, 72.00, 'motivacija i isplata nagrada'),
(147, 32, 51.00, 'angažovanje učesnika i praćenje prisustva'),
(148, 19, 2782.00, 'povezivanje odluka sa stavovima učesnika'),
(148, 2, 1696.00, 'test asimetričnih informacija'),
(149, 37, 68.00, 'motivacija i isplata nagrada'),
(149, 3, 1263.00, 'povezivanje odluka sa stavovima učesnika'),
(150, 55, 617.00, 'povezivanje odluka sa stavovima učesnika'),
(150, 38, 637.00, 'test asimetričnih informacija'),
(38, 22, 243.00, 'test asimetričnih informacija'),
(38, 5, 174.00, 'motivacija i isplata nagrada'),
(75, 40, 67.00, 'angažovanje učesnika i praćenje prisustva'),
(75, 23, 2050.00, 'povezivanje odluka sa stavovima učesnika'),
(112, 78, 1215.00, 'test asimetričnih informacija'),
(112, 61, 145.00, 'motivacija i isplata nagrada'),
(149, 79, 2957.00, 'povezivanje odluka sa stavovima učesnika'),
(149, 28, 46.00, 'angažovanje učesnika i praćenje prisustva'),
(36, 46, 2547.00, 'test asimetričnih informacija'),
(36, 63, 1970.00, 'povezivanje odluka sa stavovima učesnika'),
(73, 81, 168.00, 'motivacija i isplata nagrada'),
(73, 64, 52.00, 'angažovanje učesnika i praćenje prisustva'),
(110, 65, 128.00, 'motivacija i isplata nagrada'),
(110, 48, 46.00, 'angažovanje učesnika i praćenje prisustva'),
(147, 49, 118.00, 'motivacija i isplata nagrada'),
(34, 87, 1788.00, 'povezivanje odluka sa stavovima učesnika'),
(34, 70, 1164.00, 'test asimetričnih informacija'),
(71, 71, 143.00, 'povezivanje odluka sa stavovima učesnika'),
(71, 105, 5.00, 'motivacija i isplata nagrada'),
(108, 72, 30.00, 'angažovanje učesnika i praćenje prisustva'),
(108, 106, 2021.00, 'test asimetričnih informacija'),
(145, 56, 43.00, 'angažovanje učesnika i praćenje prisustva'),
(145, 90, 2054.00, 'test asimetričnih informacija'),
(32, 91, 1863.00, 'povezivanje odluka sa stavovima učesnika'),
(32, 57, 209.00, 'motivacija i isplata nagrada'),
(69, 92, 26.00, 'angažovanje učesnika i praćenje prisustva'),
(69, 109, 208.00, 'motivacija i isplata nagrada'),
(106, 79, 1630.00, 'povezivanje odluka sa stavovima učesnika'),
(106, 113, 53.00, 'motivacija i isplata nagrada'),
(143, 131, 1890.00, 'povezivanje odluka sa stavovima učesnika'),
(143, 114, 1716.00, 'test asimetričnih informacija'),
(30, 98, 2745.00, 'test asimetričnih informacija'),
(30, 81, 104.00, 'motivacija i isplata nagrada'),
(67, 133, 72.00, 'motivacija i isplata nagrada'),
(67, 82, 424.00, 'test asimetričnih informacija'),
(104, 134, 1081.00, 'test asimetričnih informacija'),
(104, 117, 137.00, 'motivacija i isplata nagrada'),
(141, 118, 2756.00, 'test asimetričnih informacija'),
(141, 101, 195.00, 'motivacija i isplata nagrada'),
(28, 122, 870.00, 'test asimetričnih informacija'),
(65, 106, 659.00, 'test asimetričnih informacija'),
(65, 157, 79.00, 'motivacija i isplata nagrada'),
(102, 107, 1965.00, 'povezivanje odluka sa stavovima učesnika'),
(102, 141, 163.00, 'motivacija i isplata nagrada'),
(139, 159, 2969.00, 'povezivanje odluka sa stavovima učesnika'),
(139, 125, 164.00, 'motivacija i isplata nagrada'),
(26, 160, 32.00, 'angažovanje učesnika i praćenje prisustva'),
(26, 109, 9.00, 'motivacija i isplata nagrada'),
(63, 127, 2291.00, 'povezivanje odluka sa stavovima učesnika'),
(63, 110, 190.00, 'test asimetričnih informacija'),
(100, 148, 30.00, 'angažovanje učesnika i praćenje prisustva'),
(100, 131, 1202.00, 'povezivanje odluka sa stavovima učesnika'),
(137, 149, 117.00, 'motivacija i isplata nagrada'),
(137, 166, 133.00, 'test asimetričnih informacija'),
(24, 150, 717.00, 'test asimetričnih informacija'),
(24, 133, 8.00, 'motivacija i isplata nagrada'),
(61, 185, 92.00, 'motivacija i isplata nagrada'),
(61, 134, 1821.00, 'test asimetričnih informacija'),
(80, 119, 428.00, 'povezivanje odluka sa stavovima učesnika'),
(38, 19, 843.00, 'povezivanje odluka sa stavovima učesnika'),
(99, 10, 2234.00, 'test asimetričnih informacija'),
(141, 124, 68.00, 'angažovanje učesnika i praćenje prisustva'),
(43, 197, 15.00, 'motivacija i isplata nagrada'),
(149, 45, 68.00, 'motivacija i isplata nagrada'),
(33, 82, 1896.00, 'test asimetričnih informacija'),
(50, 177, 235.00, 'motivacija i isplata nagrada'),
(11, 76, 24.00, 'angažovanje učesnika i praćenje prisustva'),
(146, 140, 67.00, 'angažovanje učesnika i praćenje prisustva'),
(142, 18, 2318.00, 'test asimetričnih informacija'),
(138, 197, 44.00, 'motivacija i isplata nagrada'),
(73, 25, 173.00, 'motivacija i isplata nagrada'),
(18, 109, 129.00, 'motivacija i isplata nagrada'),
(50, 215, 2253.00, 'povezivanje odluka sa stavovima učesnika'),
(66, 80, 70.00, 'angažovanje učesnika i praćenje prisustva'),
(93, 211, 2266.00, 'povezivanje odluka sa stavovima učesnika'),
(26, 171, 2434.00, 'povezivanje odluka sa stavovima učesnika'),
(46, 28, 55.00, 'angažovanje učesnika i praćenje prisustva'),
(118, 203, 2167.00, 'povezivanje odluka sa stavovima učesnika'),
(87, 81, 88.00, 'motivacija i isplata nagrada'),
(96, 163, 2592.00, 'povezivanje odluka sa stavovima učesnika'),
(62, 197, 120.00, 'motivacija i isplata nagrada'),
(133, 2, 188.00, 'test asimetričnih informacija'),
(68, 150, 476.00, 'test asimetričnih informacija'),
(147, 56, 62.00, 'angažovanje učesnika i praćenje prisustva'),
(3, 82, 2413.00, 'test asimetričnih informacija'),
(39, 57, 119.00, 'motivacija i isplata nagrada'),
(148, 36, 20.00, 'angažovanje učesnika i praćenje prisustva'),
(87, 191, 1175.00, 'povezivanje odluka sa stavovima učesnika'),
(22, 130, 2069.00, 'test asimetričnih informacija'),
(144, 51, 2623.00, 'povezivanje odluka sa stavovima učesnika'),
(135, 19, 2904.00, 'povezivanje odluka sa stavovima učesnika'),
(148, 172, 24.00, 'angažovanje učesnika i praćenje prisustva'),
(90, 15, 917.00, 'povezivanje odluka sa stavovima učesnika'),
(96, 210, 1095.00, 'test asimetričnih informacija'),
(38, 4, 40.00, 'angažovanje učesnika i praćenje prisustva'),
(140, 174, 1642.00, 'test asimetričnih informacija'),
(150, 66, 317.00, 'test asimetričnih informacija'),
(120, 100, 67.00, 'angažovanje učesnika i praćenje prisustva'),
(28, 98, 507.00, 'test asimetričnih informacija'),
(81, 51, 1975.00, 'povezivanje odluka sa stavovima učesnika');

INSERT INTO Eksperiment_Alat (eksperiment_id, alat_id, namena_alata) VALUES
(1, 54, 'anketa pre i posle sesije'),
(1, 52, 'anketa pre i posle sesije'),
(2, 103, 'obrada rezultata posle završetka rundi'),
(2, 105, 'obrada rezultata posle završetka rundi'),
(3, 156, 'simulacija aukcijskog mehanizma'),
(3, 155, 'beleženje svih transakcija i promena salda'),
(4, 198, 'prikaz agregiranih cena instruktoru'),
(4, 197, 'generisanje tržišnih šokova za tretman'),
(5, 232, 'randomizacija uloga i tretmana'),
(5, 231, 'obračun bonusa i izvoz isplatnih lista'),
(6, 7, 'analiza rizika i izbora pod neizvesnošću'),
(6, 8, 'anketa pre i posle sesije'),
(7, 60, 'pokretanje interfejsa za odluke učesnika'),
(7, 59, 'obrada rezultata posle završetka rundi'),
(8, 110, 'simulacija aukcijskog mehanizma'),
(8, 111, 'beleženje svih transakcija i promena salda'),
(9, 160, 'prikaz agregiranih cena instruktoru'),
(9, 161, 'generisanje tržišnih šokova za tretman'),
(10, 201, 'randomizacija uloga i tretmana'),
(10, 202, 'obračun bonusa i izvoz isplatnih lista'),
(11, 236, 'analiza rizika i izbora pod neizvesnošću'),
(11, 235, 'anketa pre i posle sesije'),
(12, 15, 'obrada rezultata posle završetka rundi'),
(12, 14, 'pokretanje interfejsa za odluke učesnika'),
(13, 64, 'simulacija aukcijskog mehanizma'),
(13, 66, 'simulacija aukcijskog mehanizma'),
(14, 116, 'prikaz agregiranih cena instruktoru'),
(14, 117, 'generisanje tržišnih šokova za tretman'),
(15, 168, 'obračun bonusa i izvoz isplatnih lista'),
(15, 166, 'obračun bonusa i izvoz isplatnih lista'),
(16, 205, 'analiza rizika i izbora pod neizvesnošću'),
(16, 206, 'anketa pre i posle sesije'),
(17, 239, 'pokretanje interfejsa za odluke učesnika'),
(17, 240, 'obrada rezultata posle završetka rundi'),
(18, 19, 'beleženje svih transakcija i promena salda'),
(18, 21, 'beleženje svih transakcija i promena salda'),
(19, 71, 'generisanje tržišnih šokova za tretman'),
(19, 72, 'prikaz agregiranih cena instruktoru'),
(20, 123, 'randomizacija uloga i tretmana'),
(20, 122, 'obračun bonusa i izvoz isplatnih lista'),
(21, 173, 'analiza rizika i izbora pod neizvesnošću'),
(21, 172, 'anketa pre i posle sesije'),
(22, 209, 'obrada rezultata posle završetka rundi'),
(22, 210, 'pokretanje interfejsa za odluke učesnika'),
(23, 243, 'simulacija aukcijskog mehanizma'),
(23, 244, 'beleženje svih transakcija i promena salda'),
(24, 26, 'prikaz agregiranih cena instruktoru'),
(24, 25, 'generisanje tržišnih šokova za tretman'),
(25, 77, 'randomizacija uloga i tretmana'),
(25, 76, 'obračun bonusa i izvoz isplatnih lista'),
(26, 129, 'analiza rizika i izbora pod neizvesnošću'),
(26, 127, 'analiza rizika i izbora pod neizvesnošću'),
(27, 179, 'obrada rezultata posle završetka rundi'),
(27, 178, 'pokretanje interfejsa za odluke učesnika'),
(28, 213, 'beleženje svih transakcija i promena salda'),
(28, 214, 'simulacija aukcijskog mehanizma'),
(29, 248, 'generisanje tržišnih šokova za tretman'),
(29, 247, 'prikaz agregiranih cena instruktoru'),
(30, 33, 'randomizacija uloga i tretmana'),
(30, 31, 'randomizacija uloga i tretmana'),
(31, 83, 'analiza rizika i izbora pod neizvesnošću'),
(31, 84, 'anketa pre i posle sesije'),
(32, 134, 'pokretanje interfejsa za odluke učesnika'),
(32, 135, 'obrada rezultata posle završetka rundi'),
(33, 184, 'beleženje svih transakcija i promena salda'),
(33, 183, 'simulacija aukcijskog mehanizma'),
(34, 217, 'generisanje tržišnih šokova za tretman'),
(34, 218, 'prikaz agregiranih cena instruktoru'),
(35, 251, 'obračun bonusa i izvoz isplatnih lista'),
(35, 252, 'randomizacija uloga i tretmana'),
(36, 37, 'analiza rizika i izbora pod neizvesnošću'),
(36, 39, 'analiza rizika i izbora pod neizvesnošću'),
(37, 90, 'pokretanje interfejsa za odluke učesnika'),
(37, 89, 'obrada rezultata posle završetka rundi'),
(38, 141, 'beleženje svih transakcija i promena salda'),
(38, 139, 'beleženje svih transakcija i promena salda'),
(39, 187, 'prikaz agregiranih cena instruktoru'),
(39, 188, 'generisanje tržišnih šokova za tretman'),
(40, 221, 'randomizacija uloga i tretmana'),
(40, 222, 'obračun bonusa i izvoz isplatnih lista'),
(41, 255, 'anketa pre i posle sesije'),
(41, 256, 'analiza rizika i izbora pod neizvesnošću'),
(42, 43, 'obrada rezultata posle završetka rundi'),
(42, 44, 'pokretanje interfejsa za odluke učesnika'),
(43, 96, 'simulacija aukcijskog mehanizma'),
(43, 95, 'beleženje svih transakcija i promena salda'),
(44, 145, 'generisanje tržišnih šokova za tretman'),
(44, 146, 'prikaz agregiranih cena instruktoru'),
(45, 192, 'randomizacija uloga i tretmana'),
(45, 191, 'obračun bonusa i izvoz isplatnih lista'),
(46, 225, 'analiza rizika i izbora pod neizvesnošću'),
(46, 226, 'anketa pre i posle sesije'),
(47, 259, 'pokretanje interfejsa za odluke učesnika'),
(47, 260, 'obrada rezultata posle završetka rundi'),
(48, 49, 'beleženje svih transakcija i promena salda'),
(48, 50, 'simulacija aukcijskog mehanizma'),
(49, 100, 'prikaz agregiranih cena instruktoru'),
(49, 101, 'generisanje tržišnih šokova za tretman'),
(50, 152, 'obračun bonusa i izvoz isplatnih lista'),
(50, 151, 'randomizacija uloga i tretmana'),
(51, 195, 'anketa pre i posle sesije'),
(51, 196, 'analiza rizika i izbora pod neizvesnošću'),
(52, 229, 'obrada rezultata posle završetka rundi'),
(52, 230, 'pokretanje interfejsa za odluke učesnika'),
(53, 5, 'beleženje svih transakcija i promena salda'),
(53, 6, 'simulacija aukcijskog mehanizma'),
(54, 57, 'generisanje tržišnih šokova za tretman'),
(54, 56, 'prikaz agregiranih cena instruktoru'),
(55, 107, 'randomizacija uloga i tretmana'),
(55, 106, 'obračun bonusa i izvoz isplatnih lista'),
(56, 158, 'anketa pre i posle sesije'),
(56, 159, 'analiza rizika i izbora pod neizvesnošću'),
(57, 199, 'pokretanje interfejsa za odluke učesnika'),
(57, 200, 'obrada rezultata posle završetka rundi'),
(58, 234, 'simulacija aukcijskog mehanizma'),
(58, 233, 'beleženje svih transakcija i promena salda'),
(59, 12, 'prikaz agregiranih cena instruktoru'),
(59, 10, 'prikaz agregiranih cena instruktoru'),
(60, 63, 'randomizacija uloga i tretmana'),
(60, 61, 'randomizacija uloga i tretmana'),
(61, 113, 'analiza rizika i izbora pod neizvesnošću'),
(61, 114, 'anketa pre i posle sesije'),
(62, 163, 'obrada rezultata posle završetka rundi'),
(62, 165, 'obrada rezultata posle završetka rundi'),
(63, 204, 'beleženje svih transakcija i promena salda'),
(63, 203, 'simulacija aukcijskog mehanizma'),
(64, 238, 'prikaz agregiranih cena instruktoru'),
(64, 237, 'generisanje tržišnih šokova za tretman'),
(65, 16, 'obračun bonusa i izvoz isplatnih lista'),
(65, 17, 'randomizacija uloga i tretmana'),
(66, 68, 'anketa pre i posle sesije'),
(66, 69, 'analiza rizika i izbora pod neizvesnošću'),
(67, 119, 'obrada rezultata posle završetka rundi'),
(67, 120, 'pokretanje interfejsa za odluke učesnika'),
(68, 170, 'simulacija aukcijskog mehanizma'),
(68, 169, 'beleženje svih transakcija i promena salda'),
(69, 208, 'generisanje tržišnih šokova za tretman'),
(69, 207, 'prikaz agregiranih cena instruktoru'),
(70, 241, 'randomizacija uloga i tretmana'),
(70, 242, 'obračun bonusa i izvoz isplatnih lista'),
(71, 23, 'analiza rizika i izbora pod neizvesnošću'),
(71, 24, 'anketa pre i posle sesije'),
(72, 73, 'obrada rezultata posle završetka rundi'),
(72, 75, 'obrada rezultata posle završetka rundi'),
(73, 124, 'simulacija aukcijskog mehanizma'),
(73, 126, 'simulacija aukcijskog mehanizma'),
(74, 176, 'prikaz agregiranih cena instruktoru'),
(74, 177, 'generisanje tržišnih šokova za tretman'),
(75, 212, 'randomizacija uloga i tretmana'),
(75, 211, 'obračun bonusa i izvoz isplatnih lista'),
(76, 245, 'analiza rizika i izbora pod neizvesnošću'),
(76, 246, 'anketa pre i posle sesije'),
(77, 29, 'obrada rezultata posle završetka rundi'),
(77, 28, 'pokretanje interfejsa za odluke učesnika'),
(78, 80, 'simulacija aukcijskog mehanizma'),
(78, 79, 'beleženje svih transakcija i promena salda'),
(79, 131, 'generisanje tržišnih šokova za tretman'),
(79, 132, 'prikaz agregiranih cena instruktoru'),
(80, 181, 'randomizacija uloga i tretmana'),
(80, 182, 'obračun bonusa i izvoz isplatnih lista'),
(81, 215, 'anketa pre i posle sesije'),
(81, 216, 'analiza rizika i izbora pod neizvesnošću'),
(82, 250, 'pokretanje interfejsa za odluke učesnika'),
(82, 249, 'obrada rezultata posle završetka rundi'),
(83, 34, 'simulacija aukcijskog mehanizma'),
(83, 35, 'beleženje svih transakcija i promena salda'),
(84, 87, 'generisanje tržišnih šokova za tretman'),
(84, 85, 'generisanje tržišnih šokova za tretman'),
(85, 137, 'randomizacija uloga i tretmana'),
(85, 138, 'obračun bonusa i izvoz isplatnih lista'),
(86, 185, 'analiza rizika i izbora pod neizvesnošću'),
(86, 186, 'anketa pre i posle sesije'),
(87, 220, 'obrada rezultata posle završetka rundi'),
(87, 219, 'pokretanje interfejsa za odluke učesnika'),
(88, 253, 'beleženje svih transakcija i promena salda'),
(88, 254, 'simulacija aukcijskog mehanizma'),
(89, 40, 'prikaz agregiranih cena instruktoru'),
(89, 42, 'prikaz agregiranih cena instruktoru'),
(90, 92, 'obračun bonusa i izvoz isplatnih lista'),
(90, 93, 'randomizacija uloga i tretmana'),
(91, 143, 'analiza rizika i izbora pod neizvesnošću'),
(91, 144, 'anketa pre i posle sesije'),
(92, 190, 'pokretanje interfejsa za odluke učesnika'),
(92, 189, 'obrada rezultata posle završetka rundi'),
(93, 223, 'simulacija aukcijskog mehanizma'),
(93, 224, 'beleženje svih transakcija i promena salda'),
(94, 257, 'generisanje tržišnih šokova za tretman'),
(94, 258, 'prikaz agregiranih cena instruktoru'),
(95, 48, 'obračun bonusa i izvoz isplatnih lista'),
(95, 47, 'randomizacija uloga i tretmana'),
(96, 97, 'analiza rizika i izbora pod neizvesnošću'),
(96, 98, 'anketa pre i posle sesije'),
(97, 149, 'obrada rezultata posle završetka rundi'),
(97, 150, 'pokretanje interfejsa za odluke učesnika'),
(98, 193, 'beleženje svih transakcija i promena salda'),
(98, 194, 'simulacija aukcijskog mehanizma'),
(99, 227, 'prikaz agregiranih cena instruktoru'),
(99, 228, 'generisanje tržišnih šokova za tretman'),
(100, 3, 'randomizacija uloga i tretmana'),
(100, 2, 'obračun bonusa i izvoz isplatnih lista'),
(101, 53, 'analiza rizika i izbora pod neizvesnošću'),
(101, 54, 'anketa pre i posle sesije'),
(102, 104, 'pokretanje interfejsa za odluke učesnika'),
(102, 103, 'obrada rezultata posle završetka rundi'),
(103, 156, 'simulacija aukcijskog mehanizma'),
(103, 154, 'simulacija aukcijskog mehanizma'),
(104, 197, 'generisanje tržišnih šokova za tretman'),
(104, 198, 'prikaz agregiranih cena instruktoru'),
(105, 231, 'obračun bonusa i izvoz isplatnih lista'),
(105, 232, 'randomizacija uloga i tretmana'),
(106, 7, 'analiza rizika i izbora pod neizvesnošću'),
(106, 9, 'analiza rizika i izbora pod neizvesnošću'),
(107, 58, 'pokretanje interfejsa za odluke učesnika'),
(107, 59, 'obrada rezultata posle završetka rundi'),
(108, 109, 'beleženje svih transakcija i promena salda'),
(108, 111, 'beleženje svih transakcija i promena salda'),
(109, 160, 'prikaz agregiranih cena instruktoru'),
(109, 161, 'generisanje tržišnih šokova za tretman'),
(110, 202, 'obračun bonusa i izvoz isplatnih lista'),
(110, 201, 'randomizacija uloga i tretmana'),
(111, 235, 'anketa pre i posle sesije'),
(111, 236, 'analiza rizika i izbora pod neizvesnošću'),
(112, 14, 'pokretanje interfejsa za odluke učesnika'),
(112, 13, 'obrada rezultata posle završetka rundi'),
(113, 64, 'simulacija aukcijskog mehanizma'),
(113, 65, 'beleženje svih transakcija i promena salda'),
(114, 117, 'generisanje tržišnih šokova za tretman'),
(114, 115, 'generisanje tržišnih šokova za tretman'),
(115, 167, 'randomizacija uloga i tretmana'),
(115, 168, 'obračun bonusa i izvoz isplatnih lista'),
(116, 205, 'analiza rizika i izbora pod neizvesnošću'),
(116, 206, 'anketa pre i posle sesije'),
(117, 240, 'obrada rezultata posle završetka rundi'),
(117, 239, 'pokretanje interfejsa za odluke učesnika'),
(118, 20, 'simulacija aukcijskog mehanizma'),
(118, 21, 'beleženje svih transakcija i promena salda'),
(119, 70, 'prikaz agregiranih cena instruktoru'),
(119, 71, 'generisanje tržišnih šokova za tretman'),
(120, 123, 'randomizacija uloga i tretmana'),
(120, 121, 'randomizacija uloga i tretmana'),
(121, 173, 'analiza rizika i izbora pod neizvesnošću'),
(121, 174, 'anketa pre i posle sesije'),
(122, 209, 'obrada rezultata posle završetka rundi'),
(122, 210, 'pokretanje interfejsa za odluke učesnika'),
(123, 244, 'beleženje svih transakcija i promena salda'),
(123, 243, 'simulacija aukcijskog mehanizma'),
(124, 27, 'generisanje tržišnih šokova za tretman'),
(124, 26, 'prikaz agregiranih cena instruktoru'),
(125, 78, 'obračun bonusa i izvoz isplatnih lista'),
(125, 76, 'obračun bonusa i izvoz isplatnih lista'),
(126, 129, 'analiza rizika i izbora pod neizvesnošću'),
(126, 127, 'analiza rizika i izbora pod neizvesnošću'),
(127, 180, 'pokretanje interfejsa za odluke učesnika'),
(127, 178, 'pokretanje interfejsa za odluke učesnika'),
(128, 213, 'beleženje svih transakcija i promena salda'),
(128, 214, 'simulacija aukcijskog mehanizma'),
(129, 248, 'generisanje tržišnih šokova za tretman'),
(129, 247, 'prikaz agregiranih cena instruktoru'),
(130, 32, 'obračun bonusa i izvoz isplatnih lista'),
(130, 33, 'randomizacija uloga i tretmana'),
(131, 83, 'analiza rizika i izbora pod neizvesnošću'),
(131, 84, 'anketa pre i posle sesije'),
(132, 133, 'obrada rezultata posle završetka rundi'),
(132, 134, 'pokretanje interfejsa za odluke učesnika'),
(133, 184, 'beleženje svih transakcija i promena salda'),
(133, 183, 'simulacija aukcijskog mehanizma'),
(134, 217, 'generisanje tržišnih šokova za tretman'),
(134, 218, 'prikaz agregiranih cena instruktoru'),
(135, 252, 'randomizacija uloga i tretmana'),
(135, 251, 'obračun bonusa i izvoz isplatnih lista'),
(136, 37, 'analiza rizika i izbora pod neizvesnošću'),
(136, 39, 'analiza rizika i izbora pod neizvesnošću'),
(137, 88, 'pokretanje interfejsa za odluke učesnika'),
(137, 89, 'obrada rezultata posle završetka rundi'),
(138, 141, 'beleženje svih transakcija i promena salda'),
(138, 139, 'beleženje svih transakcija i promena salda'),
(139, 187, 'prikaz agregiranih cena instruktoru'),
(139, 188, 'generisanje tržišnih šokova za tretman'),
(140, 222, 'obračun bonusa i izvoz isplatnih lista'),
(140, 221, 'randomizacija uloga i tretmana'),
(141, 256, 'analiza rizika i izbora pod neizvesnošću'),
(141, 255, 'anketa pre i posle sesije'),
(142, 45, 'obrada rezultata posle završetka rundi'),
(142, 43, 'obrada rezultata posle završetka rundi'),
(143, 94, 'simulacija aukcijskog mehanizma'),
(143, 96, 'simulacija aukcijskog mehanizma'),
(144, 147, 'generisanje tržišnih šokova za tretman'),
(144, 146, 'prikaz agregiranih cena instruktoru'),
(145, 192, 'randomizacija uloga i tretmana'),
(145, 191, 'obračun bonusa i izvoz isplatnih lista'),
(146, 226, 'anketa pre i posle sesije'),
(146, 225, 'analiza rizika i izbora pod neizvesnošću'),
(147, 260, 'obrada rezultata posle završetka rundi'),
(147, 259, 'pokretanje interfejsa za odluke učesnika'),
(148, 49, 'beleženje svih transakcija i promena salda'),
(148, 50, 'simulacija aukcijskog mehanizma'),
(149, 101, 'generisanje tržišnih šokova za tretman'),
(149, 102, 'prikaz agregiranih cena instruktoru'),
(150, 153, 'randomizacija uloga i tretmana'),
(150, 151, 'randomizacija uloga i tretmana'),
(38, 195, 'anketa pre i posle sesije'),
(38, 196, 'analiza rizika i izbora pod neizvesnošću'),
(75, 230, 'pokretanje interfejsa za odluke učesnika'),
(75, 229, 'obrada rezultata posle završetka rundi'),
(112, 6, 'simulacija aukcijskog mehanizma'),
(112, 5, 'beleženje svih transakcija i promena salda'),
(149, 56, 'prikaz agregiranih cena instruktoru'),
(149, 55, 'generisanje tržišnih šokova za tretman'),
(36, 108, 'obračun bonusa i izvoz isplatnih lista'),
(36, 106, 'obračun bonusa i izvoz isplatnih lista'),
(73, 158, 'anketa pre i posle sesije'),
(73, 157, 'analiza rizika i izbora pod neizvesnošću'),
(110, 200, 'obrada rezultata posle završetka rundi'),
(110, 199, 'pokretanje interfejsa za odluke učesnika'),
(147, 234, 'simulacija aukcijskog mehanizma'),
(147, 233, 'beleženje svih transakcija i promena salda'),
(34, 12, 'prikaz agregiranih cena instruktoru'),
(34, 10, 'prikaz agregiranih cena instruktoru'),
(71, 63, 'randomizacija uloga i tretmana'),
(71, 62, 'obračun bonusa i izvoz isplatnih lista'),
(108, 114, 'anketa pre i posle sesije'),
(108, 113, 'analiza rizika i izbora pod neizvesnošću'),
(145, 165, 'obrada rezultata posle završetka rundi'),
(145, 163, 'obrada rezultata posle završetka rundi'),
(32, 203, 'simulacija aukcijskog mehanizma'),
(32, 204, 'beleženje svih transakcija i promena salda'),
(69, 238, 'prikaz agregiranih cena instruktoru'),
(69, 237, 'generisanje tržišnih šokova za tretman'),
(106, 16, 'obračun bonusa i izvoz isplatnih lista'),
(106, 17, 'randomizacija uloga i tretmana'),
(143, 67, 'analiza rizika i izbora pod neizvesnošću'),
(143, 68, 'anketa pre i posle sesije'),
(30, 119, 'obrada rezultata posle završetka rundi'),
(30, 118, 'pokretanje interfejsa za odluke učesnika'),
(67, 171, 'beleženje svih transakcija i promena salda'),
(67, 170, 'simulacija aukcijskog mehanizma'),
(104, 207, 'prikaz agregiranih cena instruktoru'),
(104, 208, 'generisanje tržišnih šokova za tretman'),
(141, 242, 'obračun bonusa i izvoz isplatnih lista'),
(141, 241, 'randomizacija uloga i tretmana'),
(28, 24, 'anketa pre i posle sesije'),
(28, 22, 'anketa pre i posle sesije'),
(65, 74, 'pokretanje interfejsa za odluke učesnika'),
(65, 75, 'obrada rezultata posle završetka rundi'),
(102, 124, 'simulacija aukcijskog mehanizma'),
(102, 125, 'beleženje svih transakcija i promena salda'),
(139, 175, 'generisanje tržišnih šokova za tretman'),
(139, 176, 'prikaz agregiranih cena instruktoru'),
(26, 212, 'randomizacija uloga i tretmana'),
(26, 211, 'obračun bonusa i izvoz isplatnih lista'),
(63, 245, 'analiza rizika i izbora pod neizvesnošću'),
(63, 246, 'anketa pre i posle sesije'),
(100, 28, 'pokretanje interfejsa za odluke učesnika'),
(100, 30, 'pokretanje interfejsa za odluke učesnika'),
(137, 80, 'simulacija aukcijskog mehanizma'),
(137, 79, 'beleženje svih transakcija i promena salda'),
(24, 130, 'prikaz agregiranih cena instruktoru'),
(24, 132, 'prikaz agregiranih cena instruktoru'),
(61, 182, 'obračun bonusa i izvoz isplatnih lista'),
(61, 181, 'randomizacija uloga i tretmana');

INSERT INTO Izvodjenje (izvodjenje_id, eksperiment_id, lab_id, datum, status, model_trzista, broj_rundi, pocetni_kapital, valuta_simulacije_id) VALUES
(1, 1, 18, '2025-03-04', 'završeno uspešno', 'igra javnog dobra', 15, 14278.49, 5),
(2, 2, 35, '2025-03-05', 'završeno uspešno', 'kontinuirana dvostruka aukcija', 22, 9349.18, 9),
(3, 3, 52, '2025-03-06', 'završeno uspešno', 'igra javnog dobra', 10, 5798.26, 6),
(4, 4, 69, '2025-03-07', 'završeno uspešno', 'kontinuirana dvostruka aukcija', 12, 3308.37, 7),
(5, 5, 86, '2025-03-10', 'planirano', 'igra javnog dobra', 6, 4197.86, 1),
(6, 6, 3, '2025-03-11', 'završeno uspešno', 'kontinuirana dvostruka aukcija', 10, 3956.66, 5),
(7, 7, 20, '2025-03-12', 'započeto', 'igra javnog dobra', 22, 3365.79, 9),
(8, 8, 37, '2025-03-13', 'završeno uspešno', 'kontinuirana dvostruka aukcija', 7, 6252.69, 3),
(9, 9, 54, '2025-03-14', 'završeno uspešno', 'igra javnog dobra', 23, 9723.89, 7),
(10, 10, 71, '2025-03-17', 'planirano', 'kontinuirana dvostruka aukcija', 7, 10267.58, 1),
(11, 11, 88, '2025-03-18', 'otkazano', 'igra javnog dobra', 6, 1675.29, 5),
(12, 12, 5, '2025-03-19', 'završeno uspešno', 'kontinuirana dvostruka aukcija', 20, 6323.55, 9),
(13, 13, 22, '2025-03-20', 'završeno neuspešno', 'igra javnog dobra', 21, 10826.16, 3),
(14, 14, 39, '2025-03-21', 'započeto', 'kontinuirana dvostruka aukcija', 6, 5215.63, 7),
(15, 15, 56, '2025-03-24', 'planirano', 'igra javnog dobra', 22, 4779.68, 1),
(16, 16, 73, '2025-03-25', 'završeno uspešno', 'kontinuirana dvostruka aukcija', 10, 6863.56, 9),
(17, 17, 90, '2025-03-26', 'završeno uspešno', 'igra javnog dobra', 9, 4957.89, 8),
(18, 18, 7, '2025-03-27', 'završeno uspešno', 'kontinuirana dvostruka aukcija', 12, 9526.03, 9),
(19, 19, 24, '2025-03-28', 'završeno uspešno', 'igra javnog dobra', 12, 6010.91, 7),
(20, 20, 41, '2025-03-31', 'planirano', 'kontinuirana dvostruka aukcija', 11, 1551.68, 1),
(21, 21, 58, '2025-04-01', 'započeto', 'igra javnog dobra', 12, 10634.85, 5),
(22, 22, 75, '2025-04-02', 'otkazano', 'kontinuirana dvostruka aukcija', 13, 1038.33, 9),
(23, 23, 92, '2025-04-03', 'završeno uspešno', 'igra javnog dobra', 9, 12693.25, 3),
(24, 24, 9, '2025-04-04', 'završeno uspešno', 'kontinuirana dvostruka aukcija', 10, 14292.24, 2),
(25, 25, 26, '2025-04-07', 'planirano', 'igra javnog dobra', 9, 13666.91, 1),
(26, 26, 43, '2025-04-08', 'završeno neuspešno', 'kontinuirana dvostruka aukcija', 20, 14841.32, 5),
(27, 27, 60, '2025-04-09', 'završeno uspešno', 'igra javnog dobra', 20, 1701.12, 1),
(28, 28, 77, '2025-04-10', 'započeto', 'kontinuirana dvostruka aukcija', 15, 6043.01, 3),
(29, 29, 94, '2025-04-11', 'završeno uspešno', 'igra javnog dobra', 19, 11339.56, 7),
(30, 30, 11, '2025-04-14', 'planirano', 'kontinuirana dvostruka aukcija', 7, 1135.41, 1),
(31, 31, 28, '2025-04-15', 'završeno uspešno', 'igra javnog dobra', 11, 5601.25, 10),
(32, 32, 45, '2025-04-16', 'završeno uspešno', 'kontinuirana dvostruka aukcija', 14, 13298.66, 9),
(33, 33, 62, '2025-04-17', 'otkazano', 'igra javnog dobra', 16, 3560.17, 3),
(34, 34, 79, '2025-04-18', 'završeno uspešno', 'kontinuirana dvostruka aukcija', 20, 4805.66, 7),
(35, 35, 96, '2025-04-21', 'započeto', 'igra javnog dobra', 21, 12198.59, 1),
(36, 36, 13, '2025-04-22', 'završeno uspešno', 'kontinuirana dvostruka aukcija', 11, 2582.79, 5),
(37, 37, 30, '2025-04-23', 'završeno uspešno', 'igra javnog dobra', 7, 14741.97, 2),
(38, 38, 47, '2025-04-24', 'završeno uspešno', 'kontinuirana dvostruka aukcija', 19, 13757.17, 3),
(39, 39, 64, '2025-04-25', 'završeno neuspešno', 'igra javnog dobra', 24, 10497.50, 7),
(40, 40, 81, '2025-04-28', 'planirano', 'kontinuirana dvostruka aukcija', 18, 11908.30, 1),
(41, 41, 98, '2025-04-29', 'završeno uspešno', 'igra javnog dobra', 10, 7763.12, 5),
(42, 42, 15, '2025-04-30', 'započeto', 'kontinuirana dvostruka aukcija', 19, 7169.63, 9),
(43, 43, 32, '2025-05-01', 'završeno uspešno', 'igra javnog dobra', 16, 1173.04, 9),
(44, 44, 49, '2025-05-02', 'otkazano', 'kontinuirana dvostruka aukcija', 24, 11132.83, 7),
(45, 45, 66, '2025-05-05', 'planirano', 'igra javnog dobra', 16, 8267.40, 1),
(46, 46, 83, '2025-05-06', 'završeno uspešno', 'kontinuirana dvostruka aukcija', 9, 7059.87, 5),
(47, 47, 100, '2025-05-07', 'završeno uspešno', 'igra javnog dobra', 21, 5840.49, 9),
(48, 48, 17, '2025-05-08', 'završeno uspešno', 'kontinuirana dvostruka aukcija', 18, 3081.16, 10),
(49, 49, 34, '2025-05-09', 'započeto', 'igra javnog dobra', 7, 1163.03, 9),
(50, 50, 51, '2025-05-12', 'planirano', 'kontinuirana dvostruka aukcija', 21, 12926.20, 2),
(51, 51, 68, '2025-05-13', 'završeno uspešno', 'igra javnog dobra', 21, 5488.87, 5),
(52, 52, 85, '2025-05-14', 'završeno neuspešno', 'kontinuirana dvostruka aukcija', 14, 1704.91, 9),
(53, 53, 2, '2025-05-15', 'završeno uspešno', 'igra javnog dobra', 18, 6645.88, 3),
(54, 54, 19, '2025-05-16', 'završeno uspešno', 'kontinuirana dvostruka aukcija', 20, 7218.64, 7),
(55, 55, 36, '2025-05-19', 'otkazano', 'igra javnog dobra', 8, 12992.25, 1),
(56, 56, 53, '2025-05-20', 'započeto', 'kontinuirana dvostruka aukcija', 9, 14729.39, 5),
(57, 57, 70, '2025-05-21', 'završeno uspešno', 'igra javnog dobra', 6, 2437.01, 9),
(58, 58, 87, '2025-05-22', 'završeno uspešno', 'kontinuirana dvostruka aukcija', 23, 8687.38, 10),
(59, 59, 4, '2025-05-23', 'završeno uspešno', 'igra javnog dobra', 15, 13461.55, 7),
(60, 60, 21, '2025-05-26', 'planirano', 'kontinuirana dvostruka aukcija', 20, 14304.97, 1),
(61, 61, 38, '2025-05-27', 'završeno uspešno', 'igra javnog dobra', 7, 12432.24, 6),
(62, 62, 55, '2025-05-28', 'završeno uspešno', 'kontinuirana dvostruka aukcija', 23, 11743.83, 9),
(63, 63, 72, '2025-05-29', 'započeto', 'igra javnog dobra', 17, 11022.79, 3),
(64, 64, 89, '2025-05-30', 'završeno uspešno', 'kontinuirana dvostruka aukcija', 13, 1030.76, 7),
(65, 65, 6, '2025-06-02', 'planirano', 'igra javnog dobra', 15, 8667.67, 1),
(66, 66, 23, '2025-06-03', 'otkazano', 'kontinuirana dvostruka aukcija', 9, 1640.89, 5),
(67, 67, 40, '2025-06-04', 'završeno uspešno', 'igra javnog dobra', 10, 12505.74, 9),
(68, 68, 57, '2025-06-05', 'završeno uspešno', 'kontinuirana dvostruka aukcija', 19, 2497.46, 3),
(69, 69, 74, '2025-06-06', 'završeno uspešno', 'igra javnog dobra', 12, 2690.44, 4),
(70, 70, 91, '2025-06-09', 'započeto', 'kontinuirana dvostruka aukcija', 20, 12543.76, 1),
(71, 71, 8, '2025-06-10', 'završeno uspešno', 'igra javnog dobra', 16, 2508.72, 5),
(72, 72, 25, '2025-06-11', 'završeno uspešno', 'kontinuirana dvostruka aukcija', 24, 2725.07, 8),
(73, 73, 42, '2025-06-12', 'završeno uspešno', 'igra javnog dobra', 24, 14386.66, 3),
(74, 74, 59, '2025-06-13', 'završeno uspešno', 'kontinuirana dvostruka aukcija', 21, 1060.73, 7),
(75, 75, 76, '2025-06-16', 'planirano', 'igra javnog dobra', 23, 14094.32, 8),
(76, 76, 93, '2025-06-17', 'završeno uspešno', 'kontinuirana dvostruka aukcija', 22, 11935.14, 10),
(77, 77, 10, '2025-06-18', 'otkazano', 'igra javnog dobra', 11, 11226.93, 9),
(78, 78, 27, '2025-06-19', 'završeno neuspešno', 'kontinuirana dvostruka aukcija', 18, 10205.31, 3),
(79, 79, 44, '2025-06-20', 'završeno uspešno', 'igra javnog dobra', 16, 8057.54, 7),
(80, 80, 61, '2025-06-23', 'planirano', 'kontinuirana dvostruka aukcija', 13, 4830.34, 5),
(81, 81, 78, '2025-06-24', 'završeno uspešno', 'igra javnog dobra', 20, 12267.16, 5),
(82, 82, 95, '2025-06-25', 'završeno uspešno', 'kontinuirana dvostruka aukcija', 22, 5184.78, 9),
(83, 83, 12, '2025-06-26', 'završeno uspešno', 'igra javnog dobra', 16, 10966.24, 4),
(84, 84, 29, '2025-06-27', 'započeto', 'kontinuirana dvostruka aukcija', 12, 3935.98, 7),
(85, 85, 46, '2025-06-30', 'planirano', 'igra javnog dobra', 17, 13896.68, 1),
(86, 86, 63, '2025-07-01', 'završeno uspešno', 'kontinuirana dvostruka aukcija', 11, 8054.51, 5),
(87, 87, 80, '2025-07-02', 'završeno uspešno', 'igra javnog dobra', 16, 10944.94, 9),
(88, 88, 97, '2025-07-03', 'otkazano', 'kontinuirana dvostruka aukcija', 21, 9159.29, 7),
(89, 89, 14, '2025-07-04', 'završeno uspešno', 'igra javnog dobra', 23, 5002.99, 1),
(90, 90, 31, '2025-07-07', 'planirano', 'kontinuirana dvostruka aukcija', 22, 2490.59, 1),
(91, 91, 48, '2025-07-08', 'započeto', 'igra javnog dobra', 7, 10383.56, 5),
(92, 92, 65, '2025-07-09', 'završeno uspešno', 'kontinuirana dvostruka aukcija', 11, 14769.45, 9),
(93, 93, 82, '2025-07-10', 'završeno uspešno', 'igra javnog dobra', 10, 12751.35, 3),
(94, 94, 99, '2025-07-11', 'završeno uspešno', 'kontinuirana dvostruka aukcija', 15, 3856.01, 7),
(95, 95, 16, '2025-07-14', 'planirano', 'igra javnog dobra', 17, 12396.37, 1),
(96, 96, 33, '2025-07-15', 'završeno uspešno', 'kontinuirana dvostruka aukcija', 23, 13107.78, 5),
(97, 97, 50, '2025-07-16', 'završeno uspešno', 'igra javnog dobra', 23, 6444.41, 9),
(98, 98, 67, '2025-07-17', 'započeto', 'kontinuirana dvostruka aukcija', 15, 10701.11, 3),
(99, 99, 84, '2025-07-18', 'otkazano', 'igra javnog dobra', 18, 6425.77, 6),
(100, 100, 1, '2025-07-21', 'planirano', 'kontinuirana dvostruka aukcija', 23, 1753.23, 1),
(101, 101, 18, '2025-07-22', 'završeno uspešno', 'igra javnog dobra', 12, 9687.86, 8),
(102, 102, 35, '2025-07-23', 'završeno uspešno', 'kontinuirana dvostruka aukcija', 13, 13760.81, 9),
(103, 103, 52, '2025-07-24', 'završeno uspešno', 'igra javnog dobra', 17, 11571.51, 3),
(104, 104, 69, '2025-07-25', 'završeno neuspešno', 'kontinuirana dvostruka aukcija', 12, 11866.05, 5),
(105, 105, 86, '2025-07-28', 'započeto', 'igra javnog dobra', 20, 3483.96, 1),
(106, 106, 3, '2025-07-29', 'završeno uspešno', 'kontinuirana dvostruka aukcija', 11, 14474.65, 5),
(107, 107, 20, '2025-07-30', 'završeno uspešno', 'igra javnog dobra', 9, 6280.78, 9),
(108, 108, 37, '2025-07-31', 'završeno uspešno', 'kontinuirana dvostruka aukcija', 23, 4699.35, 3),
(109, 109, 54, '2025-08-01', 'završeno uspešno', 'igra javnog dobra', 14, 1079.03, 7),
(110, 110, 71, '2025-08-04', 'otkazano', 'kontinuirana dvostruka aukcija', 10, 1559.17, 10),
(111, 111, 88, '2025-08-05', 'završeno uspešno', 'igra javnog dobra', 7, 11831.25, 5),
(112, 112, 5, '2025-08-06', 'započeto', 'kontinuirana dvostruka aukcija', 15, 7867.71, 9),
(113, 113, 22, '2025-08-07', 'završeno uspešno', 'igra javnog dobra', 17, 2020.33, 3),
(114, 114, 39, '2025-08-08', 'završeno uspešno', 'kontinuirana dvostruka aukcija', 22, 4079.47, 7),
(115, 115, 56, '2025-08-11', 'planirano', 'igra javnog dobra', 8, 12007.62, 1),
(116, 116, 73, '2025-08-12', 'završeno uspešno', 'kontinuirana dvostruka aukcija', 23, 8518.50, 5),
(117, 117, 90, '2025-08-13', 'završeno neuspešno', 'igra javnog dobra', 13, 13367.55, 9),
(118, 118, 7, '2025-08-14', 'završeno uspešno', 'kontinuirana dvostruka aukcija', 16, 6051.17, 3),
(119, 119, 24, '2025-08-15', 'započeto', 'igra javnog dobra', 22, 7648.00, 7),
(120, 120, 41, '2025-08-18', 'planirano', 'kontinuirana dvostruka aukcija', 6, 2606.11, 1),
(121, 121, 58, '2025-08-19', 'otkazano', 'igra javnog dobra', 13, 13662.95, 5),
(122, 122, 75, '2025-08-20', 'završeno uspešno', 'kontinuirana dvostruka aukcija', 13, 14424.56, 9),
(123, 123, 92, '2025-08-21', 'završeno uspešno', 'igra javnog dobra', 16, 6339.22, 2),
(124, 124, 9, '2025-08-22', 'završeno uspešno', 'kontinuirana dvostruka aukcija', 18, 4592.27, 7),
(125, 125, 26, '2025-08-25', 'planirano', 'igra javnog dobra', 6, 13758.70, 6),
(126, 126, 43, '2025-08-26', 'započeto', 'kontinuirana dvostruka aukcija', 22, 12239.43, 5),
(127, 127, 60, '2025-08-27', 'završeno uspešno', 'igra javnog dobra', 7, 5150.08, 9),
(128, 128, 77, '2025-08-28', 'završeno uspešno', 'kontinuirana dvostruka aukcija', 16, 8194.53, 3),
(129, 129, 94, '2025-08-29', 'završeno uspešno', 'igra javnog dobra', 23, 8464.88, 7),
(130, 130, 11, '2025-09-01', 'planirano', 'kontinuirana dvostruka aukcija', 12, 10384.69, 7),
(131, 131, 28, '2025-09-02', 'završeno uspešno', 'igra javnog dobra', 9, 3878.11, 7),
(132, 132, 45, '2025-09-03', 'otkazano', 'kontinuirana dvostruka aukcija', 8, 11456.47, 9),
(133, 133, 62, '2025-09-04', 'započeto', 'igra javnog dobra', 20, 11036.16, 3),
(134, 134, 79, '2025-09-05', 'završeno uspešno', 'kontinuirana dvostruka aukcija', 8, 1759.75, 9),
(135, 135, 96, '2025-09-08', 'planirano', 'igra javnog dobra', 8, 9049.47, 1),
(136, 136, 13, '2025-09-09', 'završeno uspešno', 'kontinuirana dvostruka aukcija', 14, 6706.86, 5),
(137, 137, 30, '2025-09-10', 'završeno uspešno', 'igra javnog dobra', 18, 7062.35, 9),
(138, 138, 47, '2025-09-11', 'završeno uspešno', 'kontinuirana dvostruka aukcija', 9, 8487.68, 3),
(139, 139, 64, '2025-09-12', 'završeno uspešno', 'igra javnog dobra', 8, 11583.45, 7),
(140, 140, 81, '2025-09-15', 'započeto', 'kontinuirana dvostruka aukcija', 8, 6007.80, 1),
(141, 141, 98, '2025-09-16', 'završeno uspešno', 'igra javnog dobra', 15, 12016.49, 5),
(142, 142, 15, '2025-09-17', 'završeno uspešno', 'kontinuirana dvostruka aukcija', 8, 4941.24, 7),
(143, 143, 32, '2025-09-18', 'otkazano', 'igra javnog dobra', 18, 12509.71, 3),
(144, 144, 49, '2025-09-19', 'završeno uspešno', 'kontinuirana dvostruka aukcija', 11, 8468.55, 7),
(145, 145, 66, '2025-09-22', 'planirano', 'igra javnog dobra', 18, 12154.79, 5),
(146, 146, 83, '2025-09-23', 'završeno uspešno', 'kontinuirana dvostruka aukcija', 10, 5172.79, 6),
(147, 147, 100, '2025-09-24', 'započeto', 'igra javnog dobra', 6, 8749.34, 9),
(148, 148, 17, '2025-09-25', 'završeno uspešno', 'kontinuirana dvostruka aukcija', 9, 1584.82, 3),
(149, 149, 34, '2025-09-26', 'završeno uspešno', 'igra javnog dobra', 18, 8520.13, 5),
(150, 150, 51, '2025-09-29', 'planirano', 'kontinuirana dvostruka aukcija', 12, 11476.15, 6),
(151, 38, 68, '2025-09-30', 'završeno uspešno', 'igra javnog dobra', 12, 6777.16, 3),
(152, 75, 85, '2025-10-01', 'završeno uspešno', 'kontinuirana dvostruka aukcija', 22, 2994.37, 1),
(153, 112, 2, '2025-10-02', 'završeno uspešno', 'igra javnog dobra', 14, 3720.57, 9),
(154, 149, 19, '2025-10-03', 'otkazano', 'kontinuirana dvostruka aukcija', 24, 12931.52, 9),
(155, 36, 36, '2025-10-06', 'planirano', 'igra javnog dobra', 20, 10025.44, 5),
(156, 73, 53, '2025-10-07', 'završeno neuspešno', 'kontinuirana dvostruka aukcija', 8, 4509.63, 3),
(157, 110, 70, '2025-10-08', 'završeno uspešno', 'igra javnog dobra', 24, 7820.67, 1),
(158, 147, 87, '2025-10-09', 'završeno uspešno', 'kontinuirana dvostruka aukcija', 10, 10398.14, 9),
(159, 34, 4, '2025-10-10', 'završeno uspešno', 'igra javnog dobra', 15, 9673.22, 6),
(160, 71, 21, '2025-10-13', 'planirano', 'kontinuirana dvostruka aukcija', 21, 7309.04, 5),
(161, 108, 38, '2025-10-14', 'započeto', 'igra javnog dobra', 15, 10708.41, 3),
(162, 145, 55, '2025-10-15', 'završeno uspešno', 'kontinuirana dvostruka aukcija', 24, 6102.91, 1),
(163, 32, 72, '2025-10-16', 'završeno uspešno', 'igra javnog dobra', 19, 3360.95, 9),
(164, 69, 89, '2025-10-17', 'završeno uspešno', 'kontinuirana dvostruka aukcija', 13, 10970.79, 7),
(165, 106, 6, '2025-10-20', 'otkazano', 'igra javnog dobra', 14, 12761.54, 5),
(166, 143, 23, '2025-10-21', 'završeno uspešno', 'kontinuirana dvostruka aukcija', 16, 13290.40, 3),
(167, 30, 40, '2025-10-22', 'završeno uspešno', 'igra javnog dobra', 17, 11846.74, 1),
(168, 67, 57, '2025-10-23', 'započeto', 'kontinuirana dvostruka aukcija', 9, 3460.78, 9),
(169, 104, 74, '2025-10-24', 'završeno neuspešno', 'igra javnog dobra', 14, 13021.99, 7),
(170, 141, 91, '2025-10-27', 'planirano', 'kontinuirana dvostruka aukcija', 23, 3750.05, 5),
(171, 28, 8, '2025-10-28', 'završeno uspešno', 'igra javnog dobra', 8, 11183.96, 9),
(172, 65, 25, '2025-10-29', 'završeno uspešno', 'kontinuirana dvostruka aukcija', 6, 12376.99, 1),
(173, 102, 42, '2025-10-30', 'završeno uspešno', 'igra javnog dobra', 24, 3978.65, 9),
(174, 139, 59, '2025-10-31', 'završeno uspešno', 'kontinuirana dvostruka aukcija', 14, 8608.57, 8),
(175, 26, 76, '2025-11-03', 'započeto', 'igra javnog dobra', 10, 6121.46, 5),
(176, 63, 93, '2025-11-04', 'otkazano', 'kontinuirana dvostruka aukcija', 24, 11265.18, 3),
(177, 100, 10, '2025-11-05', 'završeno uspešno', 'igra javnog dobra', 20, 8015.72, 1),
(178, 137, 27, '2025-11-06', 'završeno uspešno', 'kontinuirana dvostruka aukcija', 17, 8030.34, 9),
(179, 24, 44, '2025-11-07', 'završeno uspešno', 'igra javnog dobra', 11, 11600.88, 7),
(180, 61, 61, '2025-11-10', 'planirano', 'kontinuirana dvostruka aukcija', 11, 3508.03, 3);

INSERT INTO Izvodjenje_Izvodjac (izvodjenje_id, istrazivac_id, opis_uloge, putanja_do_beleski) VALUES
(1, 65, 'glavni izvođač sesije i kontakt sa učesnicima', '/beleske/izvodjenje_001/istrazivac_065.md'),
(1, 106, 'administrator isplata i evidencije prisustva', '/beleske/izvodjenje_001/istrazivac_106.md'),
(1, 82, 'administrator isplata i evidencije prisustva', '/beleske/izvodjenje_001/istrazivac_082.md'),
(2, 81, 'administrator isplata i evidencije prisustva', '/beleske/izvodjenje_002/istrazivac_081.md'),
(2, 73, 'kontrolor kvaliteta podataka i eksport logova', '/beleske/izvodjenje_002/istrazivac_073.md'),
(2, 84, 'instruktor za pravila igre i probnu rundu', '/beleske/izvodjenje_002/istrazivac_084.md'),
(3, 147, 'glavni izvođač sesije i kontakt sa učesnicima', '/beleske/izvodjenje_003/istrazivac_147.md'),
(3, 98, 'administrator isplata i evidencije prisustva', '/beleske/izvodjenje_003/istrazivac_098.md'),
(3, 79, 'posmatrač tržišnih rundi i beleške o odstupanjima', '/beleske/izvodjenje_003/istrazivac_079.md'),
(4, 98, 'glavni izvođač sesije i kontakt sa učesnicima', '/beleske/izvodjenje_004/istrazivac_098.md'),
(4, 115, 'administrator isplata i evidencije prisustva', '/beleske/izvodjenje_004/istrazivac_115.md'),
(4, 126, 'posmatrač tržišnih rundi i beleške o odstupanjima', '/beleske/izvodjenje_004/istrazivac_126.md'),
(5, 170, 'tehnička podrška i nadzor platforme', '/beleske/izvodjenje_005/istrazivac_170.md'),
(5, 70, 'kontrolor kvaliteta podataka i eksport logova', '/beleske/izvodjenje_005/istrazivac_070.md'),
(5, 167, 'posmatrač tržišnih rundi i beleške o odstupanjima', '/beleske/izvodjenje_005/istrazivac_167.md'),
(6, 121, 'tehnička podrška i nadzor platforme', '/beleske/izvodjenje_006/istrazivac_121.md'),
(6, 160, 'posmatrač tržišnih rundi i beleške o odstupanjima', '/beleske/izvodjenje_006/istrazivac_160.md'),
(6, 133, 'tehnička podrška i nadzor platforme', '/beleske/izvodjenje_006/istrazivac_133.md'),
(7, 116, 'kontrolor kvaliteta podataka i eksport logova', '/beleske/izvodjenje_007/istrazivac_116.md'),
(7, 92, 'kontrolor kvaliteta podataka i eksport logova', '/beleske/izvodjenje_007/istrazivac_092.md'),
(7, 69, 'posmatrač tržišnih rundi i beleške o odstupanjima', '/beleske/izvodjenje_007/istrazivac_069.md'),
(8, 121, 'kontrolor kvaliteta podataka i eksport logova', '/beleske/izvodjenje_008/istrazivac_121.md'),
(8, 66, 'instruktor za pravila igre i probnu rundu', '/beleske/izvodjenje_008/istrazivac_066.md'),
(8, 148, 'glavni izvođač sesije i kontakt sa učesnicima', '/beleske/izvodjenje_008/istrazivac_148.md'),
(9, 150, 'kontrolor kvaliteta podataka i eksport logova', '/beleske/izvodjenje_009/istrazivac_150.md'),
(9, 136, 'tehnička podrška i nadzor platforme', '/beleske/izvodjenje_009/istrazivac_136.md'),
(9, 66, 'kontrolor kvaliteta podataka i eksport logova', '/beleske/izvodjenje_009/istrazivac_066.md'),
(10, 117, 'tehnička podrška i nadzor platforme', '/beleske/izvodjenje_010/istrazivac_117.md'),
(10, 118, 'instruktor za pravila igre i probnu rundu', '/beleske/izvodjenje_010/istrazivac_118.md'),
(10, 96, 'posmatrač tržišnih rundi i beleške o odstupanjima', '/beleske/izvodjenje_010/istrazivac_096.md'),
(11, 163, 'glavni izvođač sesije i kontakt sa učesnicima', '/beleske/izvodjenje_011/istrazivac_163.md'),
(11, 68, 'tehnička podrška i nadzor platforme', '/beleske/izvodjenje_011/istrazivac_068.md'),
(11, 176, 'tehnička podrška i nadzor platforme', '/beleske/izvodjenje_011/istrazivac_176.md'),
(12, 102, 'glavni izvođač sesije i kontakt sa učesnicima', '/beleske/izvodjenje_012/istrazivac_102.md'),
(12, 151, 'tehnička podrška i nadzor platforme', '/beleske/izvodjenje_012/istrazivac_151.md'),
(12, 96, 'glavni izvođač sesije i kontakt sa učesnicima', '/beleske/izvodjenje_012/istrazivac_096.md'),
(13, 176, 'kontrolor kvaliteta podataka i eksport logova', '/beleske/izvodjenje_013/istrazivac_176.md'),
(13, 78, 'tehnička podrška i nadzor platforme', '/beleske/izvodjenje_013/istrazivac_078.md'),
(13, 87, 'posmatrač tržišnih rundi i beleške o odstupanjima', '/beleske/izvodjenje_013/istrazivac_087.md'),
(14, 161, 'tehnička podrška i nadzor platforme', '/beleske/izvodjenje_014/istrazivac_161.md'),
(14, 106, 'glavni izvođač sesije i kontakt sa učesnicima', '/beleske/izvodjenje_014/istrazivac_106.md'),
(14, 78, 'instruktor za pravila igre i probnu rundu', '/beleske/izvodjenje_014/istrazivac_078.md'),
(15, 164, 'administrator isplata i evidencije prisustva', '/beleske/izvodjenje_015/istrazivac_164.md'),
(15, 117, 'glavni izvođač sesije i kontakt sa učesnicima', '/beleske/izvodjenje_015/istrazivac_117.md'),
(15, 77, 'instruktor za pravila igre i probnu rundu', '/beleske/izvodjenje_015/istrazivac_077.md'),
(16, 59, 'kontrolor kvaliteta podataka i eksport logova', '/beleske/izvodjenje_016/istrazivac_059.md'),
(16, 69, 'tehnička podrška i nadzor platforme', '/beleske/izvodjenje_016/istrazivac_069.md'),
(16, 115, 'administrator isplata i evidencije prisustva', '/beleske/izvodjenje_016/istrazivac_115.md'),
(17, 165, 'instruktor za pravila igre i probnu rundu', '/beleske/izvodjenje_017/istrazivac_165.md'),
(17, 55, 'glavni izvođač sesije i kontakt sa učesnicima', '/beleske/izvodjenje_017/istrazivac_055.md'),
(17, 178, 'kontrolor kvaliteta podataka i eksport logova', '/beleske/izvodjenje_017/istrazivac_178.md'),
(18, 89, 'administrator isplata i evidencije prisustva', '/beleske/izvodjenje_018/istrazivac_089.md'),
(18, 51, 'kontrolor kvaliteta podataka i eksport logova', '/beleske/izvodjenje_018/istrazivac_051.md'),
(18, 60, 'glavni izvođač sesije i kontakt sa učesnicima', '/beleske/izvodjenje_018/istrazivac_060.md'),
(19, 150, 'tehnička podrška i nadzor platforme', '/beleske/izvodjenje_019/istrazivac_150.md'),
(19, 119, 'glavni izvođač sesije i kontakt sa učesnicima', '/beleske/izvodjenje_019/istrazivac_119.md'),
(19, 89, 'glavni izvođač sesije i kontakt sa učesnicima', '/beleske/izvodjenje_019/istrazivac_089.md'),
(20, 135, 'administrator isplata i evidencije prisustva', '/beleske/izvodjenje_020/istrazivac_135.md'),
(20, 151, 'kontrolor kvaliteta podataka i eksport logova', '/beleske/izvodjenje_020/istrazivac_151.md'),
(20, 51, 'administrator isplata i evidencije prisustva', '/beleske/izvodjenje_020/istrazivac_051.md'),
(21, 176, 'administrator isplata i evidencije prisustva', '/beleske/izvodjenje_021/istrazivac_176.md'),
(21, 173, 'instruktor za pravila igre i probnu rundu', '/beleske/izvodjenje_021/istrazivac_173.md'),
(21, 162, 'kontrolor kvaliteta podataka i eksport logova', '/beleske/izvodjenje_021/istrazivac_162.md'),
(22, 154, 'instruktor za pravila igre i probnu rundu', '/beleske/izvodjenje_022/istrazivac_154.md'),
(22, 68, 'glavni izvođač sesije i kontakt sa učesnicima', '/beleske/izvodjenje_022/istrazivac_068.md'),
(22, 108, 'posmatrač tržišnih rundi i beleške o odstupanjima', '/beleske/izvodjenje_022/istrazivac_108.md'),
(23, 51, 'instruktor za pravila igre i probnu rundu', '/beleske/izvodjenje_023/istrazivac_051.md'),
(23, 149, 'posmatrač tržišnih rundi i beleške o odstupanjima', '/beleske/izvodjenje_023/istrazivac_149.md'),
(23, 174, 'administrator isplata i evidencije prisustva', '/beleske/izvodjenje_023/istrazivac_174.md'),
(24, 82, 'posmatrač tržišnih rundi i beleške o odstupanjima', '/beleske/izvodjenje_024/istrazivac_082.md'),
(24, 142, 'posmatrač tržišnih rundi i beleške o odstupanjima', '/beleske/izvodjenje_024/istrazivac_142.md'),
(24, 136, 'posmatrač tržišnih rundi i beleške o odstupanjima', '/beleske/izvodjenje_024/istrazivac_136.md'),
(25, 128, 'kontrolor kvaliteta podataka i eksport logova', '/beleske/izvodjenje_025/istrazivac_128.md'),
(25, 153, 'posmatrač tržišnih rundi i beleške o odstupanjima', '/beleske/izvodjenje_025/istrazivac_153.md'),
(25, 65, 'glavni izvođač sesije i kontakt sa učesnicima', '/beleske/izvodjenje_025/istrazivac_065.md'),
(26, 74, 'posmatrač tržišnih rundi i beleške o odstupanjima', '/beleske/izvodjenje_026/istrazivac_074.md'),
(26, 144, 'instruktor za pravila igre i probnu rundu', '/beleske/izvodjenje_026/istrazivac_144.md'),
(26, 138, 'instruktor za pravila igre i probnu rundu', '/beleske/izvodjenje_026/istrazivac_138.md'),
(27, 71, 'instruktor za pravila igre i probnu rundu', '/beleske/izvodjenje_027/istrazivac_071.md'),
(27, 168, 'kontrolor kvaliteta podataka i eksport logova', '/beleske/izvodjenje_027/istrazivac_168.md'),
(27, 125, 'instruktor za pravila igre i probnu rundu', '/beleske/izvodjenje_027/istrazivac_125.md'),
(28, 102, 'posmatrač tržišnih rundi i beleške o odstupanjima', '/beleske/izvodjenje_028/istrazivac_102.md'),
(28, 96, 'posmatrač tržišnih rundi i beleške o odstupanjima', '/beleske/izvodjenje_028/istrazivac_096.md'),
(28, 61, 'administrator isplata i evidencije prisustva', '/beleske/izvodjenje_028/istrazivac_061.md'),
(29, 149, 'posmatrač tržišnih rundi i beleške o odstupanjima', '/beleske/izvodjenje_029/istrazivac_149.md'),
(29, 99, 'instruktor za pravila igre i probnu rundu', '/beleske/izvodjenje_029/istrazivac_099.md'),
(29, 127, 'glavni izvođač sesije i kontakt sa učesnicima', '/beleske/izvodjenje_029/istrazivac_127.md'),
(30, 150, 'glavni izvođač sesije i kontakt sa učesnicima', '/beleske/izvodjenje_030/istrazivac_150.md'),
(30, 78, 'glavni izvođač sesije i kontakt sa učesnicima', '/beleske/izvodjenje_030/istrazivac_078.md'),
(30, 142, 'posmatrač tržišnih rundi i beleške o odstupanjima', '/beleske/izvodjenje_030/istrazivac_142.md'),
(31, 175, 'instruktor za pravila igre i probnu rundu', '/beleske/izvodjenje_031/istrazivac_175.md'),
(31, 72, 'tehnička podrška i nadzor platforme', '/beleske/izvodjenje_031/istrazivac_072.md'),
(31, 163, 'instruktor za pravila igre i probnu rundu', '/beleske/izvodjenje_031/istrazivac_163.md'),
(32, 99, 'administrator isplata i evidencije prisustva', '/beleske/izvodjenje_032/istrazivac_099.md'),
(32, 86, 'posmatrač tržišnih rundi i beleške o odstupanjima', '/beleske/izvodjenje_032/istrazivac_086.md'),
(32, 60, 'instruktor za pravila igre i probnu rundu', '/beleske/izvodjenje_032/istrazivac_060.md'),
(33, 100, 'tehnička podrška i nadzor platforme', '/beleske/izvodjenje_033/istrazivac_100.md'),
(33, 57, 'glavni izvođač sesije i kontakt sa učesnicima', '/beleske/izvodjenje_033/istrazivac_057.md'),
(33, 112, 'tehnička podrška i nadzor platforme', '/beleske/izvodjenje_033/istrazivac_112.md'),
(34, 176, 'glavni izvođač sesije i kontakt sa učesnicima', '/beleske/izvodjenje_034/istrazivac_176.md'),
(34, 150, 'posmatrač tržišnih rundi i beleške o odstupanjima', '/beleske/izvodjenje_034/istrazivac_150.md'),
(34, 67, 'administrator isplata i evidencije prisustva', '/beleske/izvodjenje_034/istrazivac_067.md'),
(35, 129, 'instruktor za pravila igre i probnu rundu', '/beleske/izvodjenje_035/istrazivac_129.md'),
(35, 178, 'kontrolor kvaliteta podataka i eksport logova', '/beleske/izvodjenje_035/istrazivac_178.md'),
(35, 166, 'kontrolor kvaliteta podataka i eksport logova', '/beleske/izvodjenje_035/istrazivac_166.md'),
(36, 55, 'tehnička podrška i nadzor platforme', '/beleske/izvodjenje_036/istrazivac_055.md'),
(36, 60, 'glavni izvođač sesije i kontakt sa učesnicima', '/beleske/izvodjenje_036/istrazivac_060.md'),
(36, 137, 'administrator isplata i evidencije prisustva', '/beleske/izvodjenje_036/istrazivac_137.md'),
(37, 65, 'glavni izvođač sesije i kontakt sa učesnicima', '/beleske/izvodjenje_037/istrazivac_065.md'),
(37, 137, 'glavni izvođač sesije i kontakt sa učesnicima', '/beleske/izvodjenje_037/istrazivac_137.md'),
(37, 61, 'instruktor za pravila igre i probnu rundu', '/beleske/izvodjenje_037/istrazivac_061.md'),
(38, 154, 'glavni izvođač sesije i kontakt sa učesnicima', '/beleske/izvodjenje_038/istrazivac_154.md'),
(38, 81, 'administrator isplata i evidencije prisustva', '/beleske/izvodjenje_038/istrazivac_081.md'),
(38, 105, 'administrator isplata i evidencije prisustva', '/beleske/izvodjenje_038/istrazivac_105.md'),
(39, 168, 'kontrolor kvaliteta podataka i eksport logova', '/beleske/izvodjenje_039/istrazivac_168.md'),
(39, 89, 'instruktor za pravila igre i probnu rundu', '/beleske/izvodjenje_039/istrazivac_089.md'),
(39, 110, 'administrator isplata i evidencije prisustva', '/beleske/izvodjenje_039/istrazivac_110.md'),
(40, 69, 'tehnička podrška i nadzor platforme', '/beleske/izvodjenje_040/istrazivac_069.md'),
(40, 60, 'posmatrač tržišnih rundi i beleške o odstupanjima', '/beleske/izvodjenje_040/istrazivac_060.md'),
(40, 87, 'tehnička podrška i nadzor platforme', '/beleske/izvodjenje_040/istrazivac_087.md'),
(41, 176, 'tehnička podrška i nadzor platforme', '/beleske/izvodjenje_041/istrazivac_176.md'),
(41, 55, 'glavni izvođač sesije i kontakt sa učesnicima', '/beleske/izvodjenje_041/istrazivac_055.md'),
(42, 171, 'kontrolor kvaliteta podataka i eksport logova', '/beleske/izvodjenje_042/istrazivac_171.md'),
(42, 62, 'instruktor za pravila igre i probnu rundu', '/beleske/izvodjenje_042/istrazivac_062.md'),
(43, 113, 'glavni izvođač sesije i kontakt sa učesnicima', '/beleske/izvodjenje_043/istrazivac_113.md'),
(43, 84, 'tehnička podrška i nadzor platforme', '/beleske/izvodjenje_043/istrazivac_084.md'),
(44, 54, 'instruktor za pravila igre i probnu rundu', '/beleske/izvodjenje_044/istrazivac_054.md'),
(44, 95, 'tehnička podrška i nadzor platforme', '/beleske/izvodjenje_044/istrazivac_095.md'),
(45, 63, 'glavni izvođač sesije i kontakt sa učesnicima', '/beleske/izvodjenje_045/istrazivac_063.md'),
(45, 129, 'glavni izvođač sesije i kontakt sa učesnicima', '/beleske/izvodjenje_045/istrazivac_129.md'),
(46, 75, 'tehnička podrška i nadzor platforme', '/beleske/izvodjenje_046/istrazivac_075.md'),
(46, 167, 'kontrolor kvaliteta podataka i eksport logova', '/beleske/izvodjenje_046/istrazivac_167.md'),
(47, 94, 'kontrolor kvaliteta podataka i eksport logova', '/beleske/izvodjenje_047/istrazivac_094.md'),
(47, 67, 'glavni izvođač sesije i kontakt sa učesnicima', '/beleske/izvodjenje_047/istrazivac_067.md'),
(48, 78, 'glavni izvođač sesije i kontakt sa učesnicima', '/beleske/izvodjenje_048/istrazivac_078.md'),
(48, 80, 'instruktor za pravila igre i probnu rundu', '/beleske/izvodjenje_048/istrazivac_080.md'),
(49, 178, 'administrator isplata i evidencije prisustva', '/beleske/izvodjenje_049/istrazivac_178.md'),
(49, 107, 'glavni izvođač sesije i kontakt sa učesnicima', '/beleske/izvodjenje_049/istrazivac_107.md'),
(50, 67, 'kontrolor kvaliteta podataka i eksport logova', '/beleske/izvodjenje_050/istrazivac_067.md'),
(50, 102, 'instruktor za pravila igre i probnu rundu', '/beleske/izvodjenje_050/istrazivac_102.md'),
(51, 160, 'tehnička podrška i nadzor platforme', '/beleske/izvodjenje_051/istrazivac_160.md'),
(51, 137, 'instruktor za pravila igre i probnu rundu', '/beleske/izvodjenje_051/istrazivac_137.md'),
(52, 153, 'tehnička podrška i nadzor platforme', '/beleske/izvodjenje_052/istrazivac_153.md'),
(52, 134, 'glavni izvođač sesije i kontakt sa učesnicima', '/beleske/izvodjenje_052/istrazivac_134.md'),
(53, 81, 'instruktor za pravila igre i probnu rundu', '/beleske/izvodjenje_053/istrazivac_081.md'),
(53, 86, 'tehnička podrška i nadzor platforme', '/beleske/izvodjenje_053/istrazivac_086.md'),
(54, 133, 'tehnička podrška i nadzor platforme', '/beleske/izvodjenje_054/istrazivac_133.md'),
(54, 105, 'kontrolor kvaliteta podataka i eksport logova', '/beleske/izvodjenje_054/istrazivac_105.md'),
(55, 62, 'kontrolor kvaliteta podataka i eksport logova', '/beleske/izvodjenje_055/istrazivac_062.md'),
(55, 95, 'glavni izvođač sesije i kontakt sa učesnicima', '/beleske/izvodjenje_055/istrazivac_095.md'),
(56, 136, 'glavni izvođač sesije i kontakt sa učesnicima', '/beleske/izvodjenje_056/istrazivac_136.md'),
(56, 67, 'kontrolor kvaliteta podataka i eksport logova', '/beleske/izvodjenje_056/istrazivac_067.md'),
(57, 81, 'glavni izvođač sesije i kontakt sa učesnicima', '/beleske/izvodjenje_057/istrazivac_081.md'),
(57, 121, 'posmatrač tržišnih rundi i beleške o odstupanjima', '/beleske/izvodjenje_057/istrazivac_121.md'),
(58, 87, 'tehnička podrška i nadzor platforme', '/beleske/izvodjenje_058/istrazivac_087.md'),
(58, 157, 'administrator isplata i evidencije prisustva', '/beleske/izvodjenje_058/istrazivac_157.md'),
(59, 94, 'kontrolor kvaliteta podataka i eksport logova', '/beleske/izvodjenje_059/istrazivac_094.md'),
(59, 145, 'glavni izvođač sesije i kontakt sa učesnicima', '/beleske/izvodjenje_059/istrazivac_145.md'),
(60, 93, 'kontrolor kvaliteta podataka i eksport logova', '/beleske/izvodjenje_060/istrazivac_093.md'),
(60, 163, 'tehnička podrška i nadzor platforme', '/beleske/izvodjenje_060/istrazivac_163.md'),
(61, 113, 'glavni izvođač sesije i kontakt sa učesnicima', '/beleske/izvodjenje_061/istrazivac_113.md'),
(61, 61, 'instruktor za pravila igre i probnu rundu', '/beleske/izvodjenje_061/istrazivac_061.md'),
(62, 85, 'kontrolor kvaliteta podataka i eksport logova', '/beleske/izvodjenje_062/istrazivac_085.md'),
(62, 76, 'glavni izvođač sesije i kontakt sa učesnicima', '/beleske/izvodjenje_062/istrazivac_076.md'),
(63, 147, 'glavni izvođač sesije i kontakt sa učesnicima', '/beleske/izvodjenje_063/istrazivac_147.md'),
(63, 91, 'posmatrač tržišnih rundi i beleške o odstupanjima', '/beleske/izvodjenje_063/istrazivac_091.md'),
(64, 55, 'administrator isplata i evidencije prisustva', '/beleske/izvodjenje_064/istrazivac_055.md'),
(64, 175, 'administrator isplata i evidencije prisustva', '/beleske/izvodjenje_064/istrazivac_175.md'),
(65, 71, 'posmatrač tržišnih rundi i beleške o odstupanjima', '/beleske/izvodjenje_065/istrazivac_071.md'),
(65, 52, 'kontrolor kvaliteta podataka i eksport logova', '/beleske/izvodjenje_065/istrazivac_052.md'),
(66, 52, 'posmatrač tržišnih rundi i beleške o odstupanjima', '/beleske/izvodjenje_066/istrazivac_052.md'),
(66, 96, 'glavni izvođač sesije i kontakt sa učesnicima', '/beleske/izvodjenje_066/istrazivac_096.md'),
(67, 73, 'instruktor za pravila igre i probnu rundu', '/beleske/izvodjenje_067/istrazivac_073.md'),
(67, 123, 'posmatrač tržišnih rundi i beleške o odstupanjima', '/beleske/izvodjenje_067/istrazivac_123.md'),
(68, 157, 'kontrolor kvaliteta podataka i eksport logova', '/beleske/izvodjenje_068/istrazivac_157.md'),
(68, 172, 'glavni izvođač sesije i kontakt sa učesnicima', '/beleske/izvodjenje_068/istrazivac_172.md'),
(69, 83, 'instruktor za pravila igre i probnu rundu', '/beleske/izvodjenje_069/istrazivac_083.md'),
(69, 103, 'posmatrač tržišnih rundi i beleške o odstupanjima', '/beleske/izvodjenje_069/istrazivac_103.md'),
(70, 87, 'tehnička podrška i nadzor platforme', '/beleske/izvodjenje_070/istrazivac_087.md'),
(70, 120, 'posmatrač tržišnih rundi i beleške o odstupanjima', '/beleske/izvodjenje_070/istrazivac_120.md'),
(71, 166, 'kontrolor kvaliteta podataka i eksport logova', '/beleske/izvodjenje_071/istrazivac_166.md'),
(71, 156, 'administrator isplata i evidencije prisustva', '/beleske/izvodjenje_071/istrazivac_156.md'),
(72, 112, 'posmatrač tržišnih rundi i beleške o odstupanjima', '/beleske/izvodjenje_072/istrazivac_112.md'),
(72, 95, 'administrator isplata i evidencije prisustva', '/beleske/izvodjenje_072/istrazivac_095.md'),
(73, 60, 'tehnička podrška i nadzor platforme', '/beleske/izvodjenje_073/istrazivac_060.md'),
(73, 97, 'instruktor za pravila igre i probnu rundu', '/beleske/izvodjenje_073/istrazivac_097.md'),
(74, 178, 'glavni izvođač sesije i kontakt sa učesnicima', '/beleske/izvodjenje_074/istrazivac_178.md'),
(74, 73, 'kontrolor kvaliteta podataka i eksport logova', '/beleske/izvodjenje_074/istrazivac_073.md'),
(75, 128, 'administrator isplata i evidencije prisustva', '/beleske/izvodjenje_075/istrazivac_128.md'),
(75, 140, 'administrator isplata i evidencije prisustva', '/beleske/izvodjenje_075/istrazivac_140.md'),
(76, 158, 'glavni izvođač sesije i kontakt sa učesnicima', '/beleske/izvodjenje_076/istrazivac_158.md'),
(76, 52, 'instruktor za pravila igre i probnu rundu', '/beleske/izvodjenje_076/istrazivac_052.md'),
(77, 111, 'instruktor za pravila igre i probnu rundu', '/beleske/izvodjenje_077/istrazivac_111.md'),
(77, 100, 'kontrolor kvaliteta podataka i eksport logova', '/beleske/izvodjenje_077/istrazivac_100.md'),
(78, 81, 'kontrolor kvaliteta podataka i eksport logova', '/beleske/izvodjenje_078/istrazivac_081.md'),
(78, 75, 'kontrolor kvaliteta podataka i eksport logova', '/beleske/izvodjenje_078/istrazivac_075.md'),
(79, 143, 'glavni izvođač sesije i kontakt sa učesnicima', '/beleske/izvodjenje_079/istrazivac_143.md'),
(79, 180, 'tehnička podrška i nadzor platforme', '/beleske/izvodjenje_079/istrazivac_180.md'),
(80, 107, 'tehnička podrška i nadzor platforme', '/beleske/izvodjenje_080/istrazivac_107.md'),
(80, 169, 'kontrolor kvaliteta podataka i eksport logova', '/beleske/izvodjenje_080/istrazivac_169.md'),
(81, 104, 'administrator isplata i evidencije prisustva', '/beleske/izvodjenje_081/istrazivac_104.md'),
(81, 121, 'posmatrač tržišnih rundi i beleške o odstupanjima', '/beleske/izvodjenje_081/istrazivac_121.md'),
(82, 64, 'instruktor za pravila igre i probnu rundu', '/beleske/izvodjenje_082/istrazivac_064.md'),
(82, 100, 'instruktor za pravila igre i probnu rundu', '/beleske/izvodjenje_082/istrazivac_100.md'),
(83, 79, 'glavni izvođač sesije i kontakt sa učesnicima', '/beleske/izvodjenje_083/istrazivac_079.md'),
(83, 89, 'posmatrač tržišnih rundi i beleške o odstupanjima', '/beleske/izvodjenje_083/istrazivac_089.md'),
(84, 172, 'posmatrač tržišnih rundi i beleške o odstupanjima', '/beleske/izvodjenje_084/istrazivac_172.md'),
(84, 178, 'posmatrač tržišnih rundi i beleške o odstupanjima', '/beleske/izvodjenje_084/istrazivac_178.md'),
(85, 96, 'tehnička podrška i nadzor platforme', '/beleske/izvodjenje_085/istrazivac_096.md'),
(85, 91, 'instruktor za pravila igre i probnu rundu', '/beleske/izvodjenje_085/istrazivac_091.md'),
(86, 62, 'posmatrač tržišnih rundi i beleške o odstupanjima', '/beleske/izvodjenje_086/istrazivac_062.md'),
(86, 64, 'glavni izvođač sesije i kontakt sa učesnicima', '/beleske/izvodjenje_086/istrazivac_064.md'),
(87, 144, 'kontrolor kvaliteta podataka i eksport logova', '/beleske/izvodjenje_087/istrazivac_144.md'),
(87, 123, 'glavni izvođač sesije i kontakt sa učesnicima', '/beleske/izvodjenje_087/istrazivac_123.md'),
(88, 104, 'glavni izvođač sesije i kontakt sa učesnicima', '/beleske/izvodjenje_088/istrazivac_104.md'),
(88, 162, 'posmatrač tržišnih rundi i beleške o odstupanjima', '/beleske/izvodjenje_088/istrazivac_162.md'),
(89, 115, 'glavni izvođač sesije i kontakt sa učesnicima', '/beleske/izvodjenje_089/istrazivac_115.md'),
(89, 136, 'kontrolor kvaliteta podataka i eksport logova', '/beleske/izvodjenje_089/istrazivac_136.md'),
(90, 167, 'administrator isplata i evidencije prisustva', '/beleske/izvodjenje_090/istrazivac_167.md'),
(90, 62, 'instruktor za pravila igre i probnu rundu', '/beleske/izvodjenje_090/istrazivac_062.md'),
(91, 77, 'glavni izvođač sesije i kontakt sa učesnicima', '/beleske/izvodjenje_091/istrazivac_077.md'),
(91, 64, 'administrator isplata i evidencije prisustva', '/beleske/izvodjenje_091/istrazivac_064.md'),
(92, 96, 'instruktor za pravila igre i probnu rundu', '/beleske/izvodjenje_092/istrazivac_096.md'),
(92, 91, 'kontrolor kvaliteta podataka i eksport logova', '/beleske/izvodjenje_092/istrazivac_091.md'),
(93, 58, 'tehnička podrška i nadzor platforme', '/beleske/izvodjenje_093/istrazivac_058.md'),
(93, 175, 'posmatrač tržišnih rundi i beleške o odstupanjima', '/beleske/izvodjenje_093/istrazivac_175.md'),
(94, 80, 'glavni izvođač sesije i kontakt sa učesnicima', '/beleske/izvodjenje_094/istrazivac_080.md'),
(94, 69, 'tehnička podrška i nadzor platforme', '/beleske/izvodjenje_094/istrazivac_069.md'),
(95, 111, 'instruktor za pravila igre i probnu rundu', '/beleske/izvodjenje_095/istrazivac_111.md'),
(95, 164, 'tehnička podrška i nadzor platforme', '/beleske/izvodjenje_095/istrazivac_164.md'),
(96, 134, 'instruktor za pravila igre i probnu rundu', '/beleske/izvodjenje_096/istrazivac_134.md'),
(96, 158, 'instruktor za pravila igre i probnu rundu', '/beleske/izvodjenje_096/istrazivac_158.md'),
(97, 101, 'glavni izvođač sesije i kontakt sa učesnicima', '/beleske/izvodjenje_097/istrazivac_101.md'),
(97, 134, 'kontrolor kvaliteta podataka i eksport logova', '/beleske/izvodjenje_097/istrazivac_134.md'),
(98, 109, 'kontrolor kvaliteta podataka i eksport logova', '/beleske/izvodjenje_098/istrazivac_109.md'),
(98, 79, 'kontrolor kvaliteta podataka i eksport logova', '/beleske/izvodjenje_098/istrazivac_079.md'),
(99, 134, 'administrator isplata i evidencije prisustva', '/beleske/izvodjenje_099/istrazivac_134.md'),
(99, 109, 'posmatrač tržišnih rundi i beleške o odstupanjima', '/beleske/izvodjenje_099/istrazivac_109.md'),
(100, 76, 'instruktor za pravila igre i probnu rundu', '/beleske/izvodjenje_100/istrazivac_076.md'),
(100, 111, 'tehnička podrška i nadzor platforme', '/beleske/izvodjenje_100/istrazivac_111.md'),
(101, 156, 'administrator isplata i evidencije prisustva', '/beleske/izvodjenje_101/istrazivac_156.md'),
(101, 102, 'administrator isplata i evidencije prisustva', '/beleske/izvodjenje_101/istrazivac_102.md'),
(102, 147, 'kontrolor kvaliteta podataka i eksport logova', '/beleske/izvodjenje_102/istrazivac_147.md'),
(102, 107, 'administrator isplata i evidencije prisustva', '/beleske/izvodjenje_102/istrazivac_107.md'),
(103, 69, 'posmatrač tržišnih rundi i beleške o odstupanjima', '/beleske/izvodjenje_103/istrazivac_069.md'),
(103, 171, 'posmatrač tržišnih rundi i beleške o odstupanjima', '/beleske/izvodjenje_103/istrazivac_171.md'),
(104, 175, 'kontrolor kvaliteta podataka i eksport logova', '/beleske/izvodjenje_104/istrazivac_175.md'),
(104, 64, 'glavni izvođač sesije i kontakt sa učesnicima', '/beleske/izvodjenje_104/istrazivac_064.md'),
(105, 162, 'kontrolor kvaliteta podataka i eksport logova', '/beleske/izvodjenje_105/istrazivac_162.md'),
(105, 88, 'tehnička podrška i nadzor platforme', '/beleske/izvodjenje_105/istrazivac_088.md'),
(106, 106, 'instruktor za pravila igre i probnu rundu', '/beleske/izvodjenje_106/istrazivac_106.md'),
(106, 167, 'kontrolor kvaliteta podataka i eksport logova', '/beleske/izvodjenje_106/istrazivac_167.md'),
(107, 96, 'administrator isplata i evidencije prisustva', '/beleske/izvodjenje_107/istrazivac_096.md'),
(107, 150, 'administrator isplata i evidencije prisustva', '/beleske/izvodjenje_107/istrazivac_150.md'),
(108, 146, 'instruktor za pravila igre i probnu rundu', '/beleske/izvodjenje_108/istrazivac_146.md'),
(108, 85, 'tehnička podrška i nadzor platforme', '/beleske/izvodjenje_108/istrazivac_085.md'),
(109, 168, 'tehnička podrška i nadzor platforme', '/beleske/izvodjenje_109/istrazivac_168.md'),
(109, 100, 'administrator isplata i evidencije prisustva', '/beleske/izvodjenje_109/istrazivac_100.md'),
(110, 142, 'glavni izvođač sesije i kontakt sa učesnicima', '/beleske/izvodjenje_110/istrazivac_142.md'),
(110, 120, 'instruktor za pravila igre i probnu rundu', '/beleske/izvodjenje_110/istrazivac_120.md'),
(111, 102, 'kontrolor kvaliteta podataka i eksport logova', '/beleske/izvodjenje_111/istrazivac_102.md'),
(111, 136, 'tehnička podrška i nadzor platforme', '/beleske/izvodjenje_111/istrazivac_136.md'),
(112, 83, 'kontrolor kvaliteta podataka i eksport logova', '/beleske/izvodjenje_112/istrazivac_083.md'),
(112, 59, 'kontrolor kvaliteta podataka i eksport logova', '/beleske/izvodjenje_112/istrazivac_059.md'),
(113, 66, 'administrator isplata i evidencije prisustva', '/beleske/izvodjenje_113/istrazivac_066.md'),
(113, 122, 'tehnička podrška i nadzor platforme', '/beleske/izvodjenje_113/istrazivac_122.md'),
(114, 85, 'tehnička podrška i nadzor platforme', '/beleske/izvodjenje_114/istrazivac_085.md'),
(114, 79, 'tehnička podrška i nadzor platforme', '/beleske/izvodjenje_114/istrazivac_079.md'),
(115, 170, 'kontrolor kvaliteta podataka i eksport logova', '/beleske/izvodjenje_115/istrazivac_170.md'),
(115, 168, 'tehnička podrška i nadzor platforme', '/beleske/izvodjenje_115/istrazivac_168.md'),
(116, 158, 'posmatrač tržišnih rundi i beleške o odstupanjima', '/beleske/izvodjenje_116/istrazivac_158.md'),
(116, 94, 'glavni izvođač sesije i kontakt sa učesnicima', '/beleske/izvodjenje_116/istrazivac_094.md'),
(117, 138, 'kontrolor kvaliteta podataka i eksport logova', '/beleske/izvodjenje_117/istrazivac_138.md'),
(117, 107, 'instruktor za pravila igre i probnu rundu', '/beleske/izvodjenje_117/istrazivac_107.md'),
(118, 126, 'posmatrač tržišnih rundi i beleške o odstupanjima', '/beleske/izvodjenje_118/istrazivac_126.md'),
(118, 91, 'administrator isplata i evidencije prisustva', '/beleske/izvodjenje_118/istrazivac_091.md'),
(119, 94, 'kontrolor kvaliteta podataka i eksport logova', '/beleske/izvodjenje_119/istrazivac_094.md'),
(119, 109, 'glavni izvođač sesije i kontakt sa učesnicima', '/beleske/izvodjenje_119/istrazivac_109.md'),
(120, 73, 'tehnička podrška i nadzor platforme', '/beleske/izvodjenje_120/istrazivac_073.md'),
(120, 156, 'glavni izvođač sesije i kontakt sa učesnicima', '/beleske/izvodjenje_120/istrazivac_156.md'),
(121, 176, 'kontrolor kvaliteta podataka i eksport logova', '/beleske/izvodjenje_121/istrazivac_176.md'),
(121, 106, 'administrator isplata i evidencije prisustva', '/beleske/izvodjenje_121/istrazivac_106.md'),
(122, 172, 'glavni izvođač sesije i kontakt sa učesnicima', '/beleske/izvodjenje_122/istrazivac_172.md'),
(122, 169, 'kontrolor kvaliteta podataka i eksport logova', '/beleske/izvodjenje_122/istrazivac_169.md'),
(123, 122, 'administrator isplata i evidencije prisustva', '/beleske/izvodjenje_123/istrazivac_122.md'),
(123, 54, 'kontrolor kvaliteta podataka i eksport logova', '/beleske/izvodjenje_123/istrazivac_054.md'),
(124, 160, 'instruktor za pravila igre i probnu rundu', '/beleske/izvodjenje_124/istrazivac_160.md'),
(124, 114, 'posmatrač tržišnih rundi i beleške o odstupanjima', '/beleske/izvodjenje_124/istrazivac_114.md'),
(125, 114, 'administrator isplata i evidencije prisustva', '/beleske/izvodjenje_125/istrazivac_114.md'),
(125, 134, 'tehnička podrška i nadzor platforme', '/beleske/izvodjenje_125/istrazivac_134.md'),
(126, 162, 'glavni izvođač sesije i kontakt sa učesnicima', '/beleske/izvodjenje_126/istrazivac_162.md'),
(126, 107, 'administrator isplata i evidencije prisustva', '/beleske/izvodjenje_126/istrazivac_107.md'),
(127, 89, 'glavni izvođač sesije i kontakt sa učesnicima', '/beleske/izvodjenje_127/istrazivac_089.md'),
(127, 52, 'administrator isplata i evidencije prisustva', '/beleske/izvodjenje_127/istrazivac_052.md'),
(128, 157, 'kontrolor kvaliteta podataka i eksport logova', '/beleske/izvodjenje_128/istrazivac_157.md'),
(128, 62, 'posmatrač tržišnih rundi i beleške o odstupanjima', '/beleske/izvodjenje_128/istrazivac_062.md'),
(129, 61, 'posmatrač tržišnih rundi i beleške o odstupanjima', '/beleske/izvodjenje_129/istrazivac_061.md'),
(129, 171, 'glavni izvođač sesije i kontakt sa učesnicima', '/beleske/izvodjenje_129/istrazivac_171.md'),
(130, 180, 'posmatrač tržišnih rundi i beleške o odstupanjima', '/beleske/izvodjenje_130/istrazivac_180.md'),
(130, 59, 'kontrolor kvaliteta podataka i eksport logova', '/beleske/izvodjenje_130/istrazivac_059.md'),
(131, 159, 'instruktor za pravila igre i probnu rundu', '/beleske/izvodjenje_131/istrazivac_159.md'),
(131, 151, 'glavni izvođač sesije i kontakt sa učesnicima', '/beleske/izvodjenje_131/istrazivac_151.md'),
(132, 173, 'administrator isplata i evidencije prisustva', '/beleske/izvodjenje_132/istrazivac_173.md'),
(132, 76, 'posmatrač tržišnih rundi i beleške o odstupanjima', '/beleske/izvodjenje_132/istrazivac_076.md'),
(133, 166, 'administrator isplata i evidencije prisustva', '/beleske/izvodjenje_133/istrazivac_166.md'),
(133, 177, 'posmatrač tržišnih rundi i beleške o odstupanjima', '/beleske/izvodjenje_133/istrazivac_177.md'),
(134, 112, 'glavni izvođač sesije i kontakt sa učesnicima', '/beleske/izvodjenje_134/istrazivac_112.md'),
(134, 72, 'instruktor za pravila igre i probnu rundu', '/beleske/izvodjenje_134/istrazivac_072.md'),
(135, 54, 'kontrolor kvaliteta podataka i eksport logova', '/beleske/izvodjenje_135/istrazivac_054.md'),
(135, 155, 'instruktor za pravila igre i probnu rundu', '/beleske/izvodjenje_135/istrazivac_155.md'),
(136, 106, 'instruktor za pravila igre i probnu rundu', '/beleske/izvodjenje_136/istrazivac_106.md'),
(136, 84, 'posmatrač tržišnih rundi i beleške o odstupanjima', '/beleske/izvodjenje_136/istrazivac_084.md'),
(137, 142, 'kontrolor kvaliteta podataka i eksport logova', '/beleske/izvodjenje_137/istrazivac_142.md'),
(137, 126, 'administrator isplata i evidencije prisustva', '/beleske/izvodjenje_137/istrazivac_126.md'),
(138, 112, 'posmatrač tržišnih rundi i beleške o odstupanjima', '/beleske/izvodjenje_138/istrazivac_112.md'),
(138, 74, 'instruktor za pravila igre i probnu rundu', '/beleske/izvodjenje_138/istrazivac_074.md'),
(139, 55, 'instruktor za pravila igre i probnu rundu', '/beleske/izvodjenje_139/istrazivac_055.md'),
(139, 173, 'glavni izvođač sesije i kontakt sa učesnicima', '/beleske/izvodjenje_139/istrazivac_173.md'),
(140, 129, 'administrator isplata i evidencije prisustva', '/beleske/izvodjenje_140/istrazivac_129.md'),
(140, 92, 'posmatrač tržišnih rundi i beleške o odstupanjima', '/beleske/izvodjenje_140/istrazivac_092.md'),
(141, 168, 'kontrolor kvaliteta podataka i eksport logova', '/beleske/izvodjenje_141/istrazivac_168.md'),
(141, 57, 'glavni izvođač sesije i kontakt sa učesnicima', '/beleske/izvodjenje_141/istrazivac_057.md'),
(142, 167, 'kontrolor kvaliteta podataka i eksport logova', '/beleske/izvodjenje_142/istrazivac_167.md'),
(142, 169, 'administrator isplata i evidencije prisustva', '/beleske/izvodjenje_142/istrazivac_169.md'),
(143, 86, 'tehnička podrška i nadzor platforme', '/beleske/izvodjenje_143/istrazivac_086.md'),
(143, 154, 'kontrolor kvaliteta podataka i eksport logova', '/beleske/izvodjenje_143/istrazivac_154.md'),
(144, 98, 'instruktor za pravila igre i probnu rundu', '/beleske/izvodjenje_144/istrazivac_098.md'),
(144, 145, 'tehnička podrška i nadzor platforme', '/beleske/izvodjenje_144/istrazivac_145.md'),
(145, 169, 'instruktor za pravila igre i probnu rundu', '/beleske/izvodjenje_145/istrazivac_169.md'),
(145, 51, 'posmatrač tržišnih rundi i beleške o odstupanjima', '/beleske/izvodjenje_145/istrazivac_051.md'),
(146, 69, 'administrator isplata i evidencije prisustva', '/beleske/izvodjenje_146/istrazivac_069.md'),
(146, 149, 'tehnička podrška i nadzor platforme', '/beleske/izvodjenje_146/istrazivac_149.md'),
(147, 136, 'tehnička podrška i nadzor platforme', '/beleske/izvodjenje_147/istrazivac_136.md'),
(147, 59, 'instruktor za pravila igre i probnu rundu', '/beleske/izvodjenje_147/istrazivac_059.md'),
(148, 126, 'posmatrač tržišnih rundi i beleške o odstupanjima', '/beleske/izvodjenje_148/istrazivac_126.md'),
(148, 160, 'instruktor za pravila igre i probnu rundu', '/beleske/izvodjenje_148/istrazivac_160.md'),
(149, 120, 'administrator isplata i evidencije prisustva', '/beleske/izvodjenje_149/istrazivac_120.md'),
(149, 104, 'tehnička podrška i nadzor platforme', '/beleske/izvodjenje_149/istrazivac_104.md'),
(150, 71, 'administrator isplata i evidencije prisustva', '/beleske/izvodjenje_150/istrazivac_071.md'),
(150, 136, 'posmatrač tržišnih rundi i beleške o odstupanjima', '/beleske/izvodjenje_150/istrazivac_136.md'),
(151, 65, 'glavni izvođač sesije i kontakt sa učesnicima', '/beleske/izvodjenje_151/istrazivac_065.md'),
(151, 144, 'tehnička podrška i nadzor platforme', '/beleske/izvodjenje_151/istrazivac_144.md'),
(152, 64, 'glavni izvođač sesije i kontakt sa učesnicima', '/beleske/izvodjenje_152/istrazivac_064.md'),
(152, 79, 'kontrolor kvaliteta podataka i eksport logova', '/beleske/izvodjenje_152/istrazivac_079.md'),
(153, 149, 'instruktor za pravila igre i probnu rundu', '/beleske/izvodjenje_153/istrazivac_149.md'),
(153, 144, 'kontrolor kvaliteta podataka i eksport logova', '/beleske/izvodjenje_153/istrazivac_144.md'),
(154, 170, 'glavni izvođač sesije i kontakt sa učesnicima', '/beleske/izvodjenje_154/istrazivac_170.md'),
(154, 61, 'administrator isplata i evidencije prisustva', '/beleske/izvodjenje_154/istrazivac_061.md'),
(155, 144, 'administrator isplata i evidencije prisustva', '/beleske/izvodjenje_155/istrazivac_144.md'),
(155, 95, 'posmatrač tržišnih rundi i beleške o odstupanjima', '/beleske/izvodjenje_155/istrazivac_095.md'),
(156, 68, 'instruktor za pravila igre i probnu rundu', '/beleske/izvodjenje_156/istrazivac_068.md'),
(156, 103, 'tehnička podrška i nadzor platforme', '/beleske/izvodjenje_156/istrazivac_103.md'),
(157, 86, 'kontrolor kvaliteta podataka i eksport logova', '/beleske/izvodjenje_157/istrazivac_086.md'),
(157, 136, 'administrator isplata i evidencije prisustva', '/beleske/izvodjenje_157/istrazivac_136.md'),
(158, 112, 'glavni izvođač sesije i kontakt sa učesnicima', '/beleske/izvodjenje_158/istrazivac_112.md'),
(158, 80, 'posmatrač tržišnih rundi i beleške o odstupanjima', '/beleske/izvodjenje_158/istrazivac_080.md'),
(159, 173, 'instruktor za pravila igre i probnu rundu', '/beleske/izvodjenje_159/istrazivac_173.md'),
(159, 104, 'administrator isplata i evidencije prisustva', '/beleske/izvodjenje_159/istrazivac_104.md'),
(160, 108, 'posmatrač tržišnih rundi i beleške o odstupanjima', '/beleske/izvodjenje_160/istrazivac_108.md'),
(160, 133, 'administrator isplata i evidencije prisustva', '/beleske/izvodjenje_160/istrazivac_133.md'),
(161, 141, 'instruktor za pravila igre i probnu rundu', '/beleske/izvodjenje_161/istrazivac_141.md'),
(161, 119, 'posmatrač tržišnih rundi i beleške o odstupanjima', '/beleske/izvodjenje_161/istrazivac_119.md'),
(162, 179, 'administrator isplata i evidencije prisustva', '/beleske/izvodjenje_162/istrazivac_179.md'),
(162, 159, 'kontrolor kvaliteta podataka i eksport logova', '/beleske/izvodjenje_162/istrazivac_159.md'),
(163, 121, 'instruktor za pravila igre i probnu rundu', '/beleske/izvodjenje_163/istrazivac_121.md'),
(163, 64, 'administrator isplata i evidencije prisustva', '/beleske/izvodjenje_163/istrazivac_064.md'),
(164, 67, 'kontrolor kvaliteta podataka i eksport logova', '/beleske/izvodjenje_164/istrazivac_067.md'),
(164, 146, 'posmatrač tržišnih rundi i beleške o odstupanjima', '/beleske/izvodjenje_164/istrazivac_146.md'),
(165, 139, 'posmatrač tržišnih rundi i beleške o odstupanjima', '/beleske/izvodjenje_165/istrazivac_139.md'),
(165, 166, 'tehnička podrška i nadzor platforme', '/beleske/izvodjenje_165/istrazivac_166.md'),
(166, 175, 'administrator isplata i evidencije prisustva', '/beleske/izvodjenje_166/istrazivac_175.md'),
(166, 179, 'kontrolor kvaliteta podataka i eksport logova', '/beleske/izvodjenje_166/istrazivac_179.md'),
(167, 82, 'kontrolor kvaliteta podataka i eksport logova', '/beleske/izvodjenje_167/istrazivac_082.md'),
(167, 171, 'instruktor za pravila igre i probnu rundu', '/beleske/izvodjenje_167/istrazivac_171.md'),
(168, 125, 'administrator isplata i evidencije prisustva', '/beleske/izvodjenje_168/istrazivac_125.md'),
(168, 166, 'posmatrač tržišnih rundi i beleške o odstupanjima', '/beleske/izvodjenje_168/istrazivac_166.md'),
(169, 145, 'instruktor za pravila igre i probnu rundu', '/beleske/izvodjenje_169/istrazivac_145.md'),
(169, 67, 'instruktor za pravila igre i probnu rundu', '/beleske/izvodjenje_169/istrazivac_067.md'),
(170, 99, 'administrator isplata i evidencije prisustva', '/beleske/izvodjenje_170/istrazivac_099.md'),
(170, 168, 'instruktor za pravila igre i probnu rundu', '/beleske/izvodjenje_170/istrazivac_168.md'),
(171, 73, 'posmatrač tržišnih rundi i beleške o odstupanjima', '/beleske/izvodjenje_171/istrazivac_073.md'),
(171, 71, 'instruktor za pravila igre i probnu rundu', '/beleske/izvodjenje_171/istrazivac_071.md'),
(172, 151, 'administrator isplata i evidencije prisustva', '/beleske/izvodjenje_172/istrazivac_151.md'),
(172, 96, 'posmatrač tržišnih rundi i beleške o odstupanjima', '/beleske/izvodjenje_172/istrazivac_096.md'),
(173, 124, 'kontrolor kvaliteta podataka i eksport logova', '/beleske/izvodjenje_173/istrazivac_124.md'),
(173, 70, 'kontrolor kvaliteta podataka i eksport logova', '/beleske/izvodjenje_173/istrazivac_070.md'),
(174, 78, 'glavni izvođač sesije i kontakt sa učesnicima', '/beleske/izvodjenje_174/istrazivac_078.md'),
(174, 93, 'kontrolor kvaliteta podataka i eksport logova', '/beleske/izvodjenje_174/istrazivac_093.md'),
(175, 121, 'instruktor za pravila igre i probnu rundu', '/beleske/izvodjenje_175/istrazivac_121.md'),
(175, 79, 'instruktor za pravila igre i probnu rundu', '/beleske/izvodjenje_175/istrazivac_079.md'),
(176, 88, 'glavni izvođač sesije i kontakt sa učesnicima', '/beleske/izvodjenje_176/istrazivac_088.md'),
(176, 178, 'glavni izvođač sesije i kontakt sa učesnicima', '/beleske/izvodjenje_176/istrazivac_178.md'),
(177, 89, 'instruktor za pravila igre i probnu rundu', '/beleske/izvodjenje_177/istrazivac_089.md'),
(177, 103, 'posmatrač tržišnih rundi i beleške o odstupanjima', '/beleske/izvodjenje_177/istrazivac_103.md'),
(178, 56, 'glavni izvođač sesije i kontakt sa učesnicima', '/beleske/izvodjenje_178/istrazivac_056.md'),
(178, 126, 'posmatrač tržišnih rundi i beleške o odstupanjima', '/beleske/izvodjenje_178/istrazivac_126.md'),
(179, 157, 'glavni izvođač sesije i kontakt sa učesnicima', '/beleske/izvodjenje_179/istrazivac_157.md'),
(179, 84, 'administrator isplata i evidencije prisustva', '/beleske/izvodjenje_179/istrazivac_084.md'),
(180, 172, 'posmatrač tržišnih rundi i beleške o odstupanjima', '/beleske/izvodjenje_180/istrazivac_172.md'),
(180, 139, 'tehnička podrška i nadzor platforme', '/beleske/izvodjenje_180/istrazivac_139.md');

INSERT INTO Sesija (sesija_id, izvodjenje_id, datum, vreme_pocetka, vreme_zavrsetka, broj_prisutnih_ucesnika, runda_od, runda_do) VALUES
(1, 1, '2025-03-04', '09:00:00', '10:30:00', 38, 1, 5),
(2, 1, '2025-03-04', '11:00:00', '12:30:00', 40, 6, 10),
(3, 1, '2025-03-04', '14:00:00', '15:30:00', 59, 11, 15),
(4, 2, '2025-03-05', '09:00:00', '10:30:00', 53, 1, 8),
(5, 2, '2025-03-05', '11:00:00', '12:30:00', 13, 9, 16),
(6, 2, '2025-03-05', '14:00:00', '15:30:00', 30, 17, 22),
(7, 3, '2025-03-06', '09:00:00', '10:30:00', 36, 1, 4),
(8, 3, '2025-03-06', '11:00:00', '12:30:00', 20, 5, 8),
(9, 3, '2025-03-06', '14:00:00', '15:30:00', 14, 9, 10),
(10, 4, '2025-03-07', '09:00:00', '10:30:00', 25, 1, 4),
(11, 4, '2025-03-07', '11:00:00', '12:30:00', 24, 5, 8),
(12, 4, '2025-03-07', '14:00:00', '15:30:00', 15, 9, 12),
(13, 5, '2025-03-10', '09:00:00', '10:30:00', 78, 1, 2),
(14, 5, '2025-03-10', '11:00:00', '12:30:00', 54, 3, 4),
(15, 5, '2025-03-10', '14:00:00', '15:30:00', 64, 5, 6),
(16, 6, '2025-03-11', '09:00:00', '10:30:00', 86, 1, 4),
(17, 6, '2025-03-11', '11:00:00', '12:30:00', 55, 5, 8),
(18, 6, '2025-03-11', '14:00:00', '15:30:00', 53, 9, 10),
(19, 7, '2025-03-12', '09:00:00', '10:30:00', 74, 1, 8),
(20, 7, '2025-03-12', '11:00:00', '12:30:00', 68, 9, 16),
(21, 7, '2025-03-12', '14:00:00', '15:30:00', 70, 17, 22),
(22, 8, '2025-03-13', '09:00:00', '10:30:00', 31, 1, 3),
(23, 8, '2025-03-13', '11:00:00', '12:30:00', 48, 4, 6),
(24, 8, '2025-03-13', '14:00:00', '15:30:00', 20, 7, 7),
(25, 9, '2025-03-14', '09:00:00', '10:30:00', 21, 1, 8),
(26, 9, '2025-03-14', '11:00:00', '12:30:00', 17, 9, 16),
(27, 9, '2025-03-14', '14:00:00', '15:30:00', 20, 17, 23),
(28, 10, '2025-03-17', '09:00:00', '10:30:00', 15, 1, 3),
(29, 10, '2025-03-17', '11:00:00', '12:30:00', 19, 4, 6),
(30, 10, '2025-03-17', '14:00:00', '15:30:00', 17, 7, 7),
(31, 11, '2025-03-18', '09:00:00', '10:30:00', 48, 1, 2),
(32, 11, '2025-03-18', '11:00:00', '12:30:00', 18, 3, 4),
(33, 11, '2025-03-18', '14:00:00', '15:30:00', 30, 5, 6),
(34, 12, '2025-03-19', '09:00:00', '10:30:00', 23, 1, 7),
(35, 12, '2025-03-19', '11:00:00', '12:30:00', 21, 8, 14),
(36, 12, '2025-03-19', '14:00:00', '15:30:00', 26, 15, 20),
(37, 13, '2025-03-20', '09:00:00', '10:30:00', 33, 1, 7),
(38, 13, '2025-03-20', '11:00:00', '12:30:00', 32, 8, 14),
(39, 13, '2025-03-20', '14:00:00', '15:30:00', 48, 15, 21),
(40, 14, '2025-03-21', '09:00:00', '10:30:00', 17, 1, 2),
(41, 14, '2025-03-21', '11:00:00', '12:30:00', 17, 3, 4),
(42, 14, '2025-03-21', '14:00:00', '15:30:00', 38, 5, 6),
(43, 15, '2025-03-24', '09:00:00', '10:30:00', 34, 1, 8),
(44, 15, '2025-03-24', '11:00:00', '12:30:00', 34, 9, 16),
(45, 15, '2025-03-24', '14:00:00', '15:30:00', 40, 17, 22),
(46, 16, '2025-03-25', '09:00:00', '10:30:00', 54, 1, 4),
(47, 16, '2025-03-25', '11:00:00', '12:30:00', 62, 5, 8),
(48, 16, '2025-03-25', '14:00:00', '15:30:00', 21, 9, 10),
(49, 17, '2025-03-26', '09:00:00', '10:30:00', 22, 1, 3),
(50, 17, '2025-03-26', '11:00:00', '12:30:00', 27, 4, 6),
(51, 17, '2025-03-26', '14:00:00', '15:30:00', 19, 7, 9),
(52, 18, '2025-03-27', '09:00:00', '10:30:00', 13, 1, 4),
(53, 18, '2025-03-27', '11:00:00', '12:30:00', 22, 5, 8),
(54, 18, '2025-03-27', '14:00:00', '15:30:00', 30, 9, 12),
(55, 19, '2025-03-28', '09:00:00', '10:30:00', 20, 1, 4),
(56, 19, '2025-03-28', '11:00:00', '12:30:00', 40, 5, 8),
(57, 19, '2025-03-28', '14:00:00', '15:30:00', 28, 9, 12),
(58, 20, '2025-03-31', '09:00:00', '10:30:00', 17, 1, 4),
(59, 20, '2025-03-31', '11:00:00', '12:30:00', 14, 5, 8),
(60, 20, '2025-03-31', '14:00:00', '15:30:00', 15, 9, 11),
(61, 21, '2025-04-01', '09:00:00', '10:30:00', 83, 1, 4),
(62, 21, '2025-04-01', '11:00:00', '12:30:00', 16, 5, 8),
(63, 21, '2025-04-01', '14:00:00', '15:30:00', 52, 9, 12),
(64, 22, '2025-04-02', '09:00:00', '10:30:00', 34, 1, 5),
(65, 22, '2025-04-02', '11:00:00', '12:30:00', 21, 6, 10),
(66, 22, '2025-04-02', '14:00:00', '15:30:00', 35, 11, 13),
(67, 23, '2025-04-03', '09:00:00', '10:30:00', 69, 1, 3),
(68, 23, '2025-04-03', '11:00:00', '12:30:00', 81, 4, 6),
(69, 23, '2025-04-03', '14:00:00', '15:30:00', 32, 7, 9),
(70, 24, '2025-04-04', '09:00:00', '10:30:00', 16, 1, 4),
(71, 24, '2025-04-04', '11:00:00', '12:30:00', 13, 5, 8),
(72, 24, '2025-04-04', '14:00:00', '15:30:00', 12, 9, 10),
(73, 25, '2025-04-07', '09:00:00', '10:30:00', 63, 1, 3),
(74, 25, '2025-04-07', '11:00:00', '12:30:00', 75, 4, 6),
(75, 25, '2025-04-07', '14:00:00', '15:30:00', 30, 7, 9),
(76, 26, '2025-04-08', '09:00:00', '10:30:00', 41, 1, 7),
(77, 26, '2025-04-08', '11:00:00', '12:30:00', 71, 8, 14),
(78, 26, '2025-04-08', '14:00:00', '15:30:00', 32, 15, 20),
(79, 27, '2025-04-09', '09:00:00', '10:30:00', 16, 1, 7),
(80, 27, '2025-04-09', '11:00:00', '12:30:00', 12, 8, 14),
(81, 27, '2025-04-09', '14:00:00', '15:30:00', 35, 15, 20),
(82, 28, '2025-04-10', '09:00:00', '10:30:00', 81, 1, 5),
(83, 28, '2025-04-10', '11:00:00', '12:30:00', 76, 6, 10),
(84, 28, '2025-04-10', '14:00:00', '15:30:00', 54, 11, 15),
(85, 29, '2025-04-11', '09:00:00', '10:30:00', 21, 1, 7),
(86, 29, '2025-04-11', '11:00:00', '12:30:00', 27, 8, 14),
(87, 29, '2025-04-11', '14:00:00', '15:30:00', 21, 15, 19),
(88, 30, '2025-04-14', '09:00:00', '10:30:00', 85, 1, 3),
(89, 30, '2025-04-14', '11:00:00', '12:30:00', 30, 4, 6),
(90, 30, '2025-04-14', '14:00:00', '15:30:00', 84, 7, 7),
(91, 31, '2025-04-15', '09:00:00', '10:30:00', 40, 1, 4),
(92, 31, '2025-04-15', '11:00:00', '12:30:00', 33, 5, 8),
(93, 31, '2025-04-15', '14:00:00', '15:30:00', 19, 9, 11),
(94, 32, '2025-04-16', '09:00:00', '10:30:00', 58, 1, 5),
(95, 32, '2025-04-16', '11:00:00', '12:30:00', 42, 6, 10),
(96, 32, '2025-04-16', '14:00:00', '15:30:00', 14, 11, 14),
(97, 33, '2025-04-17', '09:00:00', '10:30:00', 20, 1, 6),
(98, 33, '2025-04-17', '11:00:00', '12:30:00', 47, 7, 12),
(99, 33, '2025-04-17', '14:00:00', '15:30:00', 19, 13, 16),
(100, 34, '2025-04-18', '09:00:00', '10:30:00', 51, 1, 7),
(101, 34, '2025-04-18', '11:00:00', '12:30:00', 15, 8, 14),
(102, 34, '2025-04-18', '14:00:00', '15:30:00', 63, 15, 20),
(103, 35, '2025-04-21', '09:00:00', '10:30:00', 40, 1, 7),
(104, 35, '2025-04-21', '11:00:00', '12:30:00', 69, 8, 14),
(105, 35, '2025-04-21', '14:00:00', '15:30:00', 57, 15, 21),
(106, 36, '2025-04-22', '09:00:00', '10:30:00', 17, 1, 4),
(107, 36, '2025-04-22', '11:00:00', '12:30:00', 32, 5, 8),
(108, 36, '2025-04-22', '14:00:00', '15:30:00', 15, 9, 11),
(109, 37, '2025-04-23', '09:00:00', '10:30:00', 89, 1, 3),
(110, 37, '2025-04-23', '11:00:00', '12:30:00', 94, 4, 6),
(111, 37, '2025-04-23', '14:00:00', '15:30:00', 36, 7, 7),
(112, 38, '2025-04-24', '09:00:00', '10:30:00', 49, 1, 7),
(113, 38, '2025-04-24', '11:00:00', '12:30:00', 45, 8, 14),
(114, 38, '2025-04-24', '14:00:00', '15:30:00', 26, 15, 19),
(115, 39, '2025-04-25', '09:00:00', '10:30:00', 29, 1, 8),
(116, 39, '2025-04-25', '11:00:00', '12:30:00', 24, 9, 16),
(117, 39, '2025-04-25', '14:00:00', '15:30:00', 13, 17, 24),
(118, 40, '2025-04-28', '09:00:00', '10:30:00', 13, 1, 6),
(119, 40, '2025-04-28', '11:00:00', '12:30:00', 20, 7, 12),
(120, 40, '2025-04-28', '14:00:00', '15:30:00', 19, 13, 18),
(121, 41, '2025-04-29', '09:00:00', '10:30:00', 17, 1, 4),
(122, 41, '2025-04-29', '11:00:00', '12:30:00', 44, 5, 8),
(123, 41, '2025-04-29', '14:00:00', '15:30:00', 37, 9, 10),
(124, 42, '2025-04-30', '09:00:00', '10:30:00', 15, 1, 7),
(125, 42, '2025-04-30', '11:00:00', '12:30:00', 19, 8, 14),
(126, 42, '2025-04-30', '14:00:00', '15:30:00', 17, 15, 19),
(127, 43, '2025-05-01', '09:00:00', '10:30:00', 50, 1, 6),
(128, 43, '2025-05-01', '11:00:00', '12:30:00', 50, 7, 12),
(129, 43, '2025-05-01', '14:00:00', '15:30:00', 44, 13, 16),
(130, 44, '2025-05-02', '09:00:00', '10:30:00', 19, 1, 8),
(131, 44, '2025-05-02', '11:00:00', '12:30:00', 58, 9, 16),
(132, 44, '2025-05-02', '14:00:00', '15:30:00', 62, 17, 24),
(133, 45, '2025-05-05', '09:00:00', '10:30:00', 16, 1, 6),
(134, 45, '2025-05-05', '11:00:00', '12:30:00', 25, 7, 12),
(135, 45, '2025-05-05', '14:00:00', '15:30:00', 23, 13, 16),
(136, 46, '2025-05-06', '09:00:00', '10:30:00', 36, 1, 3),
(137, 46, '2025-05-06', '11:00:00', '12:30:00', 35, 4, 6),
(138, 46, '2025-05-06', '14:00:00', '15:30:00', 12, 7, 9),
(139, 47, '2025-05-07', '09:00:00', '10:30:00', 30, 1, 7),
(140, 47, '2025-05-07', '11:00:00', '12:30:00', 34, 8, 14),
(141, 47, '2025-05-07', '14:00:00', '15:30:00', 34, 15, 21),
(142, 48, '2025-05-08', '09:00:00', '10:30:00', 31, 1, 6),
(143, 48, '2025-05-08', '11:00:00', '12:30:00', 40, 7, 12),
(144, 48, '2025-05-08', '14:00:00', '15:30:00', 47, 13, 18),
(145, 49, '2025-05-09', '09:00:00', '10:30:00', 17, 1, 3),
(146, 49, '2025-05-09', '11:00:00', '12:30:00', 25, 4, 6),
(147, 49, '2025-05-09', '14:00:00', '15:30:00', 58, 7, 7),
(148, 50, '2025-05-12', '09:00:00', '10:30:00', 26, 1, 7),
(149, 50, '2025-05-12', '11:00:00', '12:30:00', 25, 8, 14),
(150, 50, '2025-05-12', '14:00:00', '15:30:00', 26, 15, 21),
(151, 51, '2025-05-13', '09:00:00', '10:30:00', 30, 1, 7),
(152, 51, '2025-05-13', '11:00:00', '12:30:00', 22, 8, 14),
(153, 51, '2025-05-13', '14:00:00', '15:30:00', 39, 15, 21),
(154, 52, '2025-05-14', '09:00:00', '10:30:00', 58, 1, 5),
(155, 52, '2025-05-14', '11:00:00', '12:30:00', 69, 6, 10),
(156, 52, '2025-05-14', '14:00:00', '15:30:00', 38, 11, 14),
(157, 53, '2025-05-15', '09:00:00', '10:30:00', 29, 1, 6),
(158, 53, '2025-05-15', '11:00:00', '12:30:00', 23, 7, 12),
(159, 53, '2025-05-15', '14:00:00', '15:30:00', 30, 13, 18),
(160, 54, '2025-05-16', '09:00:00', '10:30:00', 15, 1, 7),
(161, 54, '2025-05-16', '11:00:00', '12:30:00', 16, 8, 14),
(162, 54, '2025-05-16', '14:00:00', '15:30:00', 19, 15, 20),
(163, 55, '2025-05-19', '09:00:00', '10:30:00', 28, 1, 3),
(164, 55, '2025-05-19', '11:00:00', '12:30:00', 22, 4, 6),
(165, 55, '2025-05-19', '14:00:00', '15:30:00', 14, 7, 8),
(166, 56, '2025-05-20', '09:00:00', '10:30:00', 60, 1, 3),
(167, 56, '2025-05-20', '11:00:00', '12:30:00', 23, 4, 6),
(168, 56, '2025-05-20', '14:00:00', '15:30:00', 12, 7, 9),
(169, 57, '2025-05-21', '09:00:00', '10:30:00', 64, 1, 2),
(170, 57, '2025-05-21', '11:00:00', '12:30:00', 46, 3, 4),
(171, 57, '2025-05-21', '14:00:00', '15:30:00', 65, 5, 6),
(172, 58, '2025-05-22', '09:00:00', '10:30:00', 14, 1, 8),
(173, 58, '2025-05-22', '11:00:00', '12:30:00', 20, 9, 16),
(174, 58, '2025-05-22', '14:00:00', '15:30:00', 19, 17, 23),
(175, 59, '2025-05-23', '09:00:00', '10:30:00', 20, 1, 5),
(176, 59, '2025-05-23', '11:00:00', '12:30:00', 24, 6, 10),
(177, 59, '2025-05-23', '14:00:00', '15:30:00', 23, 11, 15),
(178, 60, '2025-05-26', '09:00:00', '10:30:00', 36, 1, 7),
(179, 60, '2025-05-26', '11:00:00', '12:30:00', 30, 8, 14),
(180, 60, '2025-05-26', '14:00:00', '15:30:00', 47, 15, 20),
(181, 61, '2025-05-27', '09:00:00', '10:30:00', 19, 1, 3),
(182, 61, '2025-05-27', '11:00:00', '12:30:00', 12, 4, 6),
(183, 61, '2025-05-27', '14:00:00', '15:30:00', 16, 7, 7),
(184, 62, '2025-05-28', '09:00:00', '10:30:00', 31, 1, 8),
(185, 62, '2025-05-28', '11:00:00', '12:30:00', 43, 9, 16),
(186, 62, '2025-05-28', '14:00:00', '15:30:00', 41, 17, 23),
(187, 63, '2025-05-29', '09:00:00', '10:30:00', 40, 1, 6),
(188, 63, '2025-05-29', '11:00:00', '12:30:00', 15, 7, 12),
(189, 63, '2025-05-29', '14:00:00', '15:30:00', 12, 13, 17),
(190, 64, '2025-05-30', '09:00:00', '10:30:00', 16, 1, 5),
(191, 64, '2025-05-30', '11:00:00', '12:30:00', 20, 6, 10),
(192, 64, '2025-05-30', '14:00:00', '15:30:00', 21, 11, 13),
(193, 65, '2025-06-02', '09:00:00', '10:30:00', 42, 1, 5),
(194, 65, '2025-06-02', '11:00:00', '12:30:00', 19, 6, 10),
(195, 65, '2025-06-02', '14:00:00', '15:30:00', 30, 11, 15),
(196, 66, '2025-06-03', '09:00:00', '10:30:00', 65, 1, 3),
(197, 66, '2025-06-03', '11:00:00', '12:30:00', 34, 4, 6),
(198, 66, '2025-06-03', '14:00:00', '15:30:00', 74, 7, 9),
(199, 67, '2025-06-04', '09:00:00', '10:30:00', 43, 1, 4),
(200, 67, '2025-06-04', '11:00:00', '12:30:00', 15, 5, 8),
(201, 67, '2025-06-04', '14:00:00', '15:30:00', 27, 9, 10),
(202, 68, '2025-06-05', '09:00:00', '10:30:00', 60, 1, 7),
(203, 68, '2025-06-05', '11:00:00', '12:30:00', 29, 8, 14),
(204, 68, '2025-06-05', '14:00:00', '15:30:00', 43, 15, 19),
(205, 69, '2025-06-06', '09:00:00', '10:30:00', 16, 1, 4),
(206, 69, '2025-06-06', '11:00:00', '12:30:00', 50, 5, 8),
(207, 69, '2025-06-06', '14:00:00', '15:30:00', 35, 9, 12),
(208, 70, '2025-06-09', '09:00:00', '10:30:00', 27, 1, 7),
(209, 70, '2025-06-09', '11:00:00', '12:30:00', 25, 8, 14),
(210, 70, '2025-06-09', '14:00:00', '15:30:00', 20, 15, 20),
(211, 71, '2025-06-10', '09:00:00', '10:30:00', 52, 1, 8),
(212, 71, '2025-06-10', '11:00:00', '12:30:00', 55, 9, 16),
(213, 72, '2025-06-11', '09:00:00', '10:30:00', 72, 1, 12),
(214, 72, '2025-06-11', '11:00:00', '12:30:00', 27, 13, 24),
(215, 73, '2025-06-12', '09:00:00', '10:30:00', 35, 1, 12),
(216, 73, '2025-06-12', '11:00:00', '12:30:00', 44, 13, 24),
(217, 74, '2025-06-13', '09:00:00', '10:30:00', 13, 1, 11),
(218, 74, '2025-06-13', '11:00:00', '12:30:00', 28, 12, 21),
(219, 75, '2025-06-16', '09:00:00', '10:30:00', 22, 1, 12),
(220, 75, '2025-06-16', '11:00:00', '12:30:00', 49, 13, 23),
(221, 76, '2025-06-17', '09:00:00', '10:30:00', 19, 1, 11),
(222, 76, '2025-06-17', '11:00:00', '12:30:00', 30, 12, 22),
(223, 77, '2025-06-18', '09:00:00', '10:30:00', 17, 1, 6),
(224, 77, '2025-06-18', '11:00:00', '12:30:00', 19, 7, 11),
(225, 78, '2025-06-19', '09:00:00', '10:30:00', 34, 1, 9),
(226, 78, '2025-06-19', '11:00:00', '12:30:00', 16, 10, 18),
(227, 79, '2025-06-20', '09:00:00', '10:30:00', 57, 1, 8),
(228, 79, '2025-06-20', '11:00:00', '12:30:00', 32, 9, 16),
(229, 80, '2025-06-23', '09:00:00', '10:30:00', 15, 1, 7),
(230, 80, '2025-06-23', '11:00:00', '12:30:00', 29, 8, 13),
(231, 81, '2025-06-24', '09:00:00', '10:30:00', 35, 1, 10),
(232, 81, '2025-06-24', '11:00:00', '12:30:00', 38, 11, 20),
(233, 82, '2025-06-25', '09:00:00', '10:30:00', 52, 1, 11),
(234, 82, '2025-06-25', '11:00:00', '12:30:00', 34, 12, 22),
(235, 83, '2025-06-26', '09:00:00', '10:30:00', 15, 1, 8),
(236, 83, '2025-06-26', '11:00:00', '12:30:00', 30, 9, 16),
(237, 84, '2025-06-27', '09:00:00', '10:30:00', 49, 1, 6),
(238, 84, '2025-06-27', '11:00:00', '12:30:00', 21, 7, 12),
(239, 85, '2025-06-30', '09:00:00', '10:30:00', 77, 1, 9),
(240, 85, '2025-06-30', '11:00:00', '12:30:00', 36, 10, 17),
(241, 86, '2025-07-01', '09:00:00', '10:30:00', 35, 1, 6),
(242, 86, '2025-07-01', '11:00:00', '12:30:00', 24, 7, 11),
(243, 87, '2025-07-02', '09:00:00', '10:30:00', 50, 1, 8),
(244, 87, '2025-07-02', '11:00:00', '12:30:00', 60, 9, 16),
(245, 88, '2025-07-03', '09:00:00', '10:30:00', 13, 1, 11),
(246, 88, '2025-07-03', '11:00:00', '12:30:00', 16, 12, 21),
(247, 89, '2025-07-04', '09:00:00', '10:30:00', 32, 1, 12),
(248, 89, '2025-07-04', '11:00:00', '12:30:00', 32, 13, 23),
(249, 90, '2025-07-07', '09:00:00', '10:30:00', 50, 1, 11),
(250, 90, '2025-07-07', '11:00:00', '12:30:00', 46, 12, 22),
(251, 91, '2025-07-08', '09:00:00', '10:30:00', 55, 1, 4),
(252, 91, '2025-07-08', '11:00:00', '12:30:00', 56, 5, 7),
(253, 92, '2025-07-09', '09:00:00', '10:30:00', 58, 1, 6),
(254, 92, '2025-07-09', '11:00:00', '12:30:00', 24, 7, 11),
(255, 93, '2025-07-10', '09:00:00', '10:30:00', 46, 1, 5),
(256, 93, '2025-07-10', '11:00:00', '12:30:00', 49, 6, 10),
(257, 94, '2025-07-11', '09:00:00', '10:30:00', 34, 1, 8),
(258, 94, '2025-07-11', '11:00:00', '12:30:00', 21, 9, 15),
(259, 95, '2025-07-14', '09:00:00', '10:30:00', 12, 1, 9),
(260, 95, '2025-07-14', '11:00:00', '12:30:00', 20, 10, 17),
(261, 96, '2025-07-15', '09:00:00', '10:30:00', 78, 1, 12),
(262, 96, '2025-07-15', '11:00:00', '12:30:00', 48, 13, 23),
(263, 97, '2025-07-16', '09:00:00', '10:30:00', 17, 1, 12),
(264, 97, '2025-07-16', '11:00:00', '12:30:00', 24, 13, 23),
(265, 98, '2025-07-17', '09:00:00', '10:30:00', 74, 1, 8),
(266, 98, '2025-07-17', '11:00:00', '12:30:00', 64, 9, 15),
(267, 99, '2025-07-18', '09:00:00', '10:30:00', 33, 1, 9),
(268, 99, '2025-07-18', '11:00:00', '12:30:00', 22, 10, 18),
(269, 100, '2025-07-21', '09:00:00', '10:30:00', 13, 1, 12),
(270, 100, '2025-07-21', '11:00:00', '12:30:00', 15, 13, 23),
(271, 101, '2025-07-22', '09:00:00', '10:30:00', 21, 1, 6),
(272, 101, '2025-07-22', '11:00:00', '12:30:00', 44, 7, 12),
(273, 102, '2025-07-23', '09:00:00', '10:30:00', 26, 1, 7),
(274, 102, '2025-07-23', '11:00:00', '12:30:00', 65, 8, 13),
(275, 103, '2025-07-24', '09:00:00', '10:30:00', 15, 1, 9),
(276, 103, '2025-07-24', '11:00:00', '12:30:00', 20, 10, 17),
(277, 104, '2025-07-25', '09:00:00', '10:30:00', 90, 1, 6),
(278, 104, '2025-07-25', '11:00:00', '12:30:00', 79, 7, 12),
(279, 105, '2025-07-28', '09:00:00', '10:30:00', 46, 1, 10),
(280, 105, '2025-07-28', '11:00:00', '12:30:00', 57, 11, 20),
(281, 106, '2025-07-29', '09:00:00', '10:30:00', 19, 1, 6),
(282, 106, '2025-07-29', '11:00:00', '12:30:00', 38, 7, 11),
(283, 107, '2025-07-30', '09:00:00', '10:30:00', 70, 1, 5),
(284, 107, '2025-07-30', '11:00:00', '12:30:00', 21, 6, 9),
(285, 108, '2025-07-31', '09:00:00', '10:30:00', 19, 1, 12),
(286, 108, '2025-07-31', '11:00:00', '12:30:00', 20, 13, 23),
(287, 109, '2025-08-01', '09:00:00', '10:30:00', 12, 1, 7),
(288, 109, '2025-08-01', '11:00:00', '12:30:00', 27, 8, 14),
(289, 110, '2025-08-04', '09:00:00', '10:30:00', 56, 1, 5),
(290, 110, '2025-08-04', '11:00:00', '12:30:00', 51, 6, 10),
(291, 111, '2025-08-05', '09:00:00', '10:30:00', 23, 1, 4),
(292, 111, '2025-08-05', '11:00:00', '12:30:00', 16, 5, 7),
(293, 112, '2025-08-06', '09:00:00', '10:30:00', 40, 1, 8),
(294, 112, '2025-08-06', '11:00:00', '12:30:00', 50, 9, 15),
(295, 113, '2025-08-07', '09:00:00', '10:30:00', 78, 1, 9),
(296, 113, '2025-08-07', '11:00:00', '12:30:00', 55, 10, 17),
(297, 114, '2025-08-08', '09:00:00', '10:30:00', 17, 1, 11),
(298, 114, '2025-08-08', '11:00:00', '12:30:00', 34, 12, 22),
(299, 115, '2025-08-11', '09:00:00', '10:30:00', 31, 1, 4),
(300, 115, '2025-08-11', '11:00:00', '12:30:00', 13, 5, 8),
(301, 116, '2025-08-12', '09:00:00', '10:30:00', 19, 1, 12),
(302, 116, '2025-08-12', '11:00:00', '12:30:00', 26, 13, 23),
(303, 117, '2025-08-13', '09:00:00', '10:30:00', 20, 1, 7),
(304, 117, '2025-08-13', '11:00:00', '12:30:00', 56, 8, 13),
(305, 118, '2025-08-14', '09:00:00', '10:30:00', 21, 1, 8),
(306, 118, '2025-08-14', '11:00:00', '12:30:00', 56, 9, 16),
(307, 119, '2025-08-15', '09:00:00', '10:30:00', 41, 1, 11),
(308, 119, '2025-08-15', '11:00:00', '12:30:00', 51, 12, 22),
(309, 120, '2025-08-18', '09:00:00', '10:30:00', 16, 1, 3),
(310, 120, '2025-08-18', '11:00:00', '12:30:00', 18, 4, 6),
(311, 121, '2025-08-19', '09:00:00', '10:30:00', 28, 1, 7),
(312, 121, '2025-08-19', '11:00:00', '12:30:00', 22, 8, 13),
(313, 122, '2025-08-20', '09:00:00', '10:30:00', 25, 1, 7),
(314, 122, '2025-08-20', '11:00:00', '12:30:00', 15, 8, 13),
(315, 123, '2025-08-21', '09:00:00', '10:30:00', 14, 1, 8),
(316, 123, '2025-08-21', '11:00:00', '12:30:00', 12, 9, 16),
(317, 124, '2025-08-22', '09:00:00', '10:30:00', 61, 1, 9),
(318, 124, '2025-08-22', '11:00:00', '12:30:00', 42, 10, 18),
(319, 125, '2025-08-25', '09:00:00', '10:30:00', 60, 1, 3),
(320, 125, '2025-08-25', '11:00:00', '12:30:00', 39, 4, 6),
(321, 126, '2025-08-26', '09:00:00', '10:30:00', 13, 1, 11),
(322, 126, '2025-08-26', '11:00:00', '12:30:00', 18, 12, 22),
(323, 127, '2025-08-27', '09:00:00', '10:30:00', 18, 1, 4),
(324, 127, '2025-08-27', '11:00:00', '12:30:00', 14, 5, 7),
(325, 128, '2025-08-28', '09:00:00', '10:30:00', 77, 1, 8),
(326, 128, '2025-08-28', '11:00:00', '12:30:00', 87, 9, 16),
(327, 129, '2025-08-29', '09:00:00', '10:30:00', 19, 1, 12),
(328, 129, '2025-08-29', '11:00:00', '12:30:00', 72, 13, 23),
(329, 130, '2025-09-01', '09:00:00', '10:30:00', 15, 1, 6),
(330, 130, '2025-09-01', '11:00:00', '12:30:00', 41, 7, 12),
(331, 131, '2025-09-02', '09:00:00', '10:30:00', 44, 1, 5),
(332, 131, '2025-09-02', '11:00:00', '12:30:00', 17, 6, 9),
(333, 132, '2025-09-03', '09:00:00', '10:30:00', 14, 1, 4),
(334, 132, '2025-09-03', '11:00:00', '12:30:00', 21, 5, 8),
(335, 133, '2025-09-04', '09:00:00', '10:30:00', 22, 1, 10),
(336, 133, '2025-09-04', '11:00:00', '12:30:00', 12, 11, 20),
(337, 134, '2025-09-05', '09:00:00', '10:30:00', 18, 1, 4),
(338, 134, '2025-09-05', '11:00:00', '12:30:00', 19, 5, 8),
(339, 135, '2025-09-08', '09:00:00', '10:30:00', 31, 1, 4),
(340, 135, '2025-09-08', '11:00:00', '12:30:00', 18, 5, 8),
(341, 136, '2025-09-09', '09:00:00', '10:30:00', 30, 1, 7),
(342, 136, '2025-09-09', '11:00:00', '12:30:00', 18, 8, 14),
(343, 137, '2025-09-10', '09:00:00', '10:30:00', 17, 1, 9),
(344, 137, '2025-09-10', '11:00:00', '12:30:00', 23, 10, 18),
(345, 138, '2025-09-11', '09:00:00', '10:30:00', 13, 1, 5),
(346, 138, '2025-09-11', '11:00:00', '12:30:00', 17, 6, 9),
(347, 139, '2025-09-12', '09:00:00', '10:30:00', 21, 1, 4),
(348, 139, '2025-09-12', '11:00:00', '12:30:00', 66, 5, 8),
(349, 140, '2025-09-15', '09:00:00', '10:30:00', 47, 1, 4),
(350, 140, '2025-09-15', '11:00:00', '12:30:00', 56, 5, 8),
(351, 141, '2025-09-16', '09:00:00', '10:30:00', 17, 1, 8),
(352, 141, '2025-09-16', '11:00:00', '12:30:00', 14, 9, 15),
(353, 142, '2025-09-17', '09:00:00', '10:30:00', 44, 1, 4),
(354, 142, '2025-09-17', '11:00:00', '12:30:00', 61, 5, 8),
(355, 143, '2025-09-18', '09:00:00', '10:30:00', 58, 1, 9),
(356, 143, '2025-09-18', '11:00:00', '12:30:00', 51, 10, 18),
(357, 144, '2025-09-19', '09:00:00', '10:30:00', 42, 1, 6),
(358, 144, '2025-09-19', '11:00:00', '12:30:00', 76, 7, 11),
(359, 145, '2025-09-22', '09:00:00', '10:30:00', 16, 1, 9),
(360, 145, '2025-09-22', '11:00:00', '12:30:00', 12, 10, 18),
(361, 146, '2025-09-23', '09:00:00', '10:30:00', 18, 1, 5),
(362, 146, '2025-09-23', '11:00:00', '12:30:00', 49, 6, 10),
(363, 147, '2025-09-24', '09:00:00', '10:30:00', 60, 1, 3),
(364, 147, '2025-09-24', '11:00:00', '12:30:00', 12, 4, 6),
(365, 148, '2025-09-25', '09:00:00', '10:30:00', 28, 1, 5),
(366, 148, '2025-09-25', '11:00:00', '12:30:00', 18, 6, 9),
(367, 149, '2025-09-26', '09:00:00', '10:30:00', 36, 1, 9),
(368, 149, '2025-09-26', '11:00:00', '12:30:00', 48, 10, 18),
(369, 150, '2025-09-29', '09:00:00', '10:30:00', 14, 1, 6),
(370, 150, '2025-09-29', '11:00:00', '12:30:00', 26, 7, 12),
(371, 151, '2025-09-30', '09:00:00', '10:30:00', 60, 1, 6),
(372, 151, '2025-09-30', '11:00:00', '12:30:00', 46, 7, 12),
(373, 152, '2025-10-01', '09:00:00', '10:30:00', 12, 1, 11),
(374, 152, '2025-10-01', '11:00:00', '12:30:00', 18, 12, 22),
(375, 153, '2025-10-02', '09:00:00', '10:30:00', 25, 1, 7),
(376, 153, '2025-10-02', '11:00:00', '12:30:00', 44, 8, 14),
(377, 154, '2025-10-03', '09:00:00', '10:30:00', 72, 1, 12),
(378, 154, '2025-10-03', '11:00:00', '12:30:00', 58, 13, 24),
(379, 155, '2025-10-06', '09:00:00', '10:30:00', 49, 1, 10),
(380, 155, '2025-10-06', '11:00:00', '12:30:00', 23, 11, 20),
(381, 156, '2025-10-07', '09:00:00', '10:30:00', 40, 1, 4),
(382, 156, '2025-10-07', '11:00:00', '12:30:00', 18, 5, 8),
(383, 157, '2025-10-08', '09:00:00', '10:30:00', 35, 1, 12),
(384, 157, '2025-10-08', '11:00:00', '12:30:00', 57, 13, 24),
(385, 158, '2025-10-09', '09:00:00', '10:30:00', 36, 1, 5),
(386, 158, '2025-10-09', '11:00:00', '12:30:00', 39, 6, 10),
(387, 159, '2025-10-10', '09:00:00', '10:30:00', 39, 1, 8),
(388, 159, '2025-10-10', '11:00:00', '12:30:00', 77, 9, 15),
(389, 160, '2025-10-13', '09:00:00', '10:30:00', 26, 1, 11),
(390, 160, '2025-10-13', '11:00:00', '12:30:00', 38, 12, 21),
(391, 161, '2025-10-14', '09:00:00', '10:30:00', 19, 1, 8),
(392, 161, '2025-10-14', '11:00:00', '12:30:00', 60, 9, 15),
(393, 162, '2025-10-15', '09:00:00', '10:30:00', 14, 1, 12),
(394, 162, '2025-10-15', '11:00:00', '12:30:00', 12, 13, 24),
(395, 163, '2025-10-16', '09:00:00', '10:30:00', 41, 1, 10),
(396, 163, '2025-10-16', '11:00:00', '12:30:00', 19, 11, 19),
(397, 164, '2025-10-17', '09:00:00', '10:30:00', 45, 1, 7),
(398, 164, '2025-10-17', '11:00:00', '12:30:00', 20, 8, 13),
(399, 165, '2025-10-20', '09:00:00', '10:30:00', 43, 1, 7),
(400, 165, '2025-10-20', '11:00:00', '12:30:00', 35, 8, 14),
(401, 166, '2025-10-21', '09:00:00', '10:30:00', 57, 1, 8),
(402, 166, '2025-10-21', '11:00:00', '12:30:00', 30, 9, 16),
(403, 167, '2025-10-22', '09:00:00', '10:30:00', 83, 1, 9),
(404, 167, '2025-10-22', '11:00:00', '12:30:00', 17, 10, 17),
(405, 168, '2025-10-23', '09:00:00', '10:30:00', 22, 1, 5),
(406, 168, '2025-10-23', '11:00:00', '12:30:00', 53, 6, 9),
(407, 169, '2025-10-24', '09:00:00', '10:30:00', 75, 1, 7),
(408, 169, '2025-10-24', '11:00:00', '12:30:00', 26, 8, 14),
(409, 170, '2025-10-27', '09:00:00', '10:30:00', 18, 1, 12),
(410, 170, '2025-10-27', '11:00:00', '12:30:00', 16, 13, 23),
(411, 171, '2025-10-28', '09:00:00', '10:30:00', 70, 1, 4),
(412, 171, '2025-10-28', '11:00:00', '12:30:00', 88, 5, 8),
(413, 172, '2025-10-29', '09:00:00', '10:30:00', 31, 1, 3),
(414, 172, '2025-10-29', '11:00:00', '12:30:00', 40, 4, 6),
(415, 173, '2025-10-30', '09:00:00', '10:30:00', 26, 1, 12),
(416, 173, '2025-10-30', '11:00:00', '12:30:00', 47, 13, 24),
(417, 174, '2025-10-31', '09:00:00', '10:30:00', 38, 1, 7),
(418, 174, '2025-10-31', '11:00:00', '12:30:00', 30, 8, 14),
(419, 175, '2025-11-03', '09:00:00', '10:30:00', 66, 1, 5),
(420, 175, '2025-11-03', '11:00:00', '12:30:00', 39, 6, 10),
(421, 176, '2025-11-04', '09:00:00', '10:30:00', 36, 1, 12),
(422, 176, '2025-11-04', '11:00:00', '12:30:00', 20, 13, 24),
(423, 177, '2025-11-05', '09:00:00', '10:30:00', 19, 1, 10),
(424, 177, '2025-11-05', '11:00:00', '12:30:00', 17, 11, 20),
(425, 178, '2025-11-06', '09:00:00', '10:30:00', 17, 1, 9),
(426, 178, '2025-11-06', '11:00:00', '12:30:00', 12, 10, 17),
(427, 179, '2025-11-07', '09:00:00', '10:30:00', 19, 1, 6),
(428, 179, '2025-11-07', '11:00:00', '12:30:00', 13, 7, 11),
(429, 180, '2025-11-10', '09:00:00', '10:30:00', 18, 1, 6),
(430, 180, '2025-11-10', '11:00:00', '12:30:00', 19, 7, 11);

INSERT INTO Sesija_Resurs (sesija_id, resurs_id, iskoriscena_kolicina, opis_upotrebe) VALUES
(1, 32, 15.00, 'evidentirano kao potrošnja tokom rundi'),
(2, 32, 33.00, 'korišćeno za kontrolni tretman i poređenje ishoda'),
(3, 66, 716.00, 'evidentirano kao potrošnja tokom rundi'),
(4, 16, 18.00, 'upotrebljeno za generisanje tržišnih signala'),
(5, 16, 31.00, 'evidentirano kao potrošnja tokom rundi'),
(6, 16, 29.00, 'korišćeno za kontrolni tretman i poređenje ishoda'),
(7, 17, 614.00, 'iskorišćeno za početnu raspodelu učesnicima'),
(8, 51, 130.00, 'rezervisano za isplatu bonusa po završetku sesije'),
(9, 17, 439.00, 'upotrebljeno za generisanje tržišnih signala'),
(10, 52, 25.00, 'upotrebljeno za generisanje tržišnih signala'),
(11, 52, 49.00, 'evidentirano kao potrošnja tokom rundi'),
(12, 52, 30.00, 'korišćeno za kontrolni tretman i poređenje ishoda'),
(13, 70, 687.00, 'rezervisano za isplatu bonusa po završetku sesije'),
(14, 70, 501.00, 'iskorišćeno za početnu raspodelu učesnicima'),
(15, 70, 155.00, 'korišćeno tokom trgovanja i obračuna salda'),
(16, 74, 115.00, 'iskorišćeno za početnu raspodelu učesnicima'),
(17, 40, 24.00, 'evidentirano kao potrošnja tokom rundi'),
(18, 74, 514.00, 'upotrebljeno za generisanje tržišnih signala'),
(19, 75, 648.00, 'korišćeno za kontrolni tretman i poređenje ishoda'),
(20, 75, 35.00, 'rezervisano za isplatu bonusa po završetku sesije'),
(21, 75, 760.00, 'iskorišćeno za početnu raspodelu učesnicima'),
(22, 59, 74.00, 'evidentirano kao potrošnja tokom rundi'),
(23, 93, 699.00, 'upotrebljeno za generisanje tržišnih signala'),
(24, 59, 188.00, 'rezervisano za isplatu bonusa po završetku sesije'),
(25, 94, 624.00, 'rezervisano za isplatu bonusa po završetku sesije'),
(26, 94, 161.00, 'iskorišćeno za početnu raspodelu učesnicima'),
(27, 94, 641.00, 'korišćeno tokom trgovanja i obračuna salda'),
(28, 61, 783.00, 'rezervisano za isplatu bonusa po završetku sesije'),
(29, 61, 681.00, 'iskorišćeno za početnu raspodelu učesnicima'),
(30, 78, 482.00, 'iskorišćeno za početnu raspodelu učesnicima'),
(31, 96, 26.00, 'korišćeno tokom trgovanja i obračuna salda'),
(32, 62, 507.00, 'korišćeno za kontrolni tretman i poređenje ishoda'),
(33, 62, 560.00, 'rezervisano za isplatu bonusa po završetku sesije'),
(34, 117, 558.00, 'korišćeno tokom trgovanja i obračuna salda'),
(35, 83, 787.00, 'korišćeno za kontrolni tretman i poređenje ishoda'),
(36, 83, 445.00, 'rezervisano za isplatu bonusa po završetku sesije'),
(37, 67, 397.00, 'upotrebljeno za generisanje tržišnih signala'),
(38, 101, 327.00, 'korišćeno tokom trgovanja i obračuna salda'),
(39, 101, 458.00, 'upotrebljeno za generisanje tržišnih signala'),
(40, 85, 41.00, 'rezervisano za isplatu bonusa po završetku sesije'),
(41, 68, 19.00, 'korišćeno tokom trgovanja i obračuna salda'),
(42, 85, 728.00, 'korišćeno tokom trgovanja i obračuna salda'),
(43, 69, 508.00, 'korišćeno za kontrolni tretman i poređenje ishoda'),
(44, 103, 142.00, 'evidentirano kao potrošnja tokom rundi'),
(45, 103, 737.00, 'korišćeno za kontrolni tretman i poređenje ishoda'),
(46, 87, 504.00, 'korišćeno tokom trgovanja i obračuna salda'),
(47, 121, 587.00, 'iskorišćeno za početnu raspodelu učesnicima'),
(48, 87, 680.00, 'evidentirano kao potrošnja tokom rundi'),
(49, 71, 492.00, 'iskorišćeno za početnu raspodelu učesnicima'),
(50, 105, 523.00, 'rezervisano za isplatu bonusa po završetku sesije'),
(51, 105, 405.00, 'iskorišćeno za početnu raspodelu učesnicima'),
(52, 126, 511.00, 'korišćeno za kontrolni tretman i poređenje ishoda'),
(53, 143, 391.00, 'korišćeno za kontrolni tretman i poređenje ishoda'),
(54, 143, 697.00, 'rezervisano za isplatu bonusa po završetku sesije'),
(55, 110, 789.00, 'evidentirano kao potrošnja tokom rundi'),
(56, 110, 333.00, 'korišćeno za kontrolni tretman i poređenje ishoda'),
(57, 144, 9.00, 'evidentirano kao potrošnja tokom rundi'),
(58, 128, 16.00, 'iskorišćeno za početnu raspodelu učesnicima'),
(59, 111, 362.00, 'upotrebljeno za generisanje tržišnih signala'),
(60, 128, 48.00, 'upotrebljeno za generisanje tržišnih signala'),
(61, 95, 394.00, 'iskorišćeno za početnu raspodelu učesnicima'),
(62, 112, 35.00, 'iskorišćeno za početnu raspodelu učesnicima'),
(63, 95, 370.00, 'upotrebljeno za generisanje tržišnih signala'),
(64, 113, 364.00, 'evidentirano kao potrošnja tokom rundi'),
(65, 96, 50.00, 'rezervisano za isplatu bonusa po završetku sesije'),
(66, 96, 23.00, 'iskorišćeno za početnu raspodelu učesnicima'),
(67, 97, 668.00, 'upotrebljeno za generisanje tržišnih signala'),
(68, 131, 611.00, 'korišćeno tokom trgovanja i obračuna salda'),
(69, 97, 709.00, 'korišćeno za kontrolni tretman i poređenje ishoda'),
(70, 169, 317.00, 'rezervisano za isplatu bonusa po završetku sesije'),
(71, 169, 350.00, 'iskorišćeno za početnu raspodelu učesnicima'),
(72, 169, 25.00, 'korišćeno tokom trgovanja i obračuna salda'),
(73, 170, 43.00, 'evidentirano kao potrošnja tokom rundi'),
(74, 170, 678.00, 'korišćeno za kontrolni tretman i poređenje ishoda'),
(75, 170, 586.00, 'rezervisano za isplatu bonusa po završetku sesije'),
(76, 171, 436.00, 'korišćeno tokom trgovanja i obračuna salda'),
(77, 154, 25.00, 'evidentirano kao potrošnja tokom rundi'),
(78, 171, 485.00, 'evidentirano kao potrošnja tokom rundi'),
(79, 121, 329.00, 'upotrebljeno za generisanje tržišnih signala'),
(80, 155, 589.00, 'korišćeno tokom trgovanja i obračuna salda'),
(81, 155, 335.00, 'upotrebljeno za generisanje tržišnih signala'),
(82, 173, 105.00, 'evidentirano kao potrošnja tokom rundi'),
(83, 139, 107.00, 'iskorišćeno za početnu raspodelu učesnicima'),
(84, 173, 696.00, 'rezervisano za isplatu bonusa po završetku sesije'),
(85, 157, 349.00, 'upotrebljeno za generisanje tržišnih signala'),
(86, 174, 519.00, 'upotrebljeno za generisanje tržišnih signala'),
(87, 174, 175.00, 'evidentirano kao potrošnja tokom rundi'),
(88, 178, 377.00, 'upotrebljeno za generisanje tržišnih signala'),
(89, 178, 211.00, 'evidentirano kao potrošnja tokom rundi'),
(90, 178, 655.00, 'korišćeno za kontrolni tretman i poređenje ishoda'),
(91, 145, 553.00, 'upotrebljeno za generisanje tržišnih signala'),
(92, 145, 299.00, 'evidentirano kao potrošnja tokom rundi'),
(93, 179, 53.00, 'upotrebljeno za generisanje tržišnih signala'),
(94, 197, 592.00, 'evidentirano kao potrošnja tokom rundi'),
(95, 197, 236.00, 'korišćeno za kontrolni tretman i poređenje ishoda'),
(96, 180, 45.00, 'iskorišćeno za početnu raspodelu učesnicima'),
(97, 164, 45.00, 'evidentirano kao potrošnja tokom rundi'),
(98, 198, 284.00, 'upotrebljeno za generisanje tržišnih signala'),
(99, 164, 44.00, 'rezervisano za isplatu bonusa po završetku sesije'),
(100, 199, 442.00, 'rezervisano za isplatu bonusa po završetku sesije'),
(101, 148, 30.00, 'evidentirano kao potrošnja tokom rundi'),
(102, 148, 49.00, 'korišćeno za kontrolni tretman i poređenje ishoda'),
(103, 149, 521.00, 'iskorišćeno za početnu raspodelu učesnicima'),
(104, 149, 448.00, 'korišćeno tokom trgovanja i obračuna salda'),
(105, 149, 209.00, 'upotrebljeno za generisanje tržišnih signala'),
(106, 187, 416.00, 'rezervisano za isplatu bonusa po završetku sesije'),
(107, 187, 644.00, 'iskorišćeno za početnu raspodelu učesnicima'),
(108, 187, 692.00, 'korišćeno tokom trgovanja i obračuna salda'),
(109, 171, 24.00, 'korišćeno za kontrolni tretman i poređenje ishoda'),
(110, 171, 595.00, 'rezervisano za isplatu bonusa po završetku sesije'),
(111, 205, 223.00, 'korišćeno za kontrolni tretman i poređenje ishoda'),
(112, 172, 25.00, 'upotrebljeno za generisanje tržišnih signala'),
(113, 172, 44.00, 'evidentirano kao potrošnja tokom rundi'),
(114, 3, 539.00, 'evidentirano kao potrošnja tokom rundi'),
(115, 190, 378.00, 'rezervisano za isplatu bonusa po završetku sesije'),
(116, 207, 156.00, 'rezervisano za isplatu bonusa po završetku sesije'),
(117, 190, 159.00, 'korišćeno tokom trgovanja i obračuna salda'),
(118, 5, 450.00, 'evidentirano kao potrošnja tokom rundi'),
(119, 5, 331.00, 'korišćeno za kontrolni tretman i poređenje ishoda'),
(120, 208, 48.00, 'korišćeno za kontrolni tretman i poređenje ishoda'),
(121, 209, 427.00, 'iskorišćeno za početnu raspodelu učesnicima'),
(122, 175, 298.00, 'evidentirano kao potrošnja tokom rundi'),
(123, 209, 267.00, 'upotrebljeno za generisanje tržišnih signala'),
(124, 27, 420.00, 'korišćeno tokom trgovanja i obračuna salda'),
(125, 27, 121.00, 'upotrebljeno za generisanje tržišnih signala'),
(126, 27, 201.00, 'evidentirano kao potrošnja tokom rundi'),
(127, 11, 256.00, 'iskorišćeno za početnu raspodelu učesnicima'),
(128, 28, 37.00, 'iskorišćeno za početnu raspodelu učesnicima'),
(129, 28, 43.00, 'korišćeno tokom trgovanja i obračuna salda'),
(130, 215, 437.00, 'evidentirano kao potrošnja tokom rundi'),
(131, 198, 211.00, 'rezervisano za isplatu bonusa po završetku sesije'),
(132, 198, 284.00, 'iskorišćeno za početnu raspodelu učesnicima'),
(133, 30, 34.00, 'korišćeno tokom trgovanja i obračuna salda'),
(134, 199, 289.00, 'evidentirano kao potrošnja tokom rundi'),
(135, 30, 664.00, 'evidentirano kao potrošnja tokom rundi'),
(136, 217, 744.00, 'rezervisano za isplatu bonusa po završetku sesije'),
(137, 31, 25.00, 'iskorišćeno za početnu raspodelu učesnicima'),
(138, 217, 90.00, 'korišćeno tokom trgovanja i obračuna salda'),
(139, 15, 621.00, 'korišćeno za kontrolni tretman i poređenje ishoda'),
(140, 15, 70.00, 'rezervisano za isplatu bonusa po završetku sesije'),
(141, 15, 377.00, 'iskorišćeno za početnu raspodelu učesnicima'),
(142, 2, 411.00, 'iskorišćeno za početnu raspodelu učesnicima'),
(143, 2, 246.00, 'korišćeno tokom trgovanja i obračuna salda'),
(144, 2, 589.00, 'upotrebljeno za generisanje tržišnih signala'),
(145, 20, 41.00, 'evidentirano kao potrošnja tokom rundi'),
(146, 37, 513.00, 'evidentirano kao potrošnja tokom rundi'),
(147, 20, 23.00, 'rezervisano za isplatu bonusa po završetku sesije'),
(148, 21, 796.00, 'korišćeno tokom trgovanja i obračuna salda'),
(149, 55, 342.00, 'iskorišćeno za početnu raspodelu učesnicima'),
(150, 55, 771.00, 'korišćeno tokom trgovanja i obračuna salda'),
(151, 22, 438.00, 'rezervisano za isplatu bonusa po završetku sesije'),
(152, 22, 152.00, 'iskorišćeno za početnu raspodelu učesnicima'),
(153, 22, 184.00, 'korišćeno tokom trgovanja i obračuna salda'),
(154, 40, 25.00, 'upotrebljeno za generisanje tržišnih signala'),
(155, 57, 423.00, 'upotrebljeno za generisanje tržišnih signala'),
(156, 57, 608.00, 'evidentirano kao potrošnja tokom rundi'),
(157, 27, 507.00, 'korišćeno za kontrolni tretman i poređenje ishoda'),
(158, 78, 721.00, 'upotrebljeno za generisanje tržišnih signala'),
(159, 27, 329.00, 'iskorišćeno za početnu raspodelu učesnicima'),
(160, 79, 491.00, 'rezervisano za isplatu bonusa po završetku sesije'),
(161, 28, 25.00, 'evidentirano kao potrošnja tokom rundi'),
(162, 28, 31.00, 'korišćeno za kontrolni tretman i poređenje ishoda'),
(163, 46, 737.00, 'rezervisano za isplatu bonusa po završetku sesije'),
(164, 46, 320.00, 'iskorišćeno za početnu raspodelu učesnicima'),
(165, 80, 49.00, 'rezervisano za isplatu bonusa po završetku sesije'),
(166, 64, 50.00, 'upotrebljeno za generisanje tržišnih signala'),
(167, 64, 50.00, 'evidentirano kao potrošnja tokom rundi'),
(168, 64, 24.00, 'korišćeno za kontrolni tretman i poređenje ishoda'),
(169, 65, 321.00, 'iskorišćeno za početnu raspodelu učesnicima'),
(170, 65, 706.00, 'korišćeno tokom trgovanja i obračuna salda'),
(171, 48, 42.00, 'evidentirano kao potrošnja tokom rundi'),
(172, 49, 458.00, 'rezervisano za isplatu bonusa po završetku sesije'),
(173, 83, 13.00, 'korišćeno za kontrolni tretman i poređenje ishoda'),
(174, 83, 266.00, 'rezervisano za isplatu bonusa po završetku sesije'),
(175, 70, 97.00, 'rezervisano za isplatu bonusa po završetku sesije'),
(176, 53, 309.00, 'korišćeno tokom trgovanja i obračuna salda'),
(177, 53, 169.00, 'upotrebljeno za generisanje tržišnih signala'),
(178, 71, 651.00, 'evidentirano kao potrošnja tokom rundi'),
(179, 71, 790.00, 'korišćeno za kontrolni tretman i poređenje ishoda'),
(180, 71, 39.00, 'rezervisano za isplatu bonusa po završetku sesije'),
(181, 55, 87.00, 'upotrebljeno za generisanje tržišnih signala'),
(182, 55, 487.00, 'evidentirano kao potrošnja tokom rundi'),
(183, 55, 345.00, 'korišćeno za kontrolni tretman i poređenje ishoda'),
(184, 107, 107.00, 'evidentirano kao potrošnja tokom rundi'),
(185, 56, 24.00, 'korišćeno tokom trgovanja i obračuna salda'),
(186, 56, 30.00, 'upotrebljeno za generisanje tržišnih signala'),
(187, 108, 46.00, 'korišćeno tokom trgovanja i obračuna salda'),
(188, 108, 37.00, 'upotrebljeno za generisanje tržišnih signala'),
(189, 91, 785.00, 'korišćeno za kontrolni tretman i poređenje ishoda'),
(190, 58, 661.00, 'upotrebljeno za generisanje tržišnih signala'),
(191, 58, 650.00, 'evidentirano kao potrošnja tokom rundi'),
(192, 75, 661.00, 'evidentirano kao potrošnja tokom rundi'),
(193, 113, 8.00, 'iskorišćeno za početnu raspodelu učesnicima'),
(194, 79, 209.00, 'evidentirano kao potrošnja tokom rundi'),
(195, 79, 326.00, 'korišćeno za kontrolni tretman i poređenje ishoda'),
(196, 131, 89.00, 'evidentirano kao potrošnja tokom rundi'),
(197, 80, 18.00, 'korišćeno tokom trgovanja i obračuna salda'),
(198, 80, 41.00, 'upotrebljeno za generisanje tržišnih signala'),
(199, 115, 613.00, 'upotrebljeno za generisanje tržišnih signala'),
(200, 132, 28.00, 'upotrebljeno za generisanje tržišnih signala'),
(201, 132, 38.00, 'evidentirano kao potrošnja tokom rundi'),
(202, 99, 271.00, 'korišćeno tokom trgovanja i obračuna salda'),
(203, 99, 708.00, 'upotrebljeno za generisanje tržišnih signala'),
(204, 116, 26.00, 'upotrebljeno za generisanje tržišnih signala'),
(205, 83, 91.00, 'iskorišćeno za početnu raspodelu učesnicima'),
(206, 134, 381.00, 'korišćeno za kontrolni tretman i poređenje ishoda'),
(207, 83, 407.00, 'upotrebljeno za generisanje tržišnih signala'),
(208, 118, 589.00, 'upotrebljeno za generisanje tržišnih signala'),
(209, 84, 9.00, 'rezervisano za isplatu bonusa po završetku sesije'),
(210, 84, 43.00, 'iskorišćeno za početnu raspodelu učesnicima'),
(211, 139, 631.00, 'upotrebljeno za generisanje tržišnih signala'),
(212, 139, 239.00, 'evidentirano kao potrošnja tokom rundi'),
(213, 106, 478.00, 'korišćeno tokom trgovanja i obračuna salda'),
(214, 106, 273.00, 'upotrebljeno za generisanje tržišnih signala'),
(215, 107, 55.00, 'korišćeno za kontrolni tretman i poređenje ishoda'),
(216, 158, 637.00, 'upotrebljeno za generisanje tržišnih signala'),
(217, 159, 619.00, 'korišćeno za kontrolni tretman i poređenje ishoda'),
(218, 159, 157.00, 'rezervisano za isplatu bonusa po završetku sesije'),
(219, 160, 31.00, 'korišćeno tokom trgovanja i obračuna salda'),
(220, 160, 44.00, 'upotrebljeno za generisanje tržišnih signala'),
(221, 144, 8.00, 'rezervisano za isplatu bonusa po završetku sesije'),
(222, 110, 796.00, 'upotrebljeno za generisanje tržišnih signala'),
(223, 165, 694.00, 'korišćeno za kontrolni tretman i poređenje ishoda'),
(224, 165, 126.00, 'rezervisano za isplatu bonusa po završetku sesije'),
(225, 149, 735.00, 'upotrebljeno za generisanje tržišnih signala'),
(226, 149, 200.00, 'evidentirano kao potrošnja tokom rundi'),
(227, 150, 299.00, 'rezervisano za isplatu bonusa po završetku sesije'),
(228, 150, 396.00, 'iskorišćeno za početnu raspodelu učesnicima'),
(229, 134, 446.00, 'evidentirano kao potrošnja tokom rundi'),
(230, 134, 619.00, 'korišćeno za kontrolni tretman i poređenje ishoda'),
(231, 169, 294.00, 'korišćeno za kontrolni tretman i poređenje ishoda'),
(232, 169, 433.00, 'rezervisano za isplatu bonusa po završetku sesije'),
(233, 153, 423.00, 'upotrebljeno za generisanje tržišnih signala'),
(234, 153, 34.00, 'evidentirano kao potrošnja tokom rundi'),
(235, 191, 273.00, 'iskorišćeno za početnu raspodelu učesnicima'),
(236, 208, 47.00, 'iskorišćeno za početnu raspodelu učesnicima'),
(237, 175, 259.00, 'korišćeno za kontrolni tretman i poređenje ishoda'),
(238, 175, 601.00, 'rezervisano za isplatu bonusa po završetku sesije'),
(239, 210, 92.00, 'rezervisano za isplatu bonusa po završetku sesije'),
(240, 176, 38.00, 'upotrebljeno za generisanje tržišnih signala'),
(241, 194, 336.00, 'evidentirano kao potrošnja tokom rundi'),
(242, 211, 708.00, 'evidentirano kao potrošnja tokom rundi'),
(243, 161, 735.00, 'upotrebljeno za generisanje tržišnih signala'),
(244, 178, 730.00, 'upotrebljeno za generisanje tržišnih signala'),
(245, 196, 46.00, 'evidentirano kao potrošnja tokom rundi'),
(246, 196, 12.00, 'korišćeno za kontrolni tretman i poređenje ishoda'),
(247, 200, 43.00, 'evidentirano kao potrošnja tokom rundi'),
(248, 200, 11.00, 'korišćeno za kontrolni tretman i poređenje ishoda'),
(249, 218, 245.00, 'rezervisano za isplatu bonusa po završetku sesije'),
(250, 218, 367.00, 'iskorišćeno za početnu raspodelu učesnicima'),
(251, 16, 8.00, 'evidentirano kao potrošnja tokom rundi'),
(252, 202, 521.00, 'korišćeno za kontrolni tretman i poređenje ishoda'),
(253, 220, 27.00, 'rezervisano za isplatu bonusa po završetku sesije'),
(254, 220, 50.00, 'iskorišćeno za početnu raspodelu učesnicima'),
(255, 204, 16.00, 'evidentirano kao potrošnja tokom rundi'),
(256, 18, 599.00, 'korišćeno za kontrolni tretman i poređenje ishoda'),
(257, 2, 271.00, 'korišćeno tokom trgovanja i obračuna salda'),
(258, 2, 520.00, 'upotrebljeno za generisanje tržišnih signala'),
(259, 6, 352.00, 'korišćeno tokom trgovanja i obračuna salda'),
(260, 6, 140.00, 'upotrebljeno za generisanje tržišnih signala'),
(261, 41, 329.00, 'upotrebljeno za generisanje tržišnih signala'),
(262, 7, 548.00, 'rezervisano za isplatu bonusa po završetku sesije'),
(263, 211, 150.00, 'iskorišćeno za početnu raspodelu učesnicima'),
(264, 211, 124.00, 'korišćeno tokom trgovanja i obračuna salda'),
(265, 212, 10.00, 'evidentirano kao potrošnja tokom rundi'),
(266, 26, 516.00, 'korišćeno za kontrolni tretman i poređenje ishoda'),
(267, 27, 770.00, 'iskorišćeno za početnu raspodelu učesnicima'),
(268, 27, 445.00, 'korišćeno tokom trgovanja i obračuna salda'),
(269, 65, 274.00, 'korišćeno za kontrolni tretman i poređenje ishoda'),
(270, 65, 534.00, 'rezervisano za isplatu bonusa po završetku sesije'),
(271, 15, 451.00, 'korišćeno za kontrolni tretman i poređenje ishoda'),
(272, 32, 28.00, 'korišćeno za kontrolni tretman i poređenje ishoda'),
(273, 50, 787.00, 'rezervisano za isplatu bonusa po završetku sesije'),
(274, 33, 574.00, 'korišćeno tokom trgovanja i obračuna salda'),
(275, 51, 59.00, 'upotrebljeno za generisanje tržišnih signala'),
(276, 34, 157.00, 'korišćeno za kontrolni tretman i poređenje ishoda'),
(277, 35, 240.00, 'iskorišćeno za početnu raspodelu učesnicima'),
(278, 35, 41.00, 'korišćeno tokom trgovanja i obračuna salda'),
(279, 36, 24.00, 'evidentirano kao potrošnja tokom rundi'),
(280, 19, 727.00, 'rezervisano za isplatu bonusa po završetku sesije'),
(281, 91, 451.00, 'iskorišćeno za početnu raspodelu učesnicima'),
(282, 74, 511.00, 'upotrebljeno za generisanje tržišnih signala'),
(283, 58, 457.00, 'rezervisano za isplatu bonusa po završetku sesije'),
(284, 75, 731.00, 'rezervisano za isplatu bonusa po završetku sesije'),
(285, 93, 473.00, 'iskorišćeno za početnu raspodelu učesnicima'),
(286, 93, 120.00, 'korišćeno tokom trgovanja i obračuna salda'),
(287, 60, 15.00, 'rezervisano za isplatu bonusa po završetku sesije'),
(288, 94, 100.00, 'korišćeno za kontrolni tretman i poređenje ishoda'),
(289, 44, 26.00, 'evidentirano kao potrošnja tokom rundi'),
(290, 44, 18.00, 'korišćeno za kontrolni tretman i poređenje ishoda'),
(291, 62, 581.00, 'rezervisano za isplatu bonusa po završetku sesije'),
(292, 45, 602.00, 'korišćeno tokom trgovanja i obračuna salda'),
(293, 66, 543.00, 'rezervisano za isplatu bonusa po završetku sesije'),
(294, 66, 431.00, 'iskorišćeno za početnu raspodelu učesnicima'),
(295, 84, 23.00, 'korišćeno tokom trgovanja i obračuna salda'),
(296, 118, 698.00, 'iskorišćeno za početnu raspodelu učesnicima'),
(297, 85, 341.00, 'korišćeno za kontrolni tretman i poređenje ishoda'),
(298, 85, 296.00, 'rezervisano za isplatu bonusa po završetku sesije'),
(299, 120, 33.00, 'rezervisano za isplatu bonusa po završetku sesije'),
(300, 69, 609.00, 'evidentirano kao potrošnja tokom rundi'),
(301, 104, 28.00, 'evidentirano kao potrošnja tokom rundi'),
(302, 104, 9.00, 'korišćeno za kontrolni tretman i poređenje ishoda'),
(303, 88, 37.00, 'korišćeno tokom trgovanja i obračuna salda'),
(304, 105, 469.00, 'korišćeno tokom trgovanja i obračuna salda'),
(305, 126, 613.00, 'rezervisano za isplatu bonusa po završetku sesije'),
(306, 109, 342.00, 'korišćeno tokom trgovanja i obračuna salda'),
(307, 93, 676.00, 'korišćeno za kontrolni tretman i poređenje ishoda'),
(308, 127, 337.00, 'evidentirano kao potrošnja tokom rundi'),
(309, 145, 221.00, 'korišćeno za kontrolni tretman i poređenje ishoda'),
(310, 145, 664.00, 'rezervisano za isplatu bonusa po završetku sesije'),
(311, 146, 335.00, 'korišćeno tokom trgovanja i obračuna salda'),
(312, 112, 12.00, 'korišćeno za kontrolni tretman i poređenje ishoda'),
(313, 147, 99.00, 'korišćeno za kontrolni tretman i poređenje ishoda'),
(314, 147, 266.00, 'rezervisano za isplatu bonusa po završetku sesije'),
(315, 114, 250.00, 'evidentirano kao potrošnja tokom rundi'),
(316, 131, 96.00, 'evidentirano kao potrošnja tokom rundi'),
(317, 118, 218.00, 'evidentirano kao potrošnja tokom rundi'),
(318, 118, 402.00, 'korišćeno za kontrolni tretman i poređenje ishoda'),
(319, 119, 296.00, 'iskorišćeno za početnu raspodelu učesnicima'),
(320, 136, 15.00, 'iskorišćeno za početnu raspodelu učesnicima'),
(321, 171, 507.00, 'iskorišćeno za početnu raspodelu učesnicima'),
(322, 171, 758.00, 'korišćeno tokom trgovanja i obračuna salda'),
(323, 155, 706.00, 'korišćeno za kontrolni tretman i poređenje ishoda'),
(324, 138, 372.00, 'iskorišćeno za početnu raspodelu učesnicima'),
(325, 139, 381.00, 'upotrebljeno za generisanje tržišnih signala'),
(326, 139, 506.00, 'evidentirano kao potrošnja tokom rundi'),
(327, 140, 32.00, 'rezervisano za isplatu bonusa po završetku sesije'),
(328, 140, 25.00, 'iskorišćeno za početnu raspodelu učesnicima'),
(329, 178, 97.00, 'evidentirano kao potrošnja tokom rundi'),
(330, 178, 382.00, 'korišćeno za kontrolni tretman i poređenje ishoda'),
(331, 162, 449.00, 'korišćeno tokom trgovanja i obračuna salda'),
(332, 196, 13.00, 'iskorišćeno za početnu raspodelu učesnicima'),
(333, 180, 40.00, 'evidentirano kao potrošnja tokom rundi'),
(334, 197, 479.00, 'evidentirano kao potrošnja tokom rundi'),
(335, 147, 668.00, 'upotrebljeno za generisanje tržišnih signala'),
(336, 147, 512.00, 'evidentirano kao potrošnja tokom rundi'),
(337, 182, 302.00, 'evidentirano kao potrošnja tokom rundi'),
(338, 199, 452.00, 'evidentirano kao potrošnja tokom rundi'),
(339, 166, 494.00, 'korišćeno tokom trgovanja i obračuna salda'),
(340, 183, 157.00, 'korišćeno tokom trgovanja i obračuna salda'),
(341, 1, 705.00, 'iskorišćeno za početnu raspodelu učesnicima'),
(342, 170, 259.00, 'upotrebljeno za generisanje tržišnih signala'),
(343, 205, 307.00, 'upotrebljeno za generisanje tržišnih signala'),
(344, 171, 569.00, 'rezervisano za isplatu bonusa po završetku sesije'),
(345, 3, 51.00, 'iskorišćeno za početnu raspodelu učesnicima'),
(346, 3, 527.00, 'korišćeno tokom trgovanja i obračuna salda'),
(347, 190, 427.00, 'evidentirano kao potrošnja tokom rundi'),
(348, 4, 37.00, 'korišćeno za kontrolni tretman i poređenje ishoda'),
(349, 174, 742.00, 'korišćeno tokom trgovanja i obračuna salda'),
(350, 174, 264.00, 'upotrebljeno za generisanje tržišnih signala'),
(351, 6, 265.00, 'evidentirano kao potrošnja tokom rundi'),
(352, 192, 40.00, 'korišćeno za kontrolni tretman i poređenje ishoda'),
(353, 27, 121.00, 'upotrebljeno za generisanje tržišnih signala'),
(354, 196, 19.00, 'korišćeno za kontrolni tretman i poređenje ishoda'),
(355, 11, 407.00, 'iskorišćeno za početnu raspodelu učesnicima'),
(356, 11, 90.00, 'korišćeno tokom trgovanja i obračuna salda'),
(357, 198, 726.00, 'evidentirano kao potrošnja tokom rundi'),
(358, 198, 326.00, 'korišćeno za kontrolni tretman i poređenje ishoda'),
(359, 199, 780.00, 'iskorišćeno za početnu raspodelu učesnicima'),
(360, 199, 643.00, 'korišćeno tokom trgovanja i obračuna salda'),
(361, 31, 354.00, 'upotrebljeno za generisanje tržišnih signala'),
(362, 200, 21.00, 'korišćeno za kontrolni tretman i poređenje ishoda'),
(363, 32, 13.00, 'rezervisano za isplatu bonusa po završetku sesije'),
(364, 201, 694.00, 'korišćeno tokom trgovanja i obračuna salda'),
(365, 2, 449.00, 'korišćeno tokom trgovanja i obračuna salda'),
(366, 36, 9.00, 'iskorišćeno za početnu raspodelu učesnicima'),
(367, 3, 409.00, 'korišćeno za kontrolni tretman i poređenje ishoda'),
(368, 3, 18.00, 'rezervisano za isplatu bonusa po završetku sesije'),
(369, 38, 676.00, 'rezervisano za isplatu bonusa po završetku sesije'),
(370, 55, 476.00, 'rezervisano za isplatu bonusa po završetku sesije'),
(371, 22, 678.00, 'evidentirano kao potrošnja tokom rundi'),
(372, 22, 315.00, 'korišćeno za kontrolni tretman i poređenje ishoda'),
(373, 23, 712.00, 'iskorišćeno za početnu raspodelu učesnicima'),
(374, 23, 314.00, 'korišćeno tokom trgovanja i obračuna salda'),
(375, 61, 133.00, 'korišćeno za kontrolni tretman i poređenje ishoda'),
(376, 61, 19.00, 'rezervisano za isplatu bonusa po završetku sesije'),
(377, 28, 15.00, 'evidentirano kao potrošnja tokom rundi'),
(378, 28, 20.00, 'korišćeno za kontrolni tretman i poređenje ishoda'),
(379, 46, 219.00, 'rezervisano za isplatu bonusa po završetku sesije'),
(380, 63, 669.00, 'rezervisano za isplatu bonusa po završetku sesije'),
(381, 64, 49.00, 'korišćeno tokom trgovanja i obračuna salda'),
(382, 64, 35.00, 'upotrebljeno za generisanje tržišnih signala'),
(383, 48, 13.00, 'rezervisano za isplatu bonusa po završetku sesije'),
(384, 65, 793.00, 'rezervisano za isplatu bonusa po završetku sesije'),
(385, 49, 156.00, 'upotrebljeno za generisanje tržišnih signala'),
(386, 49, 437.00, 'evidentirano kao potrošnja tokom rundi'),
(387, 70, 124.00, 'korišćeno tokom trgovanja i obračuna salda'),
(388, 70, 161.00, 'upotrebljeno za generisanje tržišnih signala'),
(389, 71, 501.00, 'korišćeno za kontrolni tretman i poređenje ishoda'),
(390, 71, 25.00, 'rezervisano za isplatu bonusa po završetku sesije'),
(391, 106, 604.00, 'rezervisano za isplatu bonusa po završetku sesije'),
(392, 72, 20.00, 'upotrebljeno za generisanje tržišnih signala'),
(393, 90, 588.00, 'evidentirano kao potrošnja tokom rundi'),
(394, 90, 57.00, 'korišćeno za kontrolni tretman i poređenje ishoda'),
(395, 91, 13.00, 'iskorišćeno za početnu raspodelu učesnicima'),
(396, 57, 650.00, 'evidentirano kao potrošnja tokom rundi'),
(397, 109, 430.00, 'upotrebljeno za generisanje tržišnih signala'),
(398, 109, 759.00, 'evidentirano kao potrošnja tokom rundi'),
(399, 79, 42.00, 'korišćeno za kontrolni tretman i poređenje ishoda'),
(400, 79, 414.00, 'rezervisano za isplatu bonusa po završetku sesije'),
(401, 131, 530.00, 'korišćeno za kontrolni tretman i poređenje ishoda'),
(402, 131, 242.00, 'rezervisano za isplatu bonusa po završetku sesije'),
(403, 81, 545.00, 'korišćeno za kontrolni tretman i poređenje ishoda'),
(404, 81, 437.00, 'rezervisano za isplatu bonusa po završetku sesije'),
(405, 133, 571.00, 'korišćeno za kontrolni tretman i poređenje ishoda'),
(406, 82, 279.00, 'upotrebljeno za generisanje tržišnih signala'),
(407, 134, 489.00, 'korišćeno tokom trgovanja i obračuna salda'),
(408, 117, 511.00, 'evidentirano kao potrošnja tokom rundi'),
(409, 118, 464.00, 'rezervisano za isplatu bonusa po završetku sesije'),
(410, 118, 26.00, 'iskorišćeno za početnu raspodelu učesnicima'),
(411, 122, 299.00, 'rezervisano za isplatu bonusa po završetku sesije'),
(412, 122, 485.00, 'iskorišćeno za početnu raspodelu učesnicima'),
(413, 157, 453.00, 'iskorišćeno za početnu raspodelu učesnicima'),
(414, 106, 524.00, 'korišćeno za kontrolni tretman i poređenje ishoda'),
(415, 107, 606.00, 'iskorišćeno za početnu raspodelu učesnicima'),
(416, 141, 621.00, 'rezervisano za isplatu bonusa po završetku sesije'),
(417, 159, 139.00, 'iskorišćeno za početnu raspodelu učesnicima'),
(418, 159, 745.00, 'korišćeno tokom trgovanja i obračuna salda'),
(419, 109, 431.00, 'iskorišćeno za početnu raspodelu učesnicima'),
(420, 109, 488.00, 'korišćeno tokom trgovanja i obračuna salda'),
(421, 110, 641.00, 'evidentirano kao potrošnja tokom rundi'),
(422, 110, 294.00, 'korišćeno za kontrolni tretman i poređenje ishoda'),
(423, 131, 688.00, 'upotrebljeno za generisanje tržišnih signala'),
(424, 148, 16.00, 'upotrebljeno za generisanje tržišnih signala'),
(425, 149, 209.00, 'korišćeno za kontrolni tretman i poređenje ishoda'),
(426, 149, 625.00, 'rezervisano za isplatu bonusa po završetku sesije'),
(427, 150, 108.00, 'korišćeno tokom trgovanja i obračuna salda'),
(428, 150, 510.00, 'upotrebljeno za generisanje tržišnih signala'),
(429, 134, 245.00, 'rezervisano za isplatu bonusa po završetku sesije'),
(430, 185, 575.00, 'evidentirano kao potrošnja tokom rundi'),
(25, 77, 372.00, 'iskorišćeno za početnu raspodelu učesnicima'),
(347, 4, 19.00, 'evidentirano kao potrošnja tokom rundi'),
(424, 131, 70.00, 'evidentirano kao potrošnja tokom rundi'),
(59, 128, 15.00, 'korišćeno tokom trgovanja i obračuna salda'),
(288, 60, 39.00, 'iskorišćeno za početnu raspodelu učesnicima'),
(133, 199, 368.00, 'upotrebljeno za generisanje tržišnih signala'),
(394, 56, 43.00, 'iskorišćeno za početnu raspodelu učesnicima'),
(137, 217, 711.00, 'iskorišćeno za početnu raspodelu učesnicima'),
(264, 8, 11.00, 'upotrebljeno za generisanje tržišnih signala'),
(225, 166, 778.00, 'korišćeno tokom trgovanja i obračuna salda'),
(401, 114, 580.00, 'rezervisano za isplatu bonusa po završetku sesije'),
(86, 157, 215.00, 'evidentirano kao potrošnja tokom rundi'),
(363, 201, 785.00, 'iskorišćeno za početnu raspodelu učesnicima'),
(79, 155, 347.00, 'iskorišćeno za početnu raspodelu učesnicima'),
(420, 160, 15.00, 'korišćeno za kontrolni tretman i poređenje ishoda'),
(126, 213, 354.00, 'evidentirano kao potrošnja tokom rundi'),
(191, 75, 374.00, 'upotrebljeno za generisanje tržišnih signala'),
(323, 138, 160.00, 'rezervisano za isplatu bonusa po završetku sesije'),
(71, 135, 428.00, 'upotrebljeno za generisanje tržišnih signala'),
(210, 118, 533.00, 'korišćeno za kontrolni tretman i poređenje ishoda'),
(75, 153, 739.00, 'iskorišćeno za početnu raspodelu učesnicima'),
(413, 106, 91.00, 'evidentirano kao potrošnja tokom rundi'),
(206, 83, 449.00, 'korišćeno tokom trgovanja i obračuna salda'),
(389, 105, 681.00, 'upotrebljeno za generisanje tržišnih signala'),
(329, 161, 593.00, 'korišćeno za kontrolni tretman i poređenje ishoda'),
(215, 158, 702.00, 'korišćeno tokom trgovanja i obračuna salda'),
(271, 32, 33.00, 'evidentirano kao potrošnja tokom rundi'),
(398, 92, 27.00, 'korišćeno za kontrolni tretman i poređenje ishoda'),
(44, 69, 555.00, 'rezervisano za isplatu bonusa po završetku sesije'),
(172, 83, 747.00, 'evidentirano kao potrošnja tokom rundi'),
(267, 213, 295.00, 'iskorišćeno za početnu raspodelu učesnicima'),
(12, 35, 557.00, 'rezervisano za isplatu bonusa po završetku sesije'),
(124, 213, 748.00, 'korišćeno tokom trgovanja i obračuna salda'),
(217, 125, 754.00, 'iskorišćeno za početnu raspodelu učesnicima'),
(31, 62, 270.00, 'evidentirano kao potrošnja tokom rundi'),
(64, 96, 49.00, 'korišćeno za kontrolni tretman i poređenje ishoda'),
(233, 170, 246.00, 'korišćeno tokom trgovanja i obračuna salda'),
(146, 20, 32.00, 'korišćeno za kontrolni tretman i poređenje ishoda'),
(422, 127, 470.00, 'evidentirano kao potrošnja tokom rundi'),
(365, 19, 426.00, 'iskorišćeno za početnu raspodelu učesnicima'),
(42, 68, 11.00, 'upotrebljeno za generisanje tržišnih signala'),
(218, 125, 492.00, 'korišćeno tokom trgovanja i obračuna salda'),
(110, 205, 84.00, 'evidentirano kao potrošnja tokom rundi'),
(190, 75, 607.00, 'korišćeno tokom trgovanja i obračuna salda'),
(287, 94, 275.00, 'evidentirano kao potrošnja tokom rundi'),
(326, 156, 36.00, 'upotrebljeno za generisanje tržišnih signala'),
(353, 196, 34.00, 'evidentirano kao potrošnja tokom rundi'),
(74, 153, 501.00, 'rezervisano za isplatu bonusa po završetku sesije'),
(234, 170, 38.00, 'upotrebljeno za generisanje tržišnih signala'),
(157, 78, 315.00, 'korišćeno tokom trgovanja i obračuna salda'),
(151, 39, 33.00, 'korišćeno za kontrolni tretman i poređenje ishoda'),
(214, 123, 591.00, 'korišćeno tokom trgovanja i obračuna salda'),
(159, 78, 350.00, 'evidentirano kao potrošnja tokom rundi'),
(244, 161, 785.00, 'evidentirano kao potrošnja tokom rundi'),
(77, 171, 338.00, 'upotrebljeno za generisanje tržišnih signala'),
(203, 116, 42.00, 'korišćeno tokom trgovanja i obračuna salda'),
(24, 93, 758.00, 'evidentirano kao potrošnja tokom rundi'),
(293, 100, 43.00, 'evidentirano kao potrošnja tokom rundi'),
(330, 161, 202.00, 'rezervisano za isplatu bonusa po završetku sesije'),
(252, 16, 29.00, 'korišćeno za kontrolni tretman i poređenje ishoda'),
(224, 131, 429.00, 'korišćeno tokom trgovanja i obračuna salda'),
(196, 97, 98.00, 'rezervisano za isplatu bonusa po završetku sesije'),
(93, 145, 735.00, 'korišćeno za kontrolni tretman i poređenje ishoda'),
(200, 115, 332.00, 'evidentirano kao potrošnja tokom rundi'),
(166, 81, 389.00, 'korišćeno tokom trgovanja i obračuna salda'),
(27, 77, 250.00, 'upotrebljeno za generisanje tržišnih signala'),
(386, 32, 39.00, 'korišćeno za kontrolni tretman i poređenje ishoda'),
(261, 7, 399.00, 'korišćeno za kontrolni tretman i poređenje ishoda'),
(284, 58, 257.00, 'iskorišćeno za početnu raspodelu učesnicima'),
(391, 72, 27.00, 'korišćeno tokom trgovanja i obračuna salda');

INSERT INTO Sesija_Alat (sesija_id, alat_id, status_posle_upotrebe, napomena) VALUES
(1, 54, 'ispravan posle sinhronizacije', 'učesnici su završili kontrolni upitnik'),
(2, 54, 'potrebno arhiviranje logova', 'logovi izvezeni u CSV i provereni'),
(3, 52, 'ispravan posle sinhronizacije', 'nije bilo prekida tokom rundi'),
(4, 105, 'ispravan posle sinhronizacije', 'učesnici su završili kontrolni upitnik'),
(5, 105, 'potrebno arhiviranje logova', 'logovi izvezeni u CSV i provereni'),
(6, 103, 'ispravan posle sinhronizacije', 'nije bilo prekida tokom rundi'),
(7, 155, 'ispravan', 'potrebna provera licence pre narednog termina'),
(8, 155, 'ispravan posle sinhronizacije', 'sačuvana rezervna kopija podataka'),
(9, 156, 'ažuriran posle sesije', 'učesnici su završili kontrolni upitnik'),
(10, 198, 'zabeleženo manje kašnjenje', 'logovi izvezeni u CSV i provereni'),
(11, 197, 'zabeleženo manje kašnjenje', 'potrebna provera licence pre narednog termina'),
(12, 197, 'spreman za sledeću sesiju', 'sačuvana rezervna kopija podataka'),
(13, 231, 'zabeleženo manje kašnjenje', 'logovi izvezeni u CSV i provereni'),
(14, 231, 'spreman za sledeću sesiju', 'učesnici su završili kontrolni upitnik'),
(15, 232, 'ispravan posle sinhronizacije', 'nije bilo prekida tokom rundi'),
(16, 8, 'ispravan', 'potrebna provera licence pre narednog termina'),
(17, 8, 'ispravan posle sinhronizacije', 'sačuvana rezervna kopija podataka'),
(18, 7, 'ispravan posle sinhronizacije', 'nije bilo prekida tokom rundi'),
(19, 60, 'ispravan posle sinhronizacije', 'učesnici su završili kontrolni upitnik'),
(20, 60, 'potrebno arhiviranje logova', 'logovi izvezeni u CSV i provereni'),
(21, 60, 'ažuriran posle sesije', 'učesnici su završili kontrolni upitnik'),
(22, 111, 'ispravan posle sinhronizacije', 'učesnici su završili kontrolni upitnik'),
(23, 110, 'ispravan posle sinhronizacije', 'sačuvana rezervna kopija podataka'),
(24, 111, 'ažuriran posle sesije', 'učesnici su završili kontrolni upitnik'),
(25, 160, 'spreman za sledeću sesiju', 'nije bilo prekida tokom rundi'),
(26, 160, 'ispravan', 'dashboard korišćen za praćenje cena u realnom vremenu'),
(27, 160, 'ispravan posle sinhronizacije', 'nije bilo prekida tokom rundi'),
(28, 202, 'potrebno arhiviranje logova', 'dashboard korišćen za praćenje cena u realnom vremenu'),
(29, 201, 'potrebno arhiviranje logova', 'logovi izvezeni u CSV i provereni'),
(30, 202, 'zabeleženo manje kašnjenje', 'dashboard korišćen za praćenje cena u realnom vremenu'),
(31, 235, 'potrebno arhiviranje logova', 'dashboard korišćen za praćenje cena u realnom vremenu'),
(32, 235, 'ažuriran posle sesije', 'nije bilo prekida tokom rundi'),
(33, 236, 'spreman za sledeću sesiju', 'sačuvana rezervna kopija podataka'),
(34, 15, 'ispravan posle sinhronizacije', 'učesnici su završili kontrolni upitnik'),
(35, 14, 'ispravan posle sinhronizacije', 'sačuvana rezervna kopija podataka'),
(36, 15, 'ažuriran posle sesije', 'učesnici su završili kontrolni upitnik'),
(37, 66, 'ispravan posle sinhronizacije', 'učesnici su završili kontrolni upitnik'),
(38, 66, 'potrebno arhiviranje logova', 'logovi izvezeni u CSV i provereni'),
(39, 66, 'ažuriran posle sesije', 'učesnici su završili kontrolni upitnik'),
(40, 117, 'ispravan posle sinhronizacije', 'učesnici su završili kontrolni upitnik'),
(41, 116, 'ispravan posle sinhronizacije', 'sačuvana rezervna kopija podataka'),
(42, 117, 'ažuriran posle sesije', 'učesnici su završili kontrolni upitnik'),
(43, 166, 'spreman za sledeću sesiju', 'nije bilo prekida tokom rundi'),
(44, 168, 'potrebno arhiviranje logova', 'logovi izvezeni u CSV i provereni'),
(45, 166, 'ispravan posle sinhronizacije', 'nije bilo prekida tokom rundi'),
(46, 206, 'ispravan', 'potrebna provera licence pre narednog termina'),
(47, 205, 'ispravan', 'dashboard korišćen za praćenje cena u realnom vremenu'),
(48, 205, 'ispravan posle sinhronizacije', 'nije bilo prekida tokom rundi'),
(49, 240, 'ispravan posle sinhronizacije', 'učesnici su završili kontrolni upitnik'),
(50, 239, 'ispravan posle sinhronizacije', 'sačuvana rezervna kopija podataka'),
(51, 240, 'ažuriran posle sesije', 'učesnici su završili kontrolni upitnik'),
(52, 19, 'spreman za sledeću sesiju', 'nije bilo prekida tokom rundi'),
(53, 19, 'ispravan', 'dashboard korišćen za praćenje cena u realnom vremenu'),
(54, 21, 'ažuriran posle sesije', 'učesnici su završili kontrolni upitnik'),
(55, 71, 'ispravan', 'potrebna provera licence pre narednog termina'),
(56, 71, 'ispravan posle sinhronizacije', 'sačuvana rezervna kopija podataka'),
(57, 72, 'ažuriran posle sesije', 'učesnici su završili kontrolni upitnik'),
(58, 122, 'ispravan', 'potrebna provera licence pre narednog termina'),
(59, 122, 'ispravan posle sinhronizacije', 'sačuvana rezervna kopija podataka'),
(60, 123, 'ažuriran posle sesije', 'učesnici su završili kontrolni upitnik'),
(61, 172, 'spreman za sledeću sesiju', 'nije bilo prekida tokom rundi'),
(62, 173, 'ispravan posle sinhronizacije', 'sačuvana rezervna kopija podataka'),
(63, 173, 'potrebno arhiviranje logova', 'potrebna provera licence pre narednog termina'),
(64, 210, 'zabeleženo manje kašnjenje', 'logovi izvezeni u CSV i provereni'),
(65, 210, 'spreman za sledeću sesiju', 'učesnici su završili kontrolni upitnik'),
(66, 209, 'spreman za sledeću sesiju', 'sačuvana rezervna kopija podataka'),
(67, 243, 'zabeleženo manje kašnjenje', 'logovi izvezeni u CSV i provereni'),
(68, 243, 'spreman za sledeću sesiju', 'učesnici su završili kontrolni upitnik'),
(69, 244, 'ispravan posle sinhronizacije', 'nije bilo prekida tokom rundi'),
(70, 26, 'ispravan', 'potrebna provera licence pre narednog termina'),
(71, 25, 'ispravan', 'dashboard korišćen za praćenje cena u realnom vremenu'),
(72, 26, 'potrebno arhiviranje logova', 'potrebna provera licence pre narednog termina'),
(73, 76, 'spreman za sledeću sesiju', 'nije bilo prekida tokom rundi'),
(74, 76, 'ispravan', 'dashboard korišćen za praćenje cena u realnom vremenu'),
(75, 76, 'ispravan posle sinhronizacije', 'nije bilo prekida tokom rundi'),
(76, 127, 'spreman za sledeću sesiju', 'nije bilo prekida tokom rundi'),
(77, 127, 'ispravan', 'dashboard korišćen za praćenje cena u realnom vremenu'),
(78, 129, 'ažuriran posle sesije', 'učesnici su završili kontrolni upitnik'),
(79, 178, 'spreman za sledeću sesiju', 'nije bilo prekida tokom rundi'),
(80, 179, 'ispravan posle sinhronizacije', 'sačuvana rezervna kopija podataka'),
(81, 178, 'ispravan posle sinhronizacije', 'nije bilo prekida tokom rundi'),
(82, 213, 'ispravan posle sinhronizacije', 'učesnici su završili kontrolni upitnik'),
(83, 214, 'ažuriran posle sesije', 'nije bilo prekida tokom rundi'),
(84, 214, 'zabeleženo manje kašnjenje', 'dashboard korišćen za praćenje cena u realnom vremenu'),
(85, 248, 'ažuriran posle sesije', 'sačuvana rezervna kopija podataka'),
(86, 247, 'ažuriran posle sesije', 'nije bilo prekida tokom rundi'),
(87, 247, 'zabeleženo manje kašnjenje', 'dashboard korišćen za praćenje cena u realnom vremenu'),
(88, 33, 'ispravan posle sinhronizacije', 'učesnici su završili kontrolni upitnik'),
(89, 33, 'potrebno arhiviranje logova', 'logovi izvezeni u CSV i provereni'),
(90, 33, 'ažuriran posle sesije', 'učesnici su završili kontrolni upitnik'),
(91, 84, 'ispravan posle sinhronizacije', 'učesnici su završili kontrolni upitnik'),
(92, 83, 'ispravan posle sinhronizacije', 'sačuvana rezervna kopija podataka'),
(93, 84, 'ažuriran posle sesije', 'učesnici su završili kontrolni upitnik'),
(94, 135, 'ispravan posle sinhronizacije', 'učesnici su završili kontrolni upitnik'),
(95, 134, 'ispravan posle sinhronizacije', 'sačuvana rezervna kopija podataka'),
(96, 134, 'potrebno arhiviranje logova', 'potrebna provera licence pre narednog termina'),
(97, 184, 'spreman za sledeću sesiju', 'nije bilo prekida tokom rundi'),
(98, 184, 'ispravan', 'dashboard korišćen za praćenje cena u realnom vremenu'),
(99, 184, 'ispravan posle sinhronizacije', 'nije bilo prekida tokom rundi'),
(100, 217, 'spreman za sledeću sesiju', 'nije bilo prekida tokom rundi'),
(101, 217, 'ispravan', 'dashboard korišćen za praćenje cena u realnom vremenu'),
(102, 218, 'potrebno arhiviranje logova', 'potrebna provera licence pre narednog termina'),
(103, 251, 'ispravan', 'potrebna provera licence pre narednog termina'),
(104, 252, 'potrebno arhiviranje logova', 'logovi izvezeni u CSV i provereni'),
(105, 251, 'potrebno arhiviranje logova', 'potrebna provera licence pre narednog termina'),
(106, 37, 'spreman za sledeću sesiju', 'nije bilo prekida tokom rundi'),
(107, 39, 'potrebno arhiviranje logova', 'logovi izvezeni u CSV i provereni'),
(108, 39, 'ažuriran posle sesije', 'učesnici su završili kontrolni upitnik'),
(109, 89, 'ispravan', 'potrebna provera licence pre narednog termina'),
(110, 90, 'potrebno arhiviranje logova', 'logovi izvezeni u CSV i provereni'),
(111, 89, 'potrebno arhiviranje logova', 'potrebna provera licence pre narednog termina'),
(112, 141, 'ispravan posle sinhronizacije', 'učesnici su završili kontrolni upitnik'),
(113, 141, 'potrebno arhiviranje logova', 'logovi izvezeni u CSV i provereni'),
(114, 141, 'ažuriran posle sesije', 'učesnici su završili kontrolni upitnik'),
(115, 188, 'ažuriran posle sesije', 'sačuvana rezervna kopija podataka'),
(116, 187, 'ažuriran posle sesije', 'nije bilo prekida tokom rundi'),
(117, 188, 'spreman za sledeću sesiju', 'sačuvana rezervna kopija podataka'),
(118, 222, 'zabeleženo manje kašnjenje', 'logovi izvezeni u CSV i provereni'),
(119, 222, 'spreman za sledeću sesiju', 'učesnici su završili kontrolni upitnik'),
(120, 221, 'spreman za sledeću sesiju', 'sačuvana rezervna kopija podataka'),
(121, 256, 'spreman za sledeću sesiju', 'nije bilo prekida tokom rundi'),
(122, 256, 'ispravan', 'dashboard korišćen za praćenje cena u realnom vremenu'),
(123, 255, 'ispravan', 'logovi izvezeni u CSV i provereni'),
(124, 44, 'ispravan', 'potrebna provera licence pre narednog termina'),
(125, 44, 'ispravan posle sinhronizacije', 'sačuvana rezervna kopija podataka'),
(126, 44, 'potrebno arhiviranje logova', 'potrebna provera licence pre narednog termina'),
(127, 96, 'ispravan posle sinhronizacije', 'učesnici su završili kontrolni upitnik'),
(128, 95, 'ispravan posle sinhronizacije', 'sačuvana rezervna kopija podataka'),
(129, 96, 'ažuriran posle sesije', 'učesnici su završili kontrolni upitnik'),
(130, 146, 'ispravan', 'potrebna provera licence pre narednog termina'),
(131, 145, 'ispravan', 'dashboard korišćen za praćenje cena u realnom vremenu'),
(132, 145, 'ispravan posle sinhronizacije', 'nije bilo prekida tokom rundi'),
(133, 192, 'ispravan posle sinhronizacije', 'učesnici su završili kontrolni upitnik'),
(134, 191, 'ispravan posle sinhronizacije', 'sačuvana rezervna kopija podataka'),
(135, 192, 'ažuriran posle sesije', 'učesnici su završili kontrolni upitnik'),
(136, 225, 'ispravan posle sinhronizacije', 'učesnici su završili kontrolni upitnik'),
(137, 225, 'potrebno arhiviranje logova', 'logovi izvezeni u CSV i provereni'),
(138, 225, 'ažuriran posle sesije', 'učesnici su završili kontrolni upitnik'),
(139, 260, 'ažuriran posle sesije', 'sačuvana rezervna kopija podataka'),
(140, 260, 'zabeleženo manje kašnjenje', 'potrebna provera licence pre narednog termina'),
(141, 259, 'zabeleženo manje kašnjenje', 'dashboard korišćen za praćenje cena u realnom vremenu'),
(142, 49, 'spreman za sledeću sesiju', 'nije bilo prekida tokom rundi'),
(143, 49, 'ispravan', 'dashboard korišćen za praćenje cena u realnom vremenu'),
(144, 50, 'potrebno arhiviranje logova', 'potrebna provera licence pre narednog termina'),
(145, 101, 'ispravan', 'potrebna provera licence pre narednog termina'),
(146, 100, 'ispravan', 'dashboard korišćen za praćenje cena u realnom vremenu'),
(147, 101, 'potrebno arhiviranje logova', 'potrebna provera licence pre narednog termina'),
(148, 151, 'spreman za sledeću sesiju', 'nije bilo prekida tokom rundi'),
(149, 152, 'ispravan posle sinhronizacije', 'sačuvana rezervna kopija podataka'),
(150, 152, 'potrebno arhiviranje logova', 'potrebna provera licence pre narednog termina'),
(151, 196, 'spreman za sledeću sesiju', 'nije bilo prekida tokom rundi'),
(152, 195, 'spreman za sledeću sesiju', 'učesnici su završili kontrolni upitnik'),
(153, 196, 'ispravan posle sinhronizacije', 'nije bilo prekida tokom rundi'),
(154, 229, 'spreman za sledeću sesiju', 'nije bilo prekida tokom rundi'),
(155, 230, 'ispravan posle sinhronizacije', 'sačuvana rezervna kopija podataka'),
(156, 229, 'ispravan posle sinhronizacije', 'nije bilo prekida tokom rundi'),
(157, 5, 'ispravan', 'potrebna provera licence pre narednog termina'),
(158, 6, 'potrebno arhiviranje logova', 'logovi izvezeni u CSV i provereni'),
(159, 5, 'potrebno arhiviranje logova', 'potrebna provera licence pre narednog termina'),
(160, 57, 'ispravan posle sinhronizacije', 'učesnici su završili kontrolni upitnik'),
(161, 56, 'ispravan posle sinhronizacije', 'sačuvana rezervna kopija podataka'),
(162, 56, 'potrebno arhiviranje logova', 'potrebna provera licence pre narednog termina'),
(163, 106, 'spreman za sledeću sesiju', 'nije bilo prekida tokom rundi'),
(164, 106, 'ispravan', 'dashboard korišćen za praćenje cena u realnom vremenu'),
(165, 107, 'potrebno arhiviranje logova', 'potrebna provera licence pre narednog termina'),
(166, 159, 'ispravan posle sinhronizacije', 'učesnici su završili kontrolni upitnik'),
(167, 158, 'ispravan posle sinhronizacije', 'sačuvana rezervna kopija podataka'),
(168, 158, 'potrebno arhiviranje logova', 'potrebna provera licence pre narednog termina'),
(169, 200, 'ažuriran posle sesije', 'sačuvana rezervna kopija podataka'),
(170, 199, 'ažuriran posle sesije', 'nije bilo prekida tokom rundi'),
(171, 200, 'spreman za sledeću sesiju', 'sačuvana rezervna kopija podataka'),
(172, 234, 'zabeleženo manje kašnjenje', 'logovi izvezeni u CSV i provereni'),
(173, 234, 'spreman za sledeću sesiju', 'učesnici su završili kontrolni upitnik'),
(174, 233, 'spreman za sledeću sesiju', 'sačuvana rezervna kopija podataka'),
(175, 10, 'spreman za sledeću sesiju', 'nije bilo prekida tokom rundi'),
(176, 10, 'ispravan', 'dashboard korišćen za praćenje cena u realnom vremenu'),
(177, 10, 'ispravan posle sinhronizacije', 'nije bilo prekida tokom rundi'),
(178, 63, 'ispravan posle sinhronizacije', 'učesnici su završili kontrolni upitnik'),
(179, 63, 'potrebno arhiviranje logova', 'logovi izvezeni u CSV i provereni'),
(180, 63, 'ažuriran posle sesije', 'učesnici su završili kontrolni upitnik'),
(181, 113, 'ispravan', 'potrebna provera licence pre narednog termina'),
(182, 114, 'potrebno arhiviranje logova', 'logovi izvezeni u CSV i provereni'),
(183, 113, 'potrebno arhiviranje logova', 'potrebna provera licence pre narednog termina'),
(184, 163, 'spreman za sledeću sesiju', 'nije bilo prekida tokom rundi'),
(185, 165, 'potrebno arhiviranje logova', 'logovi izvezeni u CSV i provereni'),
(186, 165, 'ažuriran posle sesije', 'učesnici su završili kontrolni upitnik'),
(187, 204, 'ispravan posle sinhronizacije', 'učesnici su završili kontrolni upitnik'),
(188, 204, 'potrebno arhiviranje logova', 'logovi izvezeni u CSV i provereni'),
(189, 203, 'potrebno arhiviranje logova', 'potrebna provera licence pre narednog termina'),
(190, 238, 'potrebno arhiviranje logova', 'dashboard korišćen za praćenje cena u realnom vremenu'),
(191, 237, 'potrebno arhiviranje logova', 'logovi izvezeni u CSV i provereni'),
(192, 238, 'zabeleženo manje kašnjenje', 'dashboard korišćen za praćenje cena u realnom vremenu'),
(193, 17, 'ispravan', 'potrebna provera licence pre narednog termina'),
(194, 16, 'ispravan', 'dashboard korišćen za praćenje cena u realnom vremenu'),
(195, 16, 'ispravan posle sinhronizacije', 'nije bilo prekida tokom rundi'),
(196, 68, 'ispravan', 'potrebna provera licence pre narednog termina'),
(197, 68, 'ispravan posle sinhronizacije', 'sačuvana rezervna kopija podataka'),
(198, 68, 'potrebno arhiviranje logova', 'potrebna provera licence pre narednog termina'),
(199, 120, 'ispravan posle sinhronizacije', 'učesnici su završili kontrolni upitnik'),
(200, 120, 'potrebno arhiviranje logova', 'logovi izvezeni u CSV i provereni'),
(201, 119, 'potrebno arhiviranje logova', 'potrebna provera licence pre narednog termina'),
(202, 170, 'ispravan', 'potrebna provera licence pre narednog termina'),
(203, 170, 'ispravan posle sinhronizacije', 'sačuvana rezervna kopija podataka'),
(204, 170, 'potrebno arhiviranje logova', 'potrebna provera licence pre narednog termina'),
(205, 207, 'zabeleženo manje kašnjenje', 'logovi izvezeni u CSV i provereni'),
(206, 208, 'ispravan', 'dashboard korišćen za praćenje cena u realnom vremenu'),
(207, 208, 'ispravan posle sinhronizacije', 'nije bilo prekida tokom rundi'),
(208, 241, 'spreman za sledeću sesiju', 'nije bilo prekida tokom rundi'),
(209, 241, 'ispravan', 'dashboard korišćen za praćenje cena u realnom vremenu'),
(210, 241, 'ispravan posle sinhronizacije', 'nije bilo prekida tokom rundi'),
(211, 24, 'ispravan posle sinhronizacije', 'učesnici su završili kontrolni upitnik'),
(212, 23, 'ispravan posle sinhronizacije', 'sačuvana rezervna kopija podataka'),
(213, 75, 'ispravan', 'logovi izvezeni u CSV i provereni'),
(214, 75, 'ispravan posle sinhronizacije', 'učesnici su završili kontrolni upitnik'),
(215, 126, 'spreman za sledeću sesiju', 'učesnici su završili kontrolni upitnik'),
(216, 124, 'zabeleženo manje kašnjenje', 'dashboard korišćen za praćenje cena u realnom vremenu'),
(217, 176, 'ažuriran posle sesije', 'sačuvana rezervna kopija podataka'),
(218, 177, 'spreman za sledeću sesiju', 'učesnici su završili kontrolni upitnik'),
(219, 212, 'spreman za sledeću sesiju', 'sačuvana rezervna kopija podataka'),
(220, 212, 'ispravan', 'potrebna provera licence pre narednog termina'),
(221, 246, 'spreman za sledeću sesiju', 'učesnici su završili kontrolni upitnik'),
(222, 246, 'ispravan', 'logovi izvezeni u CSV i provereni'),
(223, 28, 'spreman za sledeću sesiju', 'nije bilo prekida tokom rundi'),
(224, 28, 'ispravan', 'dashboard korišćen za praćenje cena u realnom vremenu'),
(225, 80, 'spreman za sledeću sesiju', 'sačuvana rezervna kopija podataka'),
(226, 80, 'ispravan', 'potrebna provera licence pre narednog termina'),
(227, 131, 'zabeleženo manje kašnjenje', 'potrebna provera licence pre narednog termina'),
(228, 132, 'ispravan', 'logovi izvezeni u CSV i provereni'),
(229, 182, 'ažuriran posle sesije', 'sačuvana rezervna kopija podataka'),
(230, 181, 'ažuriran posle sesije', 'nije bilo prekida tokom rundi'),
(231, 216, 'ažuriran posle sesije', 'učesnici su završili kontrolni upitnik'),
(232, 216, 'zabeleženo manje kašnjenje', 'logovi izvezeni u CSV i provereni'),
(233, 249, 'potrebno arhiviranje logova', 'logovi izvezeni u CSV i provereni'),
(234, 250, 'zabeleženo manje kašnjenje', 'dashboard korišćen za praćenje cena u realnom vremenu'),
(235, 34, 'spreman za sledeću sesiju', 'nije bilo prekida tokom rundi'),
(236, 35, 'ispravan posle sinhronizacije', 'sačuvana rezervna kopija podataka'),
(237, 87, 'ispravan', 'logovi izvezeni u CSV i provereni'),
(238, 87, 'ispravan posle sinhronizacije', 'učesnici su završili kontrolni upitnik'),
(239, 138, 'spreman za sledeću sesiju', 'učesnici su završili kontrolni upitnik'),
(240, 138, 'ispravan', 'logovi izvezeni u CSV i provereni'),
(241, 186, 'ispravan posle sinhronizacije', 'učesnici su završili kontrolni upitnik'),
(242, 186, 'potrebno arhiviranje logova', 'logovi izvezeni u CSV i provereni'),
(243, 219, 'ispravan', 'logovi izvezeni u CSV i provereni'),
(244, 219, 'ispravan posle sinhronizacije', 'učesnici su završili kontrolni upitnik'),
(245, 254, 'ispravan posle sinhronizacije', 'sačuvana rezervna kopija podataka'),
(246, 253, 'ispravan posle sinhronizacije', 'nije bilo prekida tokom rundi'),
(247, 42, 'ispravan posle sinhronizacije', 'učesnici su završili kontrolni upitnik'),
(248, 40, 'ispravan', 'dashboard korišćen za praćenje cena u realnom vremenu'),
(249, 92, 'spreman za sledeću sesiju', 'sačuvana rezervna kopija podataka'),
(250, 92, 'ispravan', 'potrebna provera licence pre narednog termina'),
(251, 144, 'spreman za sledeću sesiju', 'učesnici su završili kontrolni upitnik'),
(252, 143, 'spreman za sledeću sesiju', 'sačuvana rezervna kopija podataka'),
(253, 189, 'zabeleženo manje kašnjenje', 'logovi izvezeni u CSV i provereni'),
(254, 189, 'spreman za sledeću sesiju', 'učesnici su završili kontrolni upitnik'),
(255, 223, 'zabeleženo manje kašnjenje', 'dashboard korišćen za praćenje cena u realnom vremenu'),
(256, 223, 'spreman za sledeću sesiju', 'nije bilo prekida tokom rundi'),
(257, 258, 'spreman za sledeću sesiju', 'učesnici su završili kontrolni upitnik'),
(258, 257, 'spreman za sledeću sesiju', 'sačuvana rezervna kopija podataka'),
(259, 47, 'ispravan', 'potrebna provera licence pre narednog termina'),
(260, 48, 'potrebno arhiviranje logova', 'logovi izvezeni u CSV i provereni'),
(261, 97, 'zabeleženo manje kašnjenje', 'dashboard korišćen za praćenje cena u realnom vremenu'),
(262, 98, 'ispravan', 'potrebna provera licence pre narednog termina'),
(263, 149, 'zabeleženo manje kašnjenje', 'potrebna provera licence pre narednog termina'),
(264, 149, 'spreman za sledeću sesiju', 'sačuvana rezervna kopija podataka'),
(265, 194, 'ažuriran posle sesije', 'sačuvana rezervna kopija podataka'),
(266, 193, 'ažuriran posle sesije', 'nije bilo prekida tokom rundi'),
(267, 227, 'potrebno arhiviranje logova', 'potrebna provera licence pre narednog termina'),
(268, 227, 'ažuriran posle sesije', 'sačuvana rezervna kopija podataka'),
(269, 3, 'potrebno arhiviranje logova', 'logovi izvezeni u CSV i provereni'),
(270, 3, 'ažuriran posle sesije', 'učesnici su završili kontrolni upitnik'),
(271, 53, 'ispravan', 'potrebna provera licence pre narednog termina'),
(272, 54, 'potrebno arhiviranje logova', 'logovi izvezeni u CSV i provereni'),
(273, 104, 'spreman za sledeću sesiju', 'sačuvana rezervna kopija podataka'),
(274, 104, 'ispravan', 'potrebna provera licence pre narednog termina'),
(275, 154, 'ažuriran posle sesije', 'nije bilo prekida tokom rundi'),
(276, 154, 'zabeleženo manje kašnjenje', 'dashboard korišćen za praćenje cena u realnom vremenu'),
(277, 198, 'ispravan posle sinhronizacije', 'učesnici su završili kontrolni upitnik'),
(278, 197, 'ispravan posle sinhronizacije', 'sačuvana rezervna kopija podataka'),
(279, 232, 'ispravan posle sinhronizacije', 'nije bilo prekida tokom rundi'),
(280, 231, 'ispravan posle sinhronizacije', 'učesnici su završili kontrolni upitnik'),
(281, 9, 'potrebno arhiviranje logova', 'logovi izvezeni u CSV i provereni'),
(282, 7, 'ispravan posle sinhronizacije', 'nije bilo prekida tokom rundi'),
(283, 58, 'spreman za sledeću sesiju', 'nije bilo prekida tokom rundi'),
(284, 58, 'ispravan', 'dashboard korišćen za praćenje cena u realnom vremenu'),
(285, 109, 'zabeleženo manje kašnjenje', 'dashboard korišćen za praćenje cena u realnom vremenu'),
(286, 109, 'spreman za sledeću sesiju', 'nije bilo prekida tokom rundi'),
(287, 160, 'ažuriran posle sesije', 'nije bilo prekida tokom rundi'),
(288, 161, 'spreman za sledeću sesiju', 'sačuvana rezervna kopija podataka'),
(289, 201, 'zabeleženo manje kašnjenje', 'logovi izvezeni u CSV i provereni'),
(290, 201, 'spreman za sledeću sesiju', 'učesnici su završili kontrolni upitnik'),
(291, 235, 'zabeleženo manje kašnjenje', 'dashboard korišćen za praćenje cena u realnom vremenu'),
(292, 236, 'ispravan', 'potrebna provera licence pre narednog termina'),
(293, 13, 'ispravan', 'dashboard korišćen za praćenje cena u realnom vremenu'),
(294, 14, 'potrebno arhiviranje logova', 'potrebna provera licence pre narednog termina'),
(295, 64, 'spreman za sledeću sesiju', 'nije bilo prekida tokom rundi'),
(296, 65, 'ispravan posle sinhronizacije', 'sačuvana rezervna kopija podataka'),
(297, 117, 'ispravan', 'logovi izvezeni u CSV i provereni'),
(298, 115, 'spreman za sledeću sesiju', 'nije bilo prekida tokom rundi'),
(299, 167, 'zabeleženo manje kašnjenje', 'potrebna provera licence pre narednog termina'),
(300, 167, 'spreman za sledeću sesiju', 'sačuvana rezervna kopija podataka'),
(301, 205, 'potrebno arhiviranje logova', 'dashboard korišćen za praćenje cena u realnom vremenu'),
(302, 206, 'zabeleženo manje kašnjenje', 'potrebna provera licence pre narednog termina'),
(303, 240, 'ažuriran posle sesije', 'učesnici su završili kontrolni upitnik'),
(304, 240, 'zabeleženo manje kašnjenje', 'logovi izvezeni u CSV i provereni'),
(305, 20, 'ispravan posle sinhronizacije', 'sačuvana rezervna kopija podataka'),
(306, 20, 'potrebno arhiviranje logova', 'potrebna provera licence pre narednog termina'),
(307, 70, 'spreman za sledeću sesiju', 'nije bilo prekida tokom rundi'),
(308, 70, 'ispravan', 'dashboard korišćen za praćenje cena u realnom vremenu'),
(309, 123, 'ispravan', 'logovi izvezeni u CSV i provereni'),
(310, 123, 'ispravan posle sinhronizacije', 'učesnici su završili kontrolni upitnik'),
(311, 174, 'spreman za sledeću sesiju', 'učesnici su završili kontrolni upitnik'),
(312, 174, 'ispravan', 'logovi izvezeni u CSV i provereni'),
(313, 209, 'ispravan', 'potrebna provera licence pre narednog termina'),
(314, 209, 'ispravan posle sinhronizacije', 'sačuvana rezervna kopija podataka'),
(315, 243, 'ispravan', 'logovi izvezeni u CSV i provereni'),
(316, 244, 'potrebno arhiviranje logova', 'dashboard korišćen za praćenje cena u realnom vremenu'),
(317, 26, 'ispravan posle sinhronizacije', 'sačuvana rezervna kopija podataka'),
(318, 27, 'ažuriran posle sesije', 'učesnici su završili kontrolni upitnik'),
(319, 76, 'spreman za sledeću sesiju', 'nije bilo prekida tokom rundi'),
(320, 76, 'ispravan', 'dashboard korišćen za praćenje cena u realnom vremenu'),
(321, 127, 'zabeleženo manje kašnjenje', 'dashboard korišćen za praćenje cena u realnom vremenu'),
(322, 129, 'ispravan posle sinhronizacije', 'učesnici su završili kontrolni upitnik'),
(323, 180, 'spreman za sledeću sesiju', 'učesnici su završili kontrolni upitnik'),
(324, 178, 'zabeleženo manje kašnjenje', 'dashboard korišćen za praćenje cena u realnom vremenu'),
(325, 213, 'zabeleženo manje kašnjenje', 'logovi izvezeni u CSV i provereni'),
(326, 214, 'ispravan', 'dashboard korišćen za praćenje cena u realnom vremenu'),
(327, 248, 'spreman za sledeću sesiju', 'sačuvana rezervna kopija podataka'),
(328, 248, 'ispravan', 'potrebna provera licence pre narednog termina'),
(329, 33, 'potrebno arhiviranje logova', 'logovi izvezeni u CSV i provereni'),
(330, 33, 'ažuriran posle sesije', 'učesnici su završili kontrolni upitnik'),
(331, 84, 'ispravan posle sinhronizacije', 'učesnici su završili kontrolni upitnik'),
(332, 84, 'potrebno arhiviranje logova', 'logovi izvezeni u CSV i provereni'),
(333, 133, 'zabeleženo manje kašnjenje', 'dashboard korišćen za praćenje cena u realnom vremenu'),
(334, 134, 'ispravan', 'potrebna provera licence pre narednog termina'),
(335, 183, 'potrebno arhiviranje logova', 'logovi izvezeni u CSV i provereni'),
(336, 183, 'ažuriran posle sesije', 'učesnici su završili kontrolni upitnik'),
(337, 218, 'ažuriran posle sesije', 'sačuvana rezervna kopija podataka'),
(338, 218, 'zabeleženo manje kašnjenje', 'potrebna provera licence pre narednog termina'),
(339, 252, 'ažuriran posle sesije', 'učesnici su završili kontrolni upitnik'),
(340, 252, 'zabeleženo manje kašnjenje', 'logovi izvezeni u CSV i provereni'),
(341, 37, 'ispravan', 'dashboard korišćen za praćenje cena u realnom vremenu'),
(342, 37, 'ispravan posle sinhronizacije', 'nije bilo prekida tokom rundi'),
(343, 88, 'spreman za sledeću sesiju', 'nije bilo prekida tokom rundi'),
(344, 88, 'ispravan', 'dashboard korišćen za praćenje cena u realnom vremenu'),
(345, 141, 'ispravan', 'logovi izvezeni u CSV i provereni'),
(346, 139, 'spreman za sledeću sesiju', 'nije bilo prekida tokom rundi'),
(347, 188, 'ispravan posle sinhronizacije', 'sačuvana rezervna kopija podataka'),
(348, 187, 'ispravan posle sinhronizacije', 'nije bilo prekida tokom rundi'),
(349, 222, 'ispravan posle sinhronizacije', 'učesnici su završili kontrolni upitnik'),
(350, 222, 'potrebno arhiviranje logova', 'logovi izvezeni u CSV i provereni'),
(351, 255, 'ispravan', 'logovi izvezeni u CSV i provereni'),
(352, 256, 'potrebno arhiviranje logova', 'dashboard korišćen za praćenje cena u realnom vremenu'),
(353, 45, 'potrebno arhiviranje logova', 'logovi izvezeni u CSV i provereni'),
(354, 45, 'ažuriran posle sesije', 'učesnici su završili kontrolni upitnik'),
(355, 96, 'ispravan posle sinhronizacije', 'učesnici su završili kontrolni upitnik'),
(356, 96, 'potrebno arhiviranje logova', 'logovi izvezeni u CSV i provereni'),
(357, 146, 'spreman za sledeću sesiju', 'sačuvana rezervna kopija podataka'),
(358, 147, 'ispravan posle sinhronizacije', 'učesnici su završili kontrolni upitnik'),
(359, 191, 'zabeleženo manje kašnjenje', 'potrebna provera licence pre narednog termina'),
(360, 191, 'spreman za sledeću sesiju', 'sačuvana rezervna kopija podataka'),
(361, 225, 'zabeleženo manje kašnjenje', 'logovi izvezeni u CSV i provereni'),
(362, 225, 'spreman za sledeću sesiju', 'učesnici su završili kontrolni upitnik'),
(363, 260, 'spreman za sledeću sesiju', 'sačuvana rezervna kopija podataka'),
(364, 260, 'ispravan', 'potrebna provera licence pre narednog termina'),
(365, 50, 'ispravan posle sinhronizacije', 'sačuvana rezervna kopija podataka'),
(366, 50, 'potrebno arhiviranje logova', 'potrebna provera licence pre narednog termina'),
(367, 102, 'ispravan posle sinhronizacije', 'učesnici su završili kontrolni upitnik'),
(368, 102, 'potrebno arhiviranje logova', 'logovi izvezeni u CSV i provereni'),
(369, 151, 'zabeleženo manje kašnjenje', 'dashboard korišćen za praćenje cena u realnom vremenu'),
(370, 151, 'spreman za sledeću sesiju', 'nije bilo prekida tokom rundi'),
(371, 196, 'ažuriran posle sesije', 'nije bilo prekida tokom rundi'),
(372, 196, 'zabeleženo manje kašnjenje', 'dashboard korišćen za praćenje cena u realnom vremenu'),
(373, 230, 'ažuriran posle sesije', 'sačuvana rezervna kopija podataka'),
(374, 230, 'zabeleženo manje kašnjenje', 'potrebna provera licence pre narednog termina'),
(375, 5, 'potrebno arhiviranje logova', 'potrebna provera licence pre narednog termina'),
(376, 5, 'ažuriran posle sesije', 'sačuvana rezervna kopija podataka'),
(377, 55, 'ispravan', 'dashboard korišćen za praćenje cena u realnom vremenu'),
(378, 56, 'potrebno arhiviranje logova', 'potrebna provera licence pre narednog termina'),
(379, 108, 'ispravan posle sinhronizacije', 'učesnici su završili kontrolni upitnik'),
(380, 106, 'ispravan', 'dashboard korišćen za praćenje cena u realnom vremenu'),
(381, 158, 'spreman za sledeću sesiju', 'sačuvana rezervna kopija podataka'),
(382, 157, 'spreman za sledeću sesiju', 'nije bilo prekida tokom rundi'),
(383, 199, 'ispravan', 'dashboard korišćen za praćenje cena u realnom vremenu'),
(384, 200, 'potrebno arhiviranje logova', 'potrebna provera licence pre narednog termina'),
(385, 234, 'ispravan posle sinhronizacije', 'učesnici su završili kontrolni upitnik'),
(386, 233, 'ispravan posle sinhronizacije', 'sačuvana rezervna kopija podataka'),
(387, 10, 'ispravan posle sinhronizacije', 'nije bilo prekida tokom rundi'),
(388, 10, 'potrebno arhiviranje logova', 'dashboard korišćen za praćenje cena u realnom vremenu'),
(389, 62, 'ispravan posle sinhronizacije', 'sačuvana rezervna kopija podataka'),
(390, 63, 'ažuriran posle sesije', 'učesnici su završili kontrolni upitnik'),
(391, 113, 'ispravan', 'potrebna provera licence pre narednog termina'),
(392, 113, 'ispravan posle sinhronizacije', 'sačuvana rezervna kopija podataka'),
(393, 165, 'ispravan', 'logovi izvezeni u CSV i provereni'),
(394, 163, 'spreman za sledeću sesiju', 'nije bilo prekida tokom rundi'),
(395, 204, 'spreman za sledeću sesiju', 'učesnici su završili kontrolni upitnik'),
(396, 204, 'ispravan', 'logovi izvezeni u CSV i provereni'),
(397, 238, 'spreman za sledeću sesiju', 'nije bilo prekida tokom rundi'),
(398, 238, 'ispravan', 'dashboard korišćen za praćenje cena u realnom vremenu'),
(399, 16, 'ispravan posle sinhronizacije', 'nije bilo prekida tokom rundi'),
(400, 16, 'potrebno arhiviranje logova', 'dashboard korišćen za praćenje cena u realnom vremenu'),
(401, 68, 'ispravan posle sinhronizacije', 'sačuvana rezervna kopija podataka'),
(402, 67, 'ispravan posle sinhronizacije', 'nije bilo prekida tokom rundi'),
(403, 119, 'ispravan', 'potrebna provera licence pre narednog termina'),
(404, 119, 'ispravan posle sinhronizacije', 'sačuvana rezervna kopija podataka'),
(405, 171, 'ispravan', 'logovi izvezeni u CSV i provereni'),
(406, 171, 'ispravan posle sinhronizacije', 'učesnici su završili kontrolni upitnik'),
(407, 207, 'potrebno arhiviranje logova', 'logovi izvezeni u CSV i provereni'),
(408, 208, 'zabeleženo manje kašnjenje', 'dashboard korišćen za praćenje cena u realnom vremenu'),
(409, 242, 'ažuriran posle sesije', 'sačuvana rezervna kopija podataka'),
(410, 241, 'ažuriran posle sesije', 'nije bilo prekida tokom rundi'),
(411, 22, 'ispravan posle sinhronizacije', 'nije bilo prekida tokom rundi'),
(412, 24, 'zabeleženo manje kašnjenje', 'logovi izvezeni u CSV i provereni'),
(413, 74, 'ispravan posle sinhronizacije', 'sačuvana rezervna kopija podataka'),
(414, 74, 'potrebno arhiviranje logova', 'potrebna provera licence pre narednog termina'),
(415, 125, 'ispravan', 'potrebna provera licence pre narednog termina'),
(416, 124, 'ispravan', 'dashboard korišćen za praćenje cena u realnom vremenu'),
(417, 175, 'zabeleženo manje kašnjenje', 'dashboard korišćen za praćenje cena u realnom vremenu'),
(418, 175, 'spreman za sledeću sesiju', 'nije bilo prekida tokom rundi'),
(419, 212, 'ispravan posle sinhronizacije', 'sačuvana rezervna kopija podataka'),
(420, 211, 'ispravan posle sinhronizacije', 'nije bilo prekida tokom rundi'),
(421, 246, 'ispravan posle sinhronizacije', 'učesnici su završili kontrolni upitnik'),
(422, 245, 'ispravan posle sinhronizacije', 'sačuvana rezervna kopija podataka'),
(423, 30, 'ažuriran posle sesije', 'učesnici su završili kontrolni upitnik'),
(424, 30, 'zabeleženo manje kašnjenje', 'logovi izvezeni u CSV i provereni'),
(425, 80, 'ispravan posle sinhronizacije', 'sačuvana rezervna kopija podataka'),
(426, 79, 'ispravan posle sinhronizacije', 'nije bilo prekida tokom rundi'),
(427, 132, 'ispravan posle sinhronizacije', 'učesnici su završili kontrolni upitnik'),
(428, 130, 'ispravan', 'dashboard korišćen za praćenje cena u realnom vremenu'),
(429, 182, 'spreman za sledeću sesiju', 'sačuvana rezervna kopija podataka'),
(430, 181, 'spreman za sledeću sesiju', 'nije bilo prekida tokom rundi'),
(296, 64, 'ispravan', 'dashboard korišćen za praćenje cena u realnom vremenu'),
(352, 255, 'ispravan posle sinhronizacije', 'učesnici su završili kontrolni upitnik'),
(391, 114, 'ispravan posle sinhronizacije', 'učesnici su završili kontrolni upitnik'),
(72, 25, 'ispravan posle sinhronizacije', 'nije bilo prekida tokom rundi'),
(201, 120, 'ažuriran posle sesije', 'učesnici su završili kontrolni upitnik'),
(274, 103, 'spreman za sledeću sesiju', 'nije bilo prekida tokom rundi'),
(97, 183, 'zabeleženo manje kašnjenje', 'logovi izvezeni u CSV i provereni'),
(328, 247, 'spreman za sledeću sesiju', 'nije bilo prekida tokom rundi'),
(54, 19, 'ispravan posle sinhronizacije', 'nije bilo prekida tokom rundi'),
(17, 7, 'ispravan', 'dashboard korišćen za praćenje cena u realnom vremenu'),
(14, 232, 'ispravan', 'dashboard korišćen za praćenje cena u realnom vremenu'),
(102, 217, 'ispravan posle sinhronizacije', 'nije bilo prekida tokom rundi'),
(198, 69, 'ažuriran posle sesije', 'učesnici su završili kontrolni upitnik'),
(88, 31, 'spreman za sledeću sesiju', 'nije bilo prekida tokom rundi'),
(211, 23, 'ispravan', 'potrebna provera licence pre narednog termina'),
(67, 244, 'spreman za sledeću sesiju', 'nije bilo prekida tokom rundi'),
(245, 253, 'ispravan', 'dashboard korišćen za praćenje cena u realnom vremenu'),
(159, 6, 'ažuriran posle sesije', 'učesnici su završili kontrolni upitnik'),
(82, 214, 'potrebno arhiviranje logova', 'dashboard korišćen za praćenje cena u realnom vremenu'),
(258, 258, 'ispravan', 'logovi izvezeni u CSV i provereni'),
(229, 181, 'potrebno arhiviranje logova', 'dashboard korišćen za praćenje cena u realnom vremenu'),
(310, 121, 'spreman za sledeću sesiju', 'nije bilo prekida tokom rundi'),
(213, 73, 'zabeleženo manje kašnjenje', 'dashboard korišćen za praćenje cena u realnom vremenu'),
(92, 84, 'potrebno arhiviranje logova', 'logovi izvezeni u CSV i provereni'),
(235, 35, 'ispravan', 'potrebna provera licence pre narednog termina'),
(338, 217, 'ažuriran posle sesije', 'nije bilo prekida tokom rundi'),
(358, 146, 'ispravan', 'potrebna provera licence pre narednog termina'),
(202, 169, 'spreman za sledeću sesiju', 'nije bilo prekida tokom rundi'),
(123, 256, 'ispravan posle sinhronizacije', 'nije bilo prekida tokom rundi'),
(141, 260, 'spreman za sledeću sesiju', 'sačuvana rezervna kopija podataka'),
(253, 190, 'spreman za sledeću sesiju', 'nije bilo prekida tokom rundi'),
(210, 242, 'potrebno arhiviranje logova', 'potrebna provera licence pre narednog termina'),
(85, 247, 'potrebno arhiviranje logova', 'dashboard korišćen za praćenje cena u realnom vremenu'),
(107, 37, 'ispravan', 'dashboard korišćen za praćenje cena u realnom vremenu'),
(237, 85, 'zabeleženo manje kašnjenje', 'dashboard korišćen za praćenje cena u realnom vremenu'),
(196, 69, 'ispravan posle sinhronizacije', 'učesnici su završili kontrolni upitnik'),
(382, 158, 'ispravan', 'potrebna provera licence pre narednog termina'),
(100, 218, 'ispravan', 'potrebna provera licence pre narednog termina'),
(20, 59, 'ispravan posle sinhronizacije', 'sačuvana rezervna kopija podataka'),
(364, 259, 'spreman za sledeću sesiju', 'nije bilo prekida tokom rundi'),
(168, 159, 'ažuriran posle sesije', 'učesnici su završili kontrolni upitnik'),
(249, 93, 'ispravan', 'logovi izvezeni u CSV i provereni'),
(83, 213, 'potrebno arhiviranje logova', 'logovi izvezeni u CSV i provereni'),
(311, 173, 'zabeleženo manje kašnjenje', 'potrebna provera licence pre narednog termina'),
(87, 248, 'spreman za sledeću sesiju', 'sačuvana rezervna kopija podataka'),
(79, 179, 'ispravan', 'potrebna provera licence pre narednog termina'),
(429, 181, 'zabeleženo manje kašnjenje', 'dashboard korišćen za praćenje cena u realnom vremenu'),
(200, 119, 'ispravan posle sinhronizacije', 'sačuvana rezervna kopija podataka'),
(228, 131, 'spreman za sledeću sesiju', 'sačuvana rezervna kopija podataka'),
(25, 161, 'ispravan', 'potrebna provera licence pre narednog termina'),
(393, 163, 'zabeleženo manje kašnjenje', 'dashboard korišćen za praćenje cena u realnom vremenu'),
(8, 156, 'potrebno arhiviranje logova', 'logovi izvezeni u CSV i provereni'),
(421, 245, 'ispravan', 'potrebna provera licence pre narednog termina'),
(349, 221, 'ispravan', 'potrebna provera licence pre narednog termina'),
(113, 139, 'ispravan', 'dashboard korišćen za praćenje cena u realnom vremenu'),
(409, 241, 'potrebno arhiviranje logova', 'dashboard korišćen za praćenje cena u realnom vremenu'),
(371, 195, 'potrebno arhiviranje logova', 'logovi izvezeni u CSV i provereni'),
(23, 111, 'potrebno arhiviranje logova', 'logovi izvezeni u CSV i provereni'),
(166, 158, 'ispravan', 'potrebna provera licence pre narednog termina'),
(278, 198, 'potrebno arhiviranje logova', 'logovi izvezeni u CSV i provereni'),
(220, 211, 'spreman za sledeću sesiju', 'nije bilo prekida tokom rundi'),
(119, 221, 'zabeleženo manje kašnjenje', 'potrebna provera licence pre narednog termina'),
(7, 156, 'ispravan posle sinhronizacije', 'učesnici su završili kontrolni upitnik'),
(109, 90, 'ispravan posle sinhronizacije', 'učesnici su završili kontrolni upitnik'),
(333, 134, 'spreman za sledeću sesiju', 'sačuvana rezervna kopija podataka'),
(308, 71, 'ispravan posle sinhronizacije', 'sačuvana rezervna kopija podataka'),
(324, 180, 'ispravan', 'logovi izvezeni u CSV i provereni'),
(342, 39, 'ažuriran posle sesije', 'učesnici su završili kontrolni upitnik'),
(35, 15, 'potrebno arhiviranje logova', 'logovi izvezeni u CSV i provereni'),
(316, 243, 'ispravan posle sinhronizacije', 'učesnici su završili kontrolni upitnik');

-- Kraj seed fajla.
